Employee_ID,Month,Tasks_Completed,Sales_Revenue,Accuracy_Percent,Attendance_Percent,Productivity_Hours,Performance_Score
EMP0001,2023-01,70,0.0,88.95,97.3,161.4,70.61
EMP0001,2023-02,21,0.0,98.8,86.2,134.4,43.57
EMP0001,2023-03,34,0.0,84.02,96.6,157.6,46.85
EMP0001,2023-04,37,0.0,90.86,91.0,148.9,46.88
EMP0001,2023-05,36,0.0,85.95,85.6,129.5,25.31
EMP0001,2023-06,41,0.0,94.12,91.1,149.2,54.32
EMP0001,2023-07,63,0.0,98.07,90.4,139.0,67.85
EMP0001,2023-08,31,0.0,93.65,86.2,143.4,38.31
EMP0001,2023-09,68,0.0,87.58,88.9,159.8,47.87
EMP0001,2023-10,78,0.0,99.6,95.9,148.7,88.98
EMP0001,2023-11,46,0.0,83.21,94.7,148.3,45.5
EMP0001,2023-12,24,0.0,85.98,85.3,142.8,20.16
EMP0002,2023-01,36,0.0,97.3,86.5,183.5,47.27
EMP0002,2023-02,33,0.0,98.41,85.8,183.5,46.46
EMP0002,2023-03,25,0.0,97.12,85.5,181.3,40.5
EMP0002,2023-04,67,0.0,87.01,85.4,178.1,38.33
EMP0002,2023-05,60,0.0,98.36,96.8,155.2,82.16
EMP0002,2023-06,52,0.0,98.87,97.9,127.9,82.62
EMP0002,2023-07,32,0.0,86.37,93.7,172.2,43.45
EMP0002,2023-08,56,0.0,91.74,95.5,146.2,66.04
EMP0002,2023-09,41,0.0,94.6,93.2,154.7,60.06
EMP0002,2023-10,43,0.0,94.52,89.3,144.8,51.57
EMP0002,2023-11,55,0.0,92.3,90.1,150.5,54.05
EMP0002,2023-12,76,0.0,94.37,94.3,160.4,75.35
EMP0003,2023-01,66,0.0,95.56,86.9,152.9,56.41
EMP0003,2023-02,71,0.0,94.66,96.2,141.0,78.41
EMP0003,2023-03,29,0.0,97.26,94.0,125.4,62.08
EMP0003,2023-04,45,0.0,99.1,99.4,149.6,83.9
EMP0003,2023-05,44,0.0,86.17,99.6,155.4,61.36
EMP0003,2023-06,34,0.0,89.13,96.2,132.7,54.86
EMP0003,2023-07,62,0.0,88.05,98.8,166.0,69.54
EMP0003,2023-08,77,0.0,86.74,86.7,167.3,44.64
EMP0003,2023-09,53,0.0,98.73,94.8,145.4,75.52
EMP0003,2023-10,37,0.0,84.01,99.8,169.8,55.43
EMP0003,2023-11,36,0.0,90.22,89.6,132.7,42.12
EMP0003,2023-12,51,0.0,91.56,85.9,125.2,41.46
EMP0004,2023-01,63,0.0,82.15,99.7,179.8,61.69
EMP0004,2023-02,77,0.0,96.07,98.3,132.5,88.03
EMP0004,2023-03,22,0.0,86.16,98.5,174.3,50.53
EMP0004,2023-04,43,0.0,94.02,98.3,146.6,71.69
EMP0004,2023-05,70,0.0,95.98,90.0,177.7,65.88
EMP0004,2023-06,61,0.0,86.43,99.4,170.5,67.73
EMP0004,2023-07,74,0.0,83.21,93.4,148.1,52.97
EMP0004,2023-08,45,0.0,91.04,88.2,156.0,43.66
EMP0004,2023-09,22,0.0,94.11,89.4,140.8,43.21
EMP0004,2023-10,72,0.0,86.42,96.5,151.3,65.07
EMP0004,2023-11,58,0.0,86.74,90.1,156.2,45.44
EMP0004,2023-12,30,0.0,88.93,96.0,134.0,52.54
EMP0005,2023-01,54,0.0,86.66,89.5,184.5,42.4
EMP0005,2023-02,29,0.0,90.16,93.6,184.7,48.72
EMP0005,2023-03,27,0.0,88.68,98.3,183.9,56.35
EMP0005,2023-04,24,0.0,82.28,97.8,128.1,42.86
EMP0005,2023-05,75,0.0,85.53,97.5,133.7,66.97
EMP0005,2023-06,63,0.0,98.73,90.6,173.4,69.47
EMP0005,2023-07,57,0.0,91.02,90.9,169.2,54.43
EMP0005,2023-08,45,0.0,84.04,88.6,129.8,32.34
EMP0005,2023-09,70,0.0,91.66,95.8,180.1,71.85
EMP0005,2023-10,48,0.0,91.08,95.8,136.7,62.59
EMP0005,2023-11,45,0.0,83.72,93.6,149.0,43.45
EMP0005,2023-12,31,0.0,98.9,88.3,145.9,52.4
EMP0006,2023-01,52,0.0,95.29,93.5,122.3,66.09
EMP0006,2023-02,64,0.0,83.35,96.5,129.6,56.7
EMP0006,2023-03,32,0.0,83.45,92.7,175.6,36.0
EMP0006,2023-04,56,0.0,95.24,88.8,153.8,56.54
EMP0006,2023-05,24,0.0,84.58,90.8,126.8,30.55
EMP0006,2023-06,45,0.0,91.57,90.1,148.9,49.02
EMP0006,2023-07,21,0.0,92.61,91.4,162.4,44.88
EMP0006,2023-08,60,0.0,99.06,96.9,143.4,83.62
EMP0006,2023-09,39,0.0,91.47,86.6,169.3,38.43
EMP0006,2023-10,32,0.0,95.6,85.9,135.3,41.4
EMP0006,2023-11,71,0.0,84.85,97.4,140.0,64.05
EMP0006,2023-12,42,0.0,86.46,95.6,147.7,51.79
EMP0007,2023-01,47,0.0,88.39,94.5,151.0,54.47
EMP0007,2023-02,48,0.0,99.48,94.9,174.4,75.19
EMP0007,2023-03,30,0.0,94.76,95.6,182.0,61.81
EMP0007,2023-04,70,0.0,86.5,95.1,148.1,61.19
EMP0007,2023-05,50,0.0,82.02,98.0,144.9,52.62
EMP0007,2023-06,24,0.0,89.84,89.2,147.0,36.02
EMP0007,2023-07,50,0.0,95.22,98.4,122.3,76.65
EMP0007,2023-08,70,0.0,82.72,85.7,138.8,32.64
EMP0007,2023-09,76,0.0,95.94,98.0,132.8,86.73
EMP0007,2023-10,41,0.0,93.78,86.3,146.0,42.52
EMP0007,2023-11,44,0.0,99.53,90.1,182.2,62.58
EMP0007,2023-12,28,0.0,84.91,95.5,148.2,43.59
EMP0008,2023-01,54,0.0,98.17,94.2,183.2,73.51
EMP0008,2023-02,73,0.0,88.12,98.1,123.6,72.15
EMP0008,2023-03,79,0.0,84.95,88.9,166.1,47.39
EMP0008,2023-04,59,0.0,97.91,89.1,138.9,63.03
EMP0008,2023-05,44,0.0,90.24,91.2,140.5,48.89
EMP0008,2023-06,44,0.0,82.46,94.8,134.6,43.67
EMP0008,2023-07,76,0.0,92.18,92.5,152.3,67.32
EMP0008,2023-08,72,0.0,86.09,90.9,134.9,51.42
EMP0008,2023-09,73,0.0,86.83,85.1,147.6,39.56
EMP0008,2023-10,51,0.0,86.75,96.7,125.3,58.24
EMP0008,2023-11,74,0.0,83.5,99.1,157.5,66.77
EMP0008,2023-12,52,0.0,84.03,91.8,151.6,42.42
EMP0009,2023-01,45,0.0,95.0,89.9,158.1,54.56
EMP0009,2023-02,69,0.0,91.24,96.6,150.9,72.61
EMP0009,2023-03,64,0.0,94.06,98.6,177.1,80.34
EMP0009,2023-04,54,0.0,84.67,92.4,123.0,45.69
EMP0009,2023-05,41,0.0,93.44,92.3,169.4,55.93
EMP0009,2023-06,68,0.0,98.9,87.0,142.3,63.24
EMP0009,2023-07,55,0.0,93.58,98.7,184.3,76.36
EMP0009,2023-08,65,0.0,88.6,89.9,123.6,50.86
EMP0009,2023-09,36,0.0,85.38,94.8,153.2,45.78
EMP0009,2023-10,53,0.0,97.82,93.8,164.7,71.59
EMP0009,2023-11,42,0.0,82.34,92.7,146.6,37.81
EMP0009,2023-12,46,0.0,92.5,94.0,149.4,60.12
EMP0010,2023-01,53,0.0,98.65,98.5,121.4,84.01
EMP0010,2023-02,63,0.0,96.02,88.2,173.2,59.13
EMP0010,2023-03,26,0.0,90.36,95.2,169.5,51.68
EMP0010,2023-04,58,0.0,90.24,98.1,162.2,70.24
EMP0010,2023-05,21,0.0,97.4,93.9,181.7,59.09
EMP0010,2023-06,75,0.0,88.3,93.4,132.0,62.25
EMP0010,2023-07,51,0.0,92.66,90.2,130.8,53.41
EMP0010,2023-08,36,0.0,85.0,88.6,177.2,30.65
EMP0010,2023-09,74,0.0,95.37,96.8,144.4,82.18
EMP0010,2023-10,24,0.0,91.67,88.6,126.7,37.82
EMP0010,2023-11,62,0.0,94.81,90.4,153.2,61.77
EMP0010,2023-12,71,0.0,96.89,99.1,184.9,89.08
EMP0011,2023-01,66,0.0,96.94,94.5,133.8,76.56
EMP0011,2023-02,70,0.0,86.09,99.3,184.3,70.27
EMP0011,2023-03,43,0.0,95.77,91.6,134.2,59.12
EMP0011,2023-04,26,0.0,99.19,93.8,144.4,63.87
EMP0011,2023-05,49,0.0,87.78,91.1,176.3,46.22
EMP0011,2023-06,58,0.0,93.38,89.9,182.2,56.6
EMP0011,2023-07,59,0.0,90.64,93.9,146.0,61.51
EMP0011,2023-08,53,0.0,82.15,92.1,162.9,40.2
EMP0011,2023-09,61,0.0,94.33,92.8,178.7,66.15
EMP0011,2023-10,63,0.0,95.53,86.7,155.7,54.77
EMP0011,2023-11,57,0.0,85.37,99.9,143.7,65.54
EMP0011,2023-12,25,0.0,98.22,94.5,160.3,63.43
EMP0012,2023-01,49,0.0,88.34,97.9,166.6,63.07
EMP0012,2023-02,40,0.0,98.89,90.0,147.2,59.72
EMP0012,2023-03,38,0.0,95.29,96.3,159.8,67.37
EMP0012,2023-04,61,0.0,86.79,87.3,180.0,40.12
EMP0012,2023-05,68,0.0,95.76,85.8,153.4,54.95
EMP0012,2023-06,74,0.0,88.23,88.9,122.4,51.25
EMP0012,2023-07,45,0.0,93.49,92.8,157.9,58.68
EMP0012,2023-08,65,0.0,97.55,86.1,131.6,57.65
EMP0012,2023-09,51,0.0,96.57,98.3,168.6,79.16
EMP0012,2023-10,45,0.0,95.56,94.6,144.8,66.5
EMP0012,2023-11,55,0.0,83.69,98.2,132.3,57.88
EMP0012,2023-12,77,0.0,94.31,96.6,139.8,80.98
EMP0013,2023-01,62,0.0,92.95,92.3,147.9,62.95
EMP0013,2023-02,62,0.0,86.1,93.0,134.0,52.59
EMP0013,2023-03,41,0.0,83.89,89.6,150.1,32.92
EMP0013,2023-04,67,0.0,87.02,92.2,141.0,54.21
EMP0013,2023-05,50,0.0,84.45,99.6,137.7,60.6
EMP0013,2023-06,44,0.0,88.35,93.3,181.9,50.48
EMP0013,2023-07,20,0.0,91.54,87.9,137.8,34.46
EMP0013,2023-08,28,0.0,95.99,90.9,135.8,52.25
EMP0013,2023-09,47,0.0,92.82,91.0,123.2,54.06
EMP0013,2023-10,25,0.0,83.86,98.0,178.8,46.46
EMP0013,2023-11,44,0.0,93.59,88.4,167.9,48.22
EMP0013,2023-12,43,0.0,94.84,88.3,177.6,49.8
EMP0014,2023-01,50,0.0,94.65,87.6,124.1,50.45
EMP0014,2023-02,36,0.0,88.33,93.4,155.2,47.68
EMP0014,2023-03,20,0.0,83.27,93.8,160.1,33.76
EMP0014,2023-04,54,0.0,83.75,90.3,183.1,39.18
EMP0014,2023-05,30,0.0,93.54,99.4,159.1,68.55
EMP0014,2023-06,40,0.0,90.27,90.7,167.6,46.27
EMP0014,2023-07,64,0.0,91.73,90.3,175.8,56.89
EMP0014,2023-08,68,0.0,96.02,86.3,130.0,56.57
EMP0014,2023-09,56,0.0,95.63,86.9,129.8,52.79
EMP0014,2023-10,28,0.0,98.76,99.1,154.3,76.23
EMP0014,2023-11,70,0.0,96.37,85.5,147.0,56.06
EMP0014,2023-12,67,0.0,98.89,85.4,132.1,59.12
EMP0015,2023-01,53,0.0,93.83,89.7,151.8,55.04
EMP0015,2023-02,25,0.0,92.83,92.2,120.7,48.63
EMP0015,2023-03,77,0.0,93.34,87.7,182.6,58.52
EMP0015,2023-04,61,0.0,82.67,99.0,164.2,60.21
EMP0015,2023-05,69,0.0,87.9,96.8,127.7,67.23
EMP0015,2023-06,26,0.0,83.61,89.4,170.6,26.33
EMP0015,2023-07,21,0.0,86.86,96.8,136.3,47.41
EMP0015,2023-08,65,0.0,88.76,95.3,148.8,63.74
EMP0015,2023-09,51,0.0,95.36,85.4,122.6,46.94
EMP0015,2023-10,58,0.0,87.45,95.5,166.3,59.29
EMP0015,2023-11,67,0.0,93.11,93.5,160.9,67.9
EMP0015,2023-12,54,0.0,87.03,87.1,165.7,37.45
EMP0016,2023-01,79,0.0,97.67,86.5,146.7,64.05
EMP0016,2023-02,48,0.0,93.21,91.8,163.3,56.98
EMP0016,2023-03,47,0.0,88.04,92.8,173.1,49.9
EMP0016,2023-04,76,0.0,95.44,86.5,164.5,59.02
EMP0016,2023-05,55,0.0,97.73,98.4,140.2,82.92
EMP0016,2023-06,60,0.0,97.19,95.7,182.7,77.55
EMP0016,2023-07,42,0.0,87.45,94.7,171.2,51.42
EMP0016,2023-08,33,0.0,85.29,92.1,145.0,38.2
EMP0016,2023-09,61,0.0,84.81,91.1,125.6,45.53
EMP0016,2023-10,45,0.0,92.05,92.2,159.2,54.76
EMP0016,2023-11,51,0.0,83.63,92.3,148.9,42.51
EMP0016,2023-12,80,0.0,93.0,98.6,139.2,84.48
EMP0017,2023-01,40,0.0,97.55,86.8,129.8,49.91
EMP0017,2023-02,71,0.0,90.17,93.5,172.2,64.26
EMP0017,2023-03,24,0.0,82.24,95.8,180.2,38.12
EMP0017,2023-04,23,0.0,88.17,90.3,155.1,35.29
EMP0017,2023-05,29,0.0,83.31,97.4,176.5,45.6
EMP0017,2023-06,39,0.0,86.15,97.2,165.7,53.85
EMP0017,2023-07,33,0.0,87.4,85.6,172.2,26.72
EMP0017,2023-08,65,0.0,82.37,85.0,134.1,28.52
EMP0017,2023-09,46,0.0,92.95,91.3,175.0,54.61
EMP0017,2023-10,34,0.0,98.73,88.2,125.8,52.99
EMP0017,2023-11,32,0.0,91.82,97.9,174.1,62.79
EMP0017,2023-12,66,0.0,95.15,92.1,121.0,67.83
EMP0018,2023-01,67,0.0,91.55,85.0,177.5,45.34
EMP0018,2023-02,64,0.0,88.83,97.9,167.6,69.55
EMP0018,2023-03,36,0.0,86.56,92.6,170.5,42.71
EMP0018,2023-04,80,0.0,96.97,86.9,168.1,64.13
EMP0018,2023-05,34,0.0,92.69,99.5,163.8,68.79
EMP0018,2023-06,24,0.0,84.73,95.2,143.9,41.08
EMP0018,2023-07,44,0.0,82.81,95.3,132.1,45.45
EMP0018,2023-08,56,0.0,92.39,89.1,168.3,52.25
EMP0018,2023-09,35,0.0,82.48,93.7,139.9,37.77
EMP0018,2023-10,57,0.0,97.76,90.4,160.9,65.06
EMP0018,2023-11,42,0.0,85.69,88.1,177.5,32.94
EMP0018,2023-12,55,0.0,96.51,97.3,135.1,78.22
EMP0019,2023-01,64,0.0,84.82,96.3,143.4,58.8
EMP0019,2023-02,79,0.0,92.43,90.4,174.4,63.98
EMP0019,2023-03,56,0.0,87.64,86.2,132.6,37.17
EMP0019,2023-04,44,0.0,88.99,89.1,144.4,41.8
EMP0019,2023-05,78,0.0,84.41,99.8,143.4,71.5
EMP0019,2023-06,57,0.0,94.86,88.4,145.6,55.31
EMP0019,2023-07,64,0.0,83.22,96.2,158.8,55.77
EMP0019,2023-08,22,0.0,84.58,98.1,172.3,46.83
EMP0019,2023-09,55,0.0,98.12,93.2,136.9,71.47
EMP0019,2023-10,28,0.0,86.82,93.1,120.0,41.33
EMP0019,2023-11,23,0.0,88.51,99.1,182.9,56.42
EMP0019,2023-12,60,0.0,97.43,96.3,174.2,79.37
EMP0020,2023-01,51,0.0,85.82,99.7,126.7,63.61
EMP0020,2023-02,55,0.0,99.76,93.2,158.3,74.34
EMP0020,2023-03,37,0.0,96.62,91.4,123.0,57.89
EMP0020,2023-04,56,0.0,88.77,90.7,169.7,49.65
EMP0020,2023-05,68,0.0,93.04,91.7,155.1,63.95
EMP0020,2023-06,42,0.0,84.69,87.4,121.6,29.56
EMP0020,2023-07,61,0.0,83.63,92.8,142.1,47.43
EMP0020,2023-08,24,0.0,82.32,89.7,131.8,24.03
EMP0020,2023-09,22,0.0,91.99,88.4,139.7,37.17
EMP0020,2023-10,60,0.0,97.93,89.5,183.6,64.38
EMP0020,2023-11,41,0.0,90.57,90.5,168.5,46.71
EMP0020,2023-12,30,0.0,83.64,94.0,151.3,38.62
EMP0021,2023-01,20,0.0,97.56,86.1,159.4,40.8
EMP0021,2023-02,41,0.0,94.34,89.7,147.2,51.44
EMP0021,2023-03,23,0.0,82.57,90.2,154.0,25.26
EMP0021,2023-04,78,0.0,83.08,92.9,164.1,53.07
EMP0021,2023-05,49,0.0,83.02,96.8,159.5,51.19
EMP0021,2023-06,31,0.0,90.69,94.3,120.9,52.03
EMP0021,2023-07,40,0.0,95.41,93.8,144.4,62.5
EMP0021,2023-08,42,0.0,84.28,90.6,162.3,36.31
EMP0021,2023-09,62,0.0,87.11,86.5,126.2,39.19
EMP0021,2023-10,62,0.0,86.35,91.2,184.6,48.83
EMP0021,2023-11,72,0.0,82.49,93.8,151.4,51.89
EMP0021,2023-12,79,0.0,97.69,98.3,123.9,91.62
EMP0022,2023-01,22,0.0,84.13,86.5,182.8,18.98
EMP0022,2023-02,78,0.0,93.21,85.0,164.8,52.37
EMP0022,2023-03,67,0.0,88.89,90.3,179.4,53.05
EMP0022,2023-04,77,0.0,93.66,98.6,153.4,84.51
EMP0022,2023-05,32,0.0,99.04,86.3,155.1,48.35
EMP0022,2023-06,39,0.0,92.09,90.7,169.5,49.08
EMP0022,2023-07,26,0.0,88.08,94.6,169.4,46.29
EMP0022,2023-08,70,0.0,93.21,92.8,122.1,67.57
EMP0022,2023-09,74,0.0,95.11,86.6,159.1,57.93
EMP0022,2023-10,23,0.0,87.92,95.4,136.2,46.75
EMP0022,2023-11,29,0.0,84.6,91.8,156.6,34.79
EMP0022,2023-12,53,0.0,95.54,92.5,178.4,64.57
EMP0023,2023-01,59,0.0,97.67,97.1,147.4,81.28
EMP0023,2023-02,23,0.0,89.1,96.1,128.5,50.45
EMP0023,2023-03,76,0.0,85.55,90.2,137.6,50.35
EMP0023,2023-04,27,0.0,94.31,99.0,181.0,67.83
EMP0023,2023-05,51,0.0,86.43,99.1,154.0,63.28
EMP0023,2023-06,52,0.0,90.44,90.4,148.0,50.37
EMP0023,2023-07,79,0.0,96.15,90.8,135.4,71.42
EMP0023,2023-08,21,0.0,95.16,99.6,140.9,68.47
EMP0023,2023-09,35,0.0,96.13,97.9,162.6,71.45
EMP0023,2023-10,77,0.0,82.41,88.8,173.2,41.96
EMP0023,2023-11,42,0.0,89.8,95.7,127.2,57.87
EMP0023,2023-12,23,0.0,84.7,89.2,122.3,26.65
EMP0024,2023-01,77,0.0,82.56,89.7,169.2,44.32
EMP0024,2023-02,49,0.0,93.61,96.2,155.2,68.33
EMP0024,2023-03,76,0.0,89.81,87.8,174.4,52.2
EMP0024,2023-04,70,0.0,91.55,93.4,164.1,66.06
EMP0024,2023-05,35,0.0,96.74,89.2,180.5,52.22
EMP0024,2023-06,74,0.0,91.19,85.1,147.9,47.57
EMP0024,2023-07,44,0.0,86.7,92.0,155.3,44.56
EMP0024,2023-08,75,0.0,99.17,96.5,174.6,88.51
EMP0024,2023-09,43,0.0,95.66,98.4,122.2,74.8
EMP0024,2023-10,73,0.0,94.99,89.3,139.4,63.64
EMP0024,2023-11,21,0.0,96.12,89.2,154.8,45.89
EMP0024,2023-12,54,0.0,89.07,88.9,140.9,45.22
EMP0025,2023-01,63,0.0,86.52,87.1,165.7,39.93
EMP0025,2023-02,20,0.0,88.88,88.3,120.2,30.74
EMP0025,2023-03,21,0.0,85.93,91.6,150.0,33.65
EMP0025,2023-04,44,0.0,91.06,87.6,173.5,41.92
EMP0025,2023-05,36,0.0,91.05,85.2,183.2,33.3
EMP0025,2023-06,26,0.0,83.11,93.8,134.7,35.73
EMP0025,2023-07,77,0.0,90.85,95.0,181.9,71.2
EMP0025,2023-08,30,0.0,83.77,92.8,141.5,36.05
EMP0025,2023-09,64,0.0,82.95,94.9,131.5,52.26
EMP0025,2023-10,73,0.0,96.3,90.9,123.1,69.67
EMP0025,2023-11,43,0.0,98.78,88.6,150.3,57.39
EMP0025,2023-12,58,0.0,97.14,89.4,146.9,62.01
EMP0026,2023-01,55,0.0,86.11,92.9,165.7,49.75
EMP0026,2023-02,55,0.0,87.78,90.7,137.4,47.54
EMP0026,2023-03,29,0.0,92.97,87.0,124.6,38.24
EMP0026,2023-04,24,0.0,82.16,89.7,142.1,23.75
EMP0026,2023-05,31,0.0,93.85,87.9,160.3,42.63
EMP0026,2023-06,52,0.0,88.4,90.9,179.7,47.97
EMP0026,2023-07,67,0.0,99.61,97.6,156.1,88.84
EMP0026,2023-08,71,0.0,98.02,96.1,144.5,84.06
EMP0026,2023-09,61,0.0,86.93,87.3,156.1,40.37
EMP0026,2023-10,29,0.0,99.53,96.4,129.1,71.65
EMP0026,2023-11,33,0.0,87.13,95.1,126.4,48.42
EMP0026,2023-12,65,0.0,84.04,90.4,155.5,44.05
EMP0027,2023-01,28,0.0,85.97,94.1,121.1,42.18
EMP0027,2023-02,44,0.0,95.81,95.5,139.8,68.67
EMP0027,2023-03,54,0.0,87.22,99.5,178.5,66.72
EMP0027,2023-04,44,0.0,98.5,90.2,174.2,61.01
EMP0027,2023-05,47,0.0,91.68,93.9,182.6,58.83
EMP0027,2023-06,78,0.0,92.03,98.1,161.2,80.87
EMP0027,2023-07,68,0.0,84.44,99.5,173.3,67.1
EMP0027,2023-08,33,0.0,88.83,94.1,124.6,49.06
EMP0027,2023-09,77,0.0,95.47,99.0,154.3,88.61
EMP0027,2023-10,39,0.0,84.34,93.3,120.3,41.59
EMP0027,2023-11,78,0.0,89.97,96.1,133.3,72.6
EMP0027,2023-12,57,0.0,99.53,91.4,121.1,70.49
EMP0028,2023-01,80,941097.66,82.35,97.3,182.1,62.81
EMP0028,2023-02,72,887260.97,99.47,99.0,145.8,93.74
EMP0028,2023-03,30,418572.56,91.12,92.5,159.1,48.21
EMP0028,2023-04,21,1030242.37,98.38,88.7,124.2,48.67
EMP0028,2023-05,55,1056919.56,93.04,87.3,174.0,48.81
EMP0028,2023-06,76,748426.89,90.91,88.9,155.6,56.69
EMP0028,2023-07,73,453858.91,94.0,92.3,152.5,68.91
EMP0028,2023-08,75,869462.48,88.58,88.8,175.4,52.01
EMP0028,2023-09,43,468927.66,85.93,88.6,147.7,34.9
EMP0028,2023-10,62,533118.2,84.29,92.4,151.1,48.02
EMP0028,2023-11,77,607116.31,96.54,92.9,135.9,76.25
EMP0028,2023-12,20,683215.09,88.75,92.7,134.3,40.78
EMP0029,2023-01,55,0.0,84.24,99.2,164.6,61.18
EMP0029,2023-02,50,0.0,83.85,90.2,165.5,37.62
EMP0029,2023-03,35,0.0,93.08,85.4,172.0,36.95
EMP0029,2023-04,24,0.0,85.03,100.0,164.8,52.8
EMP0029,2023-05,31,0.0,83.37,89.7,183.2,28.49
EMP0029,2023-06,43,0.0,97.57,96.7,164.5,74.17
EMP0029,2023-07,26,0.0,91.18,99.3,124.4,62.68
EMP0029,2023-08,22,0.0,95.35,98.8,137.1,67.31
EMP0029,2023-09,76,0.0,98.38,90.0,181.5,72.33
EMP0029,2023-10,39,0.0,91.94,88.6,122.7,43.92
EMP0029,2023-11,66,0.0,93.07,96.0,155.4,73.29
EMP0029,2023-12,64,0.0,98.98,89.6,131.5,67.95
EMP0030,2023-01,59,961961.6,82.32,95.5,122.6,50.68
EMP0030,2023-02,62,932693.16,94.75,97.5,120.7,78.23
EMP0030,2023-03,38,392134.22,96.32,91.3,150.5,57.51
EMP0030,2023-04,57,390353.14,88.64,96.9,143.9,64.26
EMP0030,2023-05,21,424852.15,90.45,92.4,172.0,43.43
EMP0030,2023-06,54,1018961.54,90.56,88.6,122.7,47.13
EMP0030,2023-07,76,818625.4,90.92,92.5,141.5,65.11
EMP0030,2023-08,37,768939.06,86.28,92.2,157.2,41.67
EMP0030,2023-09,41,423909.23,95.12,93.2,126.0,60.97
EMP0030,2023-10,26,865092.93,90.25,88.9,144.9,36.79
EMP0030,2023-11,27,1054054.32,93.52,93.1,125.7,52.68
EMP0030,2023-12,22,272516.79,98.17,99.7,164.1,74.35
EMP0031,2023-01,32,0.0,91.36,92.8,126.7,50.08
EMP0031,2023-02,43,0.0,98.96,93.7,125.8,69.61
EMP0031,2023-03,64,0.0,90.14,93.5,148.5,61.58
EMP0031,2023-04,22,0.0,99.75,99.9,146.1,77.58
EMP0031,2023-05,77,0.0,97.79,99.0,181.3,92.67
EMP0031,2023-06,50,0.0,93.94,99.1,125.6,76.04
EMP0031,2023-07,48,0.0,92.92,89.9,178.0,52.04
EMP0031,2023-08,27,0.0,87.28,89.4,160.2,33.13
EMP0031,2023-09,72,0.0,94.76,96.3,138.7,79.2
EMP0031,2023-10,40,0.0,90.43,90.6,154.2,46.32
EMP0031,2023-11,73,0.0,98.18,85.3,170.8,59.89
EMP0031,2023-12,46,0.0,82.2,95.5,130.3,45.6
EMP0032,2023-01,58,0.0,83.38,95.1,155.9,51.23
EMP0032,2023-02,77,0.0,95.09,98.6,137.3,87.02
EMP0032,2023-03,38,0.0,89.83,98.9,174.3,63.89
EMP0032,2023-04,33,0.0,92.12,86.8,120.7,37.79
EMP0032,2023-05,44,0.0,88.46,92.2,150.1,48.1
EMP0032,2023-06,44,0.0,88.89,89.2,157.2,41.86
EMP0032,2023-07,56,0.0,95.81,90.5,123.8,61.5
EMP0032,2023-08,72,0.0,94.39,89.2,168.5,61.98
EMP0032,2023-09,38,0.0,98.73,89.3,138.3,57.06
EMP0032,2023-10,67,0.0,85.44,86.1,133.9,37.21
EMP0032,2023-11,64,0.0,90.03,86.3,133.2,44.59
EMP0032,2023-12,79,0.0,86.95,93.9,153.1,62.55
EMP0033,2023-01,36,834449.73,85.56,90.1,176.5,35.13
EMP0033,2023-02,72,277916.69,93.87,90.8,182.4,64.81
EMP0033,2023-03,66,1126973.67,94.28,93.6,176.5,69.81
EMP0033,2023-04,29,442829.16,83.25,97.9,159.4,46.66
EMP0033,2023-05,68,1012075.96,83.18,91.5,175.8,46.23
EMP0033,2023-06,58,681002.73,87.93,91.0,160.1,49.63
EMP0033,2023-07,65,218300.0,94.4,91.4,135.6,64.51
EMP0033,2023-08,37,1021783.44,85.93,95.9,132.9,49.69
EMP0033,2023-09,22,695967.96,91.89,97.0,128.0,57.06
EMP0033,2023-10,37,1028083.14,90.27,97.7,137.6,61.48
EMP0033,2023-11,61,882715.17,93.79,97.7,181.2,76.64
EMP0033,2023-12,46,791595.81,89.37,95.2,160.8,57.45
EMP0034,2023-01,60,0.0,95.55,95.1,128.4,73.28
EMP0034,2023-02,72,0.0,95.83,87.5,182.1,60.54
EMP0034,2023-03,52,0.0,89.05,89.7,138.0,46.3
EMP0034,2023-04,77,0.0,93.4,98.0,163.8,82.66
EMP0034,2023-05,65,0.0,93.61,95.9,171.4,73.63
EMP0034,2023-06,49,0.0,97.02,94.9,121.2,71.26
EMP0034,2023-07,46,0.0,82.07,93.0,183.2,39.54
EMP0034,2023-08,49,0.0,91.77,88.3,177.3,46.67
EMP0034,2023-09,51,0.0,88.75,99.9,156.8,69.2
EMP0034,2023-10,40,0.0,83.73,96.0,128.6,47.19
EMP0034,2023-11,51,0.0,86.02,92.4,143.3,46.93
EMP0034,2023-12,25,0.0,82.56,91.6,182.2,29.25
EMP0035,2023-01,57,0.0,96.61,96.8,166.9,77.98
EMP0035,2023-02,41,0.0,98.31,98.0,135.9,77.75
EMP0035,2023-03,61,0.0,96.3,92.3,163.7,68.43
EMP0035,2023-04,57,0.0,90.57,87.8,165.4,46.41
EMP0035,2023-05,47,0.0,90.83,93.1,169.9,55.48
EMP0035,2023-06,80,0.0,83.23,94.6,138.7,58.05
EMP0035,2023-07,79,0.0,94.54,97.9,144.7,85.17
EMP0035,2023-08,63,0.0,82.36,87.1,140.0,32.65
EMP0035,2023-09,73,0.0,95.73,99.2,161.3,88.04
EMP0035,2023-10,57,0.0,97.75,93.9,127.3,73.2
EMP0035,2023-11,72,0.0,95.49,95.7,182.4,79.07
EMP0035,2023-12,72,0.0,93.36,91.4,143.1,65.31
EMP0036,2023-01,74,0.0,87.3,93.6,122.3,60.59
EMP0036,2023-02,37,0.0,83.27,93.5,159.8,39.43
EMP0036,2023-03,60,0.0,84.64,87.9,153.2,37.39
EMP0036,2023-04,62,0.0,92.99,99.4,182.7,79.58
EMP0036,2023-05,39,0.0,82.59,89.6,164.2,29.89
EMP0036,2023-06,65,0.0,92.37,88.4,123.9,53.96
EMP0036,2023-07,52,0.0,90.34,94.5,160.8,59.76
EMP0036,2023-08,29,0.0,94.17,88.7,139.3,44.31
EMP0036,2023-09,72,0.0,98.06,94.4,128.1,80.54
EMP0036,2023-10,61,0.0,96.28,91.5,147.5,66.53
EMP0036,2023-11,47,0.0,85.27,98.6,178.0,58.58
EMP0036,2023-12,21,0.0,91.19,91.2,162.0,41.92
EMP0037,2023-01,77,0.0,93.72,89.1,134.6,62.45
EMP0037,2023-02,58,0.0,93.92,95.9,143.9,71.54
EMP0037,2023-03,78,0.0,90.98,99.3,127.4,81.83
EMP0037,2023-04,26,0.0,93.52,97.3,120.5,62.11
EMP0037,2023-05,70,0.0,90.26,96.3,147.2,70.57
EMP0037,2023-06,77,0.0,83.15,99.5,158.4,68.22
EMP0037,2023-07,40,0.0,92.33,95.2,168.5,60.38
EMP0037,2023-08,50,0.0,85.75,97.2,155.4,57.28
EMP0037,2023-09,40,0.0,96.09,91.6,120.5,58.56
EMP0037,2023-10,20,0.0,85.52,92.0,180.4,33.49
EMP0037,2023-11,26,0.0,90.82,95.1,120.8,52.25
EMP0037,2023-12,51,0.0,85.21,91.2,182.4,42.71
EMP0038,2023-01,69,0.0,93.94,89.6,164.2,61.0
EMP0038,2023-02,68,0.0,92.06,98.1,166.7,77.17
EMP0038,2023-03,34,0.0,89.88,85.6,179.5,31.44
EMP0038,2023-04,46,0.0,95.75,88.4,155.2,52.75
EMP0038,2023-05,33,0.0,87.13,88.1,122.2,32.09
EMP0038,2023-06,73,0.0,85.49,93.6,159.4,57.05
EMP0038,2023-07,29,0.0,97.13,95.7,132.2,65.82
EMP0038,2023-08,44,0.0,96.86,97.1,140.0,74.24
EMP0038,2023-09,28,0.0,98.6,91.0,138.8,57.05
EMP0038,2023-10,41,0.0,99.35,88.2,130.6,56.7
EMP0038,2023-11,72,0.0,88.04,85.6,170.2,42.47
EMP0038,2023-12,28,0.0,99.54,87.2,165.1,49.83
EMP0039,2023-01,44,0.0,97.04,88.7,139.6,54.95
EMP0039,2023-02,51,0.0,96.8,89.1,130.3,58.09
EMP0039,2023-03,40,0.0,82.76,87.6,160.2,25.9
EMP0039,2023-04,77,0.0,83.83,91.5,178.4,50.74
EMP0039,2023-05,33,0.0,96.36,97.5,180.5,70.17
EMP0039,2023-06,46,0.0,88.96,90.2,128.7,45.06
EMP0039,2023-07,28,0.0,88.91,95.3,138.1,50.13
EMP0039,2023-08,24,0.0,89.38,87.2,128.7,30.55
EMP0039,2023-09,70,0.0,84.13,99.8,163.8,68.01
EMP0039,2023-10,80,0.0,83.94,99.9,148.0,71.66
EMP0039,2023-11,57,0.0,88.32,96.4,143.3,62.53
EMP0039,2023-12,75,0.0,85.68,96.0,120.0,63.73
EMP0040,2023-01,45,0.0,98.86,87.1,158.2,54.78
EMP0040,2023-02,28,0.0,85.26,87.5,128.0,25.54
EMP0040,2023-03,57,0.0,98.39,86.5,168.5,57.06
EMP0040,2023-04,25,0.0,93.8,89.6,143.2,44.26
EMP0040,2023-05,61,0.0,95.18,97.7,181.1,79.07
EMP0040,2023-06,20,0.0,96.7,92.4,124.5,53.99
EMP0040,2023-07,40,0.0,99.17,95.1,151.5,72.11
EMP0040,2023-08,73,0.0,84.5,96.3,136.2,61.62
EMP0040,2023-09,38,0.0,91.29,94.0,131.0,55.01
EMP0040,2023-10,72,0.0,83.45,97.4,174.5,61.97
EMP0040,2023-11,57,0.0,90.13,87.7,164.3,45.4
EMP0040,2023-12,55,0.0,97.79,88.5,173.8,59.92
EMP0041,2023-01,56,0.0,87.98,99.1,150.4,67.86
EMP0041,2023-02,48,0.0,93.25,93.2,155.6,60.32
EMP0041,2023-03,26,0.0,96.67,88.9,133.1,48.02
EMP0041,2023-04,27,0.0,98.39,93.8,136.2,62.84
EMP0041,2023-05,43,0.0,96.02,93.6,171.8,64.23
EMP0041,2023-06,42,0.0,85.28,94.4,140.4,46.92
EMP0041,2023-07,35,0.0,88.36,97.6,154.9,57.15
EMP0041,2023-08,67,0.0,97.56,95.6,163.8,80.59
EMP0041,2023-09,68,0.0,99.15,85.1,158.5,59.25
EMP0041,2023-10,51,0.0,85.18,93.0,160.9,46.86
EMP0041,2023-11,61,0.0,97.54,97.4,183.9,82.5
EMP0041,2023-12,65,0.0,94.35,99.7,174.7,83.79
EMP0042,2023-01,58,0.0,97.83,85.5,133.5,54.12
EMP0042,2023-02,42,0.0,85.84,99.7,174.9,60.27
EMP0042,2023-03,21,0.0,90.41,96.2,136.0,52.23
EMP0042,2023-04,33,0.0,85.55,98.9,134.5,54.52
EMP0042,2023-05,63,0.0,97.45,91.5,175.8,69.33
EMP0042,2023-06,55,0.0,94.68,87.3,123.2,51.68
EMP0042,2023-07,80,0.0,86.8,92.9,158.0,60.33
EMP0042,2023-08,79,0.0,91.67,89.7,155.1,61.01
EMP0042,2023-09,24,0.0,87.67,95.2,141.5,46.22
EMP0042,2023-10,28,0.0,89.57,88.1,145.1,34.48
EMP0042,2023-11,34,0.0,85.57,98.1,127.2,53.06
EMP0042,2023-12,45,0.0,85.6,85.8,172.2,28.54
EMP0043,2023-01,64,0.0,98.73,97.1,151.3,85.01
EMP0043,2023-02,76,0.0,94.65,98.2,120.9,84.94
EMP0043,2023-03,64,0.0,91.4,87.2,130.2,49.08
EMP0043,2023-04,73,0.0,85.66,86.4,177.6,40.55
EMP0043,2023-05,70,0.0,95.42,92.8,181.9,71.43
EMP0043,2023-06,24,0.0,97.92,91.9,179.1,56.46
EMP0043,2023-07,71,0.0,84.96,92.7,141.9,53.27
EMP0043,2023-08,21,0.0,98.51,99.8,149.6,74.8
EMP0043,2023-09,64,0.0,92.83,93.8,148.3,66.99
EMP0043,2023-10,72,0.0,89.62,93.1,129.4,62.73
EMP0043,2023-11,53,0.0,88.56,99.6,125.4,68.92
EMP0043,2023-12,35,0.0,91.59,85.9,140.0,35.51
EMP0044,2023-01,79,766615.96,84.01,95.1,127.1,60.21
EMP0044,2023-02,48,1162067.68,83.64,99.3,150.5,57.74
EMP0044,2023-03,55,386383.44,98.66,95.0,152.1,76.61
EMP0044,2023-04,75,1113609.9,89.78,94.7,143.3,67.87
EMP0044,2023-05,25,383604.11,86.22,97.6,143.4,49.66
EMP0044,2023-06,62,407328.81,84.13,99.8,174.5,65.01
EMP0044,2023-07,44,653181.98,88.74,95.5,121.1,56.29
EMP0044,2023-08,65,272890.43,89.2,85.7,147.3,42.11
EMP0044,2023-09,51,391998.52,93.67,93.9,122.6,63.81
EMP0044,2023-10,35,409318.61,84.68,90.8,174.3,34.85
EMP0044,2023-11,36,1118378.46,95.11,99.0,155.6,72.61
EMP0044,2023-12,60,477877.5,94.01,91.0,134.8,61.02
EMP0045,2023-01,62,0.0,93.8,91.9,166.3,63.5
EMP0045,2023-02,75,0.0,95.53,85.5,155.7,56.47
EMP0045,2023-03,34,0.0,98.09,92.0,150.7,60.74
EMP0045,2023-04,63,0.0,99.5,97.4,169.2,86.68
EMP0045,2023-05,60,0.0,88.95,86.6,173.2,41.9
EMP0045,2023-06,39,0.0,89.77,85.2,150.3,32.19
EMP0045,2023-07,68,0.0,97.28,92.3,180.3,72.77
EMP0045,2023-08,49,0.0,91.99,93.0,184.1,58.02
EMP0045,2023-09,70,0.0,96.04,97.3,149.2,83.02
EMP0045,2023-10,50,0.0,88.52,86.3,167.8,36.69
EMP0045,2023-11,26,0.0,87.92,98.6,159.5,55.34
EMP0045,2023-12,47,0.0,91.4,86.6,129.9,41.31
EMP0046,2023-01,32,0.0,91.59,96.8,138.1,59.82
EMP0046,2023-02,53,0.0,99.09,88.2,182.2,60.75
EMP0046,2023-03,72,0.0,85.49,85.2,138.0,37.07
EMP0046,2023-04,37,0.0,93.7,95.8,179.1,63.05
EMP0046,2023-05,23,0.0,82.97,97.2,149.1,42.29
EMP0046,2023-06,32,0.0,97.34,86.5,122.1,45.85
EMP0046,2023-07,63,0.0,86.45,86.2,145.6,37.71
EMP0046,2023-08,35,0.0,84.8,87.4,163.0,27.13
EMP0046,2023-09,27,0.0,97.38,85.4,143.0,41.47
EMP0046,2023-10,48,0.0,89.06,95.8,134.9,59.05
EMP0046,2023-11,56,0.0,86.75,88.6,171.2,41.21
EMP0046,2023-12,45,0.0,89.93,99.6,155.8,68.32
EMP0047,2023-01,55,0.0,99.2,96.6,135.4,81.29
EMP0047,2023-02,44,0.0,84.03,86.7,140.5,27.52
EMP0047,2023-03,65,0.0,92.92,95.4,167.3,71.25
EMP0047,2023-04,75,0.0,86.2,85.3,140.5,39.68
EMP0047,2023-05,51,0.0,96.44,89.3,134.4,57.93
EMP0047,2023-06,31,0.0,82.99,94.1,157.6,38.09
EMP0047,2023-07,55,0.0,94.47,89.1,121.6,55.51
EMP0047,2023-08,68,0.0,97.67,93.6,132.2,76.49
EMP0047,2023-09,69,0.0,91.28,97.1,134.8,73.85
EMP0047,2023-10,47,0.0,83.92,87.3,179.5,29.85
EMP0047,2023-11,20,0.0,96.88,86.0,137.7,39.37
EMP0047,2023-12,73,0.0,83.48,85.6,156.6,34.86
EMP0048,2023-01,56,0.0,82.82,97.2,146.2,54.4
EMP0048,2023-02,26,0.0,85.13,97.8,162.6,48.59
EMP0048,2023-03,28,0.0,89.45,97.4,122.9,55.97
EMP0048,2023-04,47,0.0,89.27,96.2,165.1,59.98
EMP0048,2023-05,78,0.0,95.39,91.7,175.4,71.82
EMP0048,2023-06,23,0.0,95.65,85.7,129.6,37.65
EMP0048,2023-07,73,0.0,82.48,90.3,154.4,44.08
EMP0048,2023-08,45,0.0,96.29,85.6,164.2,46.78
EMP0048,2023-09,65,0.0,92.52,99.8,143.6,80.82
EMP0048,2023-10,74,0.0,98.67,96.5,167.4,87.26
EMP0048,2023-11,26,0.0,88.14,92.7,124.1,41.96
EMP0048,2023-12,27,0.0,88.75,89.3,146.9,35.47
EMP0049,2023-01,46,0.0,84.37,90.0,155.2,36.56
EMP0049,2023-02,76,0.0,92.41,98.9,148.9,82.65
EMP0049,2023-03,63,0.0,92.0,85.9,167.3,46.73
EMP0049,2023-04,26,0.0,89.3,90.3,180.0,38.39
EMP0049,2023-05,70,0.0,98.13,96.6,150.9,85.04
EMP0049,2023-06,68,0.0,83.45,92.2,165.6,48.34
EMP0049,2023-07,66,0.0,99.41,99.2,175.8,91.85
EMP0049,2023-08,46,0.0,98.53,90.7,142.5,62.98
EMP0049,2023-09,29,0.0,92.87,91.6,132.4,48.8
EMP0049,2023-10,46,0.0,92.03,94.4,182.4,60.24
EMP0049,2023-11,57,0.0,91.1,93.8,138.9,61.33
EMP0049,2023-12,54,0.0,94.54,94.4,148.5,67.63
EMP0050,2023-01,68,0.0,82.44,91.8,128.9,45.64
EMP0050,2023-02,45,0.0,97.72,91.5,178.4,63.05
EMP0050,2023-03,54,0.0,98.27,89.6,174.1,62.96
EMP0050,2023-04,37,0.0,96.41,98.9,173.7,75.03
EMP0050,2023-05,36,0.0,92.12,95.3,151.9,58.74
EMP0050,2023-06,51,0.0,93.9,98.4,181.6,74.72
EMP0050,2023-07,79,0.0,91.35,99.2,144.8,82.62
EMP0050,2023-08,27,0.0,88.8,85.8,137.5,27.39
EMP0050,2023-09,53,0.0,88.75,98.5,138.4,66.69
EMP0050,2023-10,59,0.0,86.55,89.0,154.8,42.92
EMP0050,2023-11,58,0.0,88.29,96.4,161.7,62.86
EMP0050,2023-12,56,0.0,83.57,87.1,177.8,32.15
EMP0051,2023-01,32,0.0,98.36,88.1,165.2,51.36
EMP0051,2023-02,25,0.0,95.16,97.0,162.9,63.9
EMP0051,2023-03,75,0.0,90.45,97.0,152.6,74.41
EMP0051,2023-04,79,0.0,98.64,94.5,182.7,84.41
EMP0051,2023-05,63,0.0,90.25,91.7,146.3,57.2
EMP0051,2023-06,77,0.0,96.38,90.8,160.3,71.07
EMP0051,2023-07,61,0.0,84.08,95.1,144.5,53.58
EMP0051,2023-08,69,0.0,97.93,93.7,157.1,77.55
EMP0051,2023-09,47,0.0,95.74,94.4,170.0,67.1
EMP0051,2023-10,61,0.0,88.6,93.7,176.4,58.22
EMP0051,2023-11,60,0.0,88.43,97.7,143.8,66.89
EMP0051,2023-12,45,0.0,82.56,94.6,138.8,43.75
EMP0052,2023-01,65,209785.35,83.88,94.3,155.7,52.86
EMP0052,2023-02,44,230167.68,99.12,90.7,124.2,63.26
EMP0052,2023-03,27,752734.61,93.8,85.2,174.2,34.74
EMP0052,2023-04,50,508902.97,83.22,86.8,159.4,28.58
EMP0052,2023-05,76,949760.22,89.57,95.0,124.3,68.58
EMP0052,2023-06,70,1117339.93,95.15,95.4,131.3,77.03
EMP0052,2023-07,35,1151922.05,98.82,86.3,149.5,49.09
EMP0052,2023-08,80,448878.5,89.17,93.7,140.3,66.35
EMP0052,2023-09,33,655053.77,96.71,85.4,129.0,42.55
EMP0052,2023-10,26,329338.3,97.93,95.5,163.5,65.63
EMP0052,2023-11,74,973170.92,97.99,98.1,134.6,89.8
EMP0052,2023-12,80,396034.69,99.02,92.1,144.9,79.85
EMP0053,2023-01,44,0.0,94.47,86.4,162.7,45.09
EMP0053,2023-02,56,0.0,94.45,91.5,130.2,61.45
EMP0053,2023-03,27,0.0,94.49,93.3,148.8,54.85
EMP0053,2023-04,64,0.0,94.51,88.3,163.6,57.09
EMP0053,2023-05,29,0.0,82.02,98.6,172.5,46.14
EMP0053,2023-06,23,0.0,84.16,87.0,167.4,20.57
EMP0053,2023-07,69,0.0,82.69,94.2,170.4,52.05
EMP0053,2023-08,58,0.0,95.49,93.7,161.2,69.16
EMP0053,2023-09,39,0.0,87.76,98.7,156.9,60.17
EMP0053,2023-10,70,0.0,84.5,88.8,146.9,42.99
EMP0053,2023-11,37,0.0,83.78,95.9,178.3,45.92
EMP0053,2023-12,41,0.0,93.66,86.3,138.7,42.31
EMP0054,2023-01,45,353497.2,93.21,91.7,147.2,55.63
EMP0054,2023-02,40,615534.08,92.67,92.9,137.5,55.61
EMP0054,2023-03,64,331315.66,89.51,99.7,153.4,74.94
EMP0054,2023-04,54,665873.3,89.32,100.0,178.4,71.56
EMP0054,2023-05,60,379915.15,94.65,99.0,123.7,80.8
EMP0054,2023-06,46,1015170.53,87.76,98.9,147.2,63.26
EMP0054,2023-07,29,407314.28,91.91,90.7,131.8,45.02
EMP0054,2023-08,53,359510.02,96.92,87.4,177.1,55.09
EMP0054,2023-09,36,687624.01,86.3,98.3,127.4,55.56
EMP0054,2023-10,48,675862.79,92.2,98.7,171.1,71.32
EMP0054,2023-11,37,976859.01,83.65,99.5,138.4,54.1
EMP0054,2023-12,75,352179.47,87.47,85.1,176.4,41.43
EMP0055,2023-01,23,0.0,85.03,94.2,144.9,38.89
EMP0055,2023-02,21,0.0,92.52,95.2,122.0,53.58
EMP0055,2023-03,21,0.0,87.24,85.0,145.3,20.54
EMP0055,2023-04,36,0.0,95.92,89.2,132.8,51.16
EMP0055,2023-05,28,0.0,91.45,93.4,171.2,50.14
EMP0055,2023-06,65,0.0,88.16,96.2,177.4,64.79
EMP0055,2023-07,55,0.0,91.1,98.4,127.1,71.32
EMP0055,2023-08,46,0.0,85.69,95.9,150.6,52.64
EMP0055,2023-09,69,0.0,95.01,88.6,184.0,60.54
EMP0055,2023-10,73,0.0,90.82,87.4,152.0,51.91
EMP0055,2023-11,46,0.0,92.76,86.1,170.7,42.15
EMP0055,2023-12,47,0.0,92.87,96.3,148.3,66.51
EMP0056,2023-01,70,0.0,89.3,94.8,169.1,65.39
EMP0056,2023-02,42,0.0,88.8,92.4,149.2,48.42
EMP0056,2023-03,43,0.0,88.93,85.9,121.0,33.85
EMP0056,2023-04,28,0.0,92.31,90.4,139.4,44.64
EMP0056,2023-05,66,0.0,99.5,88.2,152.7,66.34
EMP0056,2023-06,55,0.0,87.3,91.0,122.1,47.4
EMP0056,2023-07,79,0.0,91.26,87.1,140.7,54.23
EMP0056,2023-08,66,0.0,93.27,98.9,175.9,80.41
EMP0056,2023-09,25,0.0,89.14,98.1,146.7,55.94
EMP0056,2023-10,55,0.0,82.73,93.5,177.1,45.24
EMP0056,2023-11,48,0.0,98.06,87.3,170.6,54.97
EMP0056,2023-12,41,0.0,83.76,85.7,150.1,23.59
EMP0057,2023-01,32,0.0,84.76,88.7,181.4,28.96
EMP0057,2023-02,52,0.0,82.71,91.0,121.4,38.24
EMP0057,2023-03,35,0.0,91.5,91.7,167.3,48.88
EMP0057,2023-04,49,0.0,88.11,96.6,172.9,59.63
EMP0057,2023-05,35,0.0,89.27,98.4,153.9,60.61
EMP0057,2023-06,41,0.0,90.11,89.1,183.2,42.63
EMP0057,2023-07,74,0.0,87.19,89.6,122.0,51.07
EMP0057,2023-08,38,0.0,97.0,98.8,177.4,76.2
EMP0057,2023-09,30,0.0,94.61,95.9,135.9,62.25
EMP0057,2023-10,67,0.0,97.67,90.9,161.5,69.81
EMP0057,2023-11,20,0.0,88.42,86.1,139.3,24.8
EMP0057,2023-12,58,0.0,91.83,98.4,157.8,73.72
EMP0058,2023-01,41,0.0,86.2,99.3,159.5,59.59
EMP0058,2023-02,46,0.0,86.55,95.8,159.8,53.91
EMP0058,2023-03,74,0.0,86.46,99.0,182.5,71.72
EMP0058,2023-04,28,0.0,89.98,86.6,176.2,31.7
EMP0058,2023-05,66,0.0,94.49,93.3,136.5,69.47
EMP0058,2023-06,46,0.0,93.67,92.0,130.8,57.51
EMP0058,2023-07,58,0.0,83.69,90.1,173.7,40.11
EMP0058,2023-08,70,0.0,82.7,87.0,172.3,35.64
EMP0058,2023-09,72,0.0,92.84,94.8,146.9,72.34
EMP0058,2023-10,44,0.0,95.38,87.4,171.1,49.02
EMP0058,2023-11,35,0.0,88.96,96.3,184.3,55.17
EMP0058,2023-12,44,0.0,84.85,89.2,178.7,34.79
EMP0059,2023-01,21,0.0,96.54,93.9,168.6,57.59
EMP0059,2023-02,28,0.0,98.18,95.3,142.0,66.35
EMP0059,2023-03,25,0.0,83.03,95.3,167.9,38.71
EMP0059,2023-04,21,0.0,82.66,85.8,142.4,14.4
EMP0059,2023-05,25,0.0,89.59,97.5,181.6,55.32
EMP0059,2023-06,72,0.0,94.74,99.5,138.9,86.63
EMP0059,2023-07,21,0.0,85.17,97.6,140.4,46.32
EMP0059,2023-08,70,0.0,91.87,96.8,158.3,74.56
EMP0059,2023-09,33,0.0,82.23,85.2,174.1,16.74
EMP0059,2023-10,51,0.0,88.91,86.2,152.3,37.52
EMP0059,2023-11,35,0.0,87.46,98.4,162.1,57.45
EMP0059,2023-12,31,0.0,98.51,89.6,126.4,54.75
EMP0060,2023-01,47,0.0,85.24,96.2,136.6,52.93
EMP0060,2023-02,41,0.0,97.8,91.7,140.2,62.16
EMP0060,2023-03,50,0.0,92.82,92.0,147.6,57.52
EMP0060,2023-04,59,0.0,96.0,95.8,142.7,75.32
EMP0060,2023-05,78,0.0,90.88,96.8,181.7,75.82
EMP0060,2023-06,73,0.0,85.83,94.6,127.2,59.98
EMP0060,2023-07,72,0.0,95.66,95.4,166.1,78.67
EMP0060,2023-08,22,0.0,90.37,94.6,126.7,48.8
EMP0060,2023-09,57,0.0,96.99,93.5,184.3,70.94
EMP0060,2023-10,40,0.0,83.8,95.4,142.9,45.92
EMP0060,2023-11,26,0.0,86.48,89.2,178.5,30.89
EMP0060,2023-12,48,0.0,82.44,87.5,137.5,28.1
EMP0061,2023-01,69,0.0,92.13,98.6,159.2,78.84
EMP0061,2023-02,48,0.0,85.21,97.8,120.4,56.98
EMP0061,2023-03,73,0.0,93.6,85.4,174.6,52.11
EMP0061,2023-04,40,0.0,95.98,92.6,175.8,60.7
EMP0061,2023-05,38,0.0,87.69,93.1,147.6,46.61
EMP0061,2023-06,42,0.0,93.36,94.7,167.0,61.76
EMP0061,2023-07,54,0.0,86.23,96.6,121.8,58.22
EMP0061,2023-08,59,0.0,85.79,87.7,125.8,38.56
EMP0061,2023-09,52,0.0,82.32,89.9,181.6,34.99
EMP0061,2023-10,49,0.0,88.55,99.7,135.6,67.64
EMP0061,2023-11,65,0.0,88.74,88.1,130.0,46.9
EMP0061,2023-12,46,0.0,90.03,87.1,160.7,39.7
EMP0062,2023-01,51,0.0,85.85,98.9,163.3,61.8
EMP0062,2023-02,80,0.0,95.07,92.6,161.3,74.11
EMP0062,2023-03,60,0.0,92.13,95.9,134.1,69.16
EMP0062,2023-04,21,0.0,91.71,89.2,175.4,38.17
EMP0062,2023-05,66,0.0,97.93,85.8,121.6,57.99
EMP0062,2023-06,29,0.0,95.64,90.2,155.6,50.38
EMP0062,2023-07,23,0.0,96.23,90.0,132.1,48.69
EMP0062,2023-08,27,0.0,86.42,91.5,143.7,36.53
EMP0062,2023-09,79,0.0,91.6,90.1,129.4,61.82
EMP0062,2023-10,77,0.0,88.14,93.4,126.7,62.72
EMP0062,2023-11,44,0.0,88.61,97.9,151.3,61.67
EMP0062,2023-12,67,0.0,82.06,98.8,172.1,60.93
EMP0063,2023-01,42,0.0,93.89,86.1,128.4,42.62
EMP0063,2023-02,35,0.0,93.33,85.0,176.0,36.45
EMP0063,2023-03,62,0.0,87.24,98.6,178.4,67.65
EMP0063,2023-04,50,0.0,84.98,87.3,126.5,32.83
EMP0063,2023-05,76,0.0,97.35,96.7,134.0,86.16
EMP0063,2023-06,29,0.0,91.83,96.3,151.3,57.94
EMP0063,2023-07,41,0.0,92.56,87.1,182.9,42.25
EMP0063,2023-08,25,0.0,83.98,99.4,165.2,49.94
EMP0063,2023-09,78,0.0,97.29,96.8,127.1,87.04
EMP0063,2023-10,53,0.0,91.92,93.0,171.7,59.4
EMP0063,2023-11,61,0.0,89.03,93.7,161.1,58.98
EMP0063,2023-12,28,0.0,92.9,86.9,159.1,37.51
EMP0064,2023-01,28,0.0,86.13,97.3,127.2,49.93
EMP0064,2023-02,58,0.0,91.77,94.8,137.4,65.21
EMP0064,2023-03,37,0.0,97.0,90.7,141.0,56.93
EMP0064,2023-04,66,0.0,98.42,94.1,164.4,78.22
EMP0064,2023-05,34,0.0,94.67,87.5,121.4,44.26
EMP0064,2023-06,44,0.0,97.6,90.8,170.6,60.83
EMP0064,2023-07,41,0.0,97.63,95.7,155.3,71.19
EMP0064,2023-08,73,0.0,86.02,96.8,177.5,65.44
EMP0064,2023-09,70,0.0,96.01,88.2,175.5,61.73
EMP0064,2023-10,40,0.0,91.78,90.4,168.9,48.22
EMP0064,2023-11,43,0.0,85.12,93.5,181.4,44.92
EMP0064,2023-12,69,0.0,89.02,90.8,125.3,55.19
EMP0065,2023-01,27,0.0,91.47,98.1,170.0,60.76
EMP0065,2023-02,21,0.0,96.02,94.8,121.2,58.78
EMP0065,2023-03,69,0.0,93.8,87.2,160.9,55.16
EMP0065,2023-04,23,0.0,93.84,89.4,174.4,43.11
EMP0065,2023-05,50,0.0,88.36,95.4,174.1,57.65
EMP0065,2023-06,20,0.0,91.74,85.1,184.0,28.28
EMP0065,2023-07,30,0.0,92.2,89.9,152.5,44.03
EMP0065,2023-08,32,0.0,93.46,93.7,183.8,55.86
EMP0065,2023-09,40,0.0,94.05,88.7,132.5,48.22
EMP0065,2023-10,59,0.0,88.78,85.9,160.7,39.59
EMP0065,2023-11,48,0.0,86.46,99.2,173.7,62.44
EMP0065,2023-12,53,0.0,97.08,99.6,124.5,83.83
EMP0066,2023-01,55,426467.55,82.47,93.2,148.6,44.08
EMP0066,2023-02,52,935977.29,97.01,90.5,135.3,62.1
EMP0066,2023-03,37,286359.73,83.14,86.6,183.5,23.1
EMP0066,2023-04,53,576216.93,90.03,94.9,152.3,60.53
EMP0066,2023-05,21,539439.23,92.64,92.1,150.9,46.56
EMP0066,2023-06,70,376276.59,91.06,93.3,160.3,64.97
EMP0066,2023-07,62,602156.09,96.51,91.4,136.5,67.08
EMP0066,2023-08,32,665098.24,83.2,97.1,177.0,45.83
EMP0066,2023-09,41,385267.47,98.0,94.5,126.5,69.04
EMP0066,2023-10,71,655704.69,90.38,87.9,183.2,51.56
EMP0066,2023-11,30,1172922.72,98.14,89.3,129.1,53.03
EMP0066,2023-12,20,901361.58,89.01,98.1,120.9,53.83
EMP0067,2023-01,42,0.0,89.82,97.6,165.4,62.33
EMP0067,2023-02,70,0.0,96.88,94.8,143.2,78.66
EMP0067,2023-03,59,0.0,90.53,96.1,148.6,66.45
EMP0067,2023-04,45,0.0,82.11,85.1,123.4,20.8
EMP0067,2023-05,39,0.0,91.34,86.2,149.6,37.27
EMP0067,2023-06,28,0.0,89.47,92.7,176.5,45.04
EMP0067,2023-07,39,0.0,93.05,92.0,178.7,53.8
EMP0067,2023-08,45,0.0,96.95,96.5,178.5,73.37
EMP0067,2023-09,79,0.0,95.04,94.3,165.7,77.64
EMP0067,2023-10,57,0.0,94.05,85.6,158.2,47.36
EMP0067,2023-11,22,0.0,94.16,99.3,162.5,66.4
EMP0067,2023-12,34,0.0,98.57,98.6,133.9,76.98
EMP0068,2023-01,40,0.0,89.97,93.0,150.3,51.11
EMP0068,2023-02,23,0.0,96.86,91.0,163.1,52.13
EMP0068,2023-03,75,0.0,83.54,90.4,144.4,46.92
EMP0068,2023-04,77,0.0,92.39,89.6,147.3,61.29
EMP0068,2023-05,38,0.0,91.83,89.1,122.3,44.52
EMP0068,2023-06,54,0.0,91.19,91.9,182.4,55.93
EMP0068,2023-07,80,0.0,83.26,95.5,181.3,60.21
EMP0068,2023-08,58,0.0,87.56,85.2,178.9,35.45
EMP0068,2023-09,27,0.0,89.41,96.4,162.1,53.19
EMP0068,2023-10,25,0.0,98.87,99.6,163.9,76.46
EMP0068,2023-11,35,0.0,92.39,97.3,177.0,63.51
EMP0068,2023-12,40,0.0,83.36,92.1,180.1,37.45
EMP0069,2023-01,74,0.0,89.5,95.3,136.1,68.41
EMP0069,2023-02,57,0.0,84.04,94.3,131.3,50.15
EMP0069,2023-03,45,0.0,91.98,94.4,153.9,59.77
EMP0069,2023-04,44,0.0,84.11,90.5,179.7,36.53
EMP0069,2023-05,62,0.0,92.04,87.5,151.0,50.15
EMP0069,2023-06,61,0.0,99.36,96.2,122.3,82.89
EMP0069,2023-07,43,0.0,87.32,95.4,140.9,53.2
EMP0069,2023-08,69,0.0,89.04,87.4,152.5,47.3
EMP0069,2023-09,55,0.0,93.03,90.6,124.1,56.49
EMP0069,2023-10,54,0.0,88.86,88.4,122.7,43.69
EMP0069,2023-11,31,0.0,95.81,85.6,183.0,40.69
EMP0069,2023-12,66,0.0,92.77,94.1,183.7,68.33
EMP0070,2023-01,29,0.0,82.53,87.1,143.7,20.2
EMP0070,2023-02,76,0.0,92.76,98.8,178.6,83.03
EMP0070,2023-03,66,0.0,87.3,96.6,153.6,64.59
EMP0070,2023-04,53,0.0,85.43,89.4,127.9,39.64
EMP0070,2023-05,37,0.0,86.91,86.8,135.6,30.17
EMP0070,2023-06,50,0.0,93.55,90.0,154.1,54.13
EMP0070,2023-07,51,0.0,91.36,86.5,149.0,42.5
EMP0070,2023-08,75,0.0,90.79,89.5,132.2,57.51
EMP0070,2023-09,74,0.0,99.23,91.6,154.5,76.8
EMP0070,2023-10,38,0.0,83.13,97.5,123.5,48.89
EMP0070,2023-11,64,0.0,95.38,86.2,163.4,53.71
EMP0070,2023-12,24,0.0,85.15,87.9,178.5,24.78
EMP0071,2023-01,63,868520.64,93.51,85.8,150.5,49.13
EMP0071,2023-02,39,1087796.95,89.65,98.9,140.3,63.95
EMP0071,2023-03,77,691626.87,89.7,92.3,149.8,62.88
EMP0071,2023-04,65,1020574.9,98.32,95.7,137.0,81.4
EMP0071,2023-05,71,381487.08,88.77,89.7,176.4,52.94
EMP0071,2023-06,22,610960.45,92.86,94.6,167.0,53.15
EMP0071,2023-07,50,745907.94,88.48,94.1,148.1,54.82
EMP0071,2023-08,65,296313.74,95.93,89.9,130.3,63.69
EMP0071,2023-09,33,823462.36,95.76,88.4,138.1,47.89
EMP0071,2023-10,77,213307.86,92.45,98.1,131.7,81.23
EMP0071,2023-11,59,619134.05,94.62,89.3,164.6,57.74
EMP0071,2023-12,34,663567.12,98.37,90.5,176.8,57.73
EMP0072,2023-01,69,0.0,98.39,88.5,159.2,66.22
EMP0072,2023-02,72,0.0,85.23,92.6,136.3,53.89
EMP0072,2023-03,34,0.0,82.65,96.2,171.0,43.52
EMP0072,2023-04,49,0.0,93.01,86.3,161.3,44.18
EMP0072,2023-05,64,0.0,86.62,87.5,138.6,41.42
EMP0072,2023-06,26,0.0,95.89,97.3,165.9,66.26
EMP0072,2023-07,71,0.0,86.94,94.6,122.8,61.17
EMP0072,2023-08,22,0.0,85.23,93.1,178.5,36.3
EMP0072,2023-09,60,0.0,94.61,91.2,137.7,62.53
EMP0072,2023-10,56,0.0,85.65,92.9,162.3,49.32
EMP0072,2023-11,29,0.0,88.81,96.7,169.6,53.59
EMP0072,2023-12,77,0.0,97.14,94.0,150.3,79.87
EMP0073,2023-01,62,0.0,89.51,89.8,127.0,51.09
EMP0073,2023-02,76,0.0,85.25,88.0,135.3,44.69
EMP0073,2023-03,22,0.0,97.53,91.2,131.1,53.39
EMP0073,2023-04,41,0.0,82.2,97.3,120.9,47.92
EMP0073,2023-05,72,0.0,93.26,96.8,128.6,77.74
EMP0073,2023-06,59,0.0,93.72,92.5,120.8,63.63
EMP0073,2023-07,20,0.0,92.82,89.2,133.6,39.73
EMP0073,2023-08,75,0.0,98.11,92.4,182.2,77.08
EMP0073,2023-09,72,0.0,87.46,87.8,144.9,46.59
EMP0073,2023-10,56,0.0,96.33,87.7,164.3,55.88
EMP0073,2023-11,37,0.0,89.25,98.2,146.2,60.86
EMP0073,2023-12,40,0.0,93.22,89.1,156.3,47.7
EMP0074,2023-01,37,0.0,97.79,94.5,138.4,67.17
EMP0074,2023-02,73,0.0,88.3,93.5,178.7,61.73
EMP0074,2023-03,45,0.0,96.28,92.1,160.6,61.93
EMP0074,2023-04,20,0.0,86.5,88.4,158.9,26.81
EMP0074,2023-05,30,0.0,93.79,86.9,163.2,39.82
EMP0074,2023-06,46,0.0,94.41,90.6,177.7,55.53
EMP0074,2023-07,39,0.0,89.13,87.1,141.4,35.5
EMP0074,2023-08,80,0.0,83.95,88.4,170.2,44.85
EMP0074,2023-09,73,0.0,99.15,94.4,130.2,82.82
EMP0074,2023-10,45,0.0,82.36,89.5,183.8,31.5
EMP0074,2023-11,56,0.0,98.21,98.6,179.0,84.6
EMP0074,2023-12,47,0.0,96.44,86.5,179.8,49.89
EMP0075,2023-01,59,0.0,91.0,88.6,152.7,49.77
EMP0075,2023-02,22,0.0,97.89,90.8,150.4,53.09
EMP0075,2023-03,22,0.0,90.41,87.1,124.2,31.37
EMP0075,2023-04,79,0.0,85.6,90.8,132.3,52.96
EMP0075,2023-05,38,0.0,99.71,94.3,154.3,70.44
EMP0075,2023-06,44,0.0,82.16,96.5,161.3,47.11
EMP0075,2023-07,52,0.0,92.32,98.6,164.8,72.79
EMP0075,2023-08,72,0.0,98.89,99.1,122.0,92.96
EMP0075,2023-09,34,0.0,83.63,87.3,157.8,24.47
EMP0075,2023-10,43,0.0,98.92,96.9,154.2,77.0
EMP0075,2023-11,78,0.0,82.32,94.0,134.8,54.31
EMP0075,2023-12,58,0.0,87.62,88.1,121.3,42.32
EMP0076,2023-01,57,0.0,84.98,97.7,158.5,59.72
EMP0076,2023-02,65,0.0,96.83,97.9,154.2,83.93
EMP0076,2023-03,80,0.0,97.18,92.0,178.4,76.4
EMP0076,2023-04,75,0.0,95.76,98.6,140.8,87.44
EMP0076,2023-05,49,0.0,91.32,88.5,184.9,46.35
EMP0076,2023-06,51,0.0,93.96,95.5,142.1,68.05
EMP0076,2023-07,53,0.0,94.99,97.6,149.9,75.51
EMP0076,2023-08,23,0.0,83.67,86.7,134.5,19.01
EMP0076,2023-09,51,0.0,93.17,92.6,127.9,59.91
EMP0076,2023-10,23,0.0,86.64,89.5,173.4,30.75
EMP0076,2023-11,64,0.0,92.41,90.2,160.9,57.85
EMP0076,2023-12,69,0.0,90.48,93.4,136.0,63.82
EMP0077,2023-01,70,0.0,97.31,99.8,128.3,91.08
EMP0077,2023-02,67,0.0,95.84,85.2,143.4,53.31
EMP0077,2023-03,45,0.0,85.1,87.3,142.5,31.17
EMP0077,2023-04,56,0.0,93.04,89.5,137.5,54.32
EMP0077,2023-05,63,0.0,82.35,92.0,184.8,44.07
EMP0077,2023-06,58,0.0,94.71,96.3,120.9,73.86
EMP0077,2023-07,56,0.0,90.39,97.9,149.5,69.28
EMP0077,2023-08,32,0.0,96.33,92.5,153.8,58.08
EMP0077,2023-09,27,0.0,89.76,89.3,161.1,37.24
EMP0077,2023-10,24,0.0,90.04,100.0,161.9,61.57
EMP0077,2023-11,41,0.0,84.26,94.2,135.8,44.3
EMP0077,2023-12,29,0.0,89.12,92.0,157.7,43.17
EMP0078,2023-01,30,0.0,83.36,88.9,156.4,26.23
EMP0078,2023-02,67,0.0,93.22,98.4,141.5,79.53
EMP0078,2023-03,32,0.0,87.55,94.9,165.3,48.31
EMP0078,2023-04,57,0.0,95.59,95.4,138.9,72.92
EMP0078,2023-05,69,0.0,86.76,88.5,141.1,45.87
EMP0078,2023-06,80,0.0,88.26,99.8,136.5,78.99
EMP0078,2023-07,57,0.0,95.26,85.7,179.4,49.71
EMP0078,2023-08,70,0.0,89.44,94.2,144.2,64.24
EMP0078,2023-09,72,0.0,98.61,97.7,143.3,89.2
EMP0078,2023-10,53,0.0,82.16,97.1,160.2,51.89
EMP0078,2023-11,49,0.0,94.61,90.6,157.3,57.01
EMP0078,2023-12,63,0.0,84.49,98.3,135.4,62.52
EMP0079,2023-01,32,0.0,90.76,93.3,161.7,50.2
EMP0079,2023-02,73,0.0,84.62,97.5,177.0,64.63
EMP0079,2023-03,40,0.0,85.39,95.2,136.5,48.23
EMP0079,2023-04,21,0.0,89.82,90.0,182.9,36.73
EMP0079,2023-05,32,0.0,84.01,87.9,144.8,25.78
EMP0079,2023-06,28,0.0,84.45,91.1,144.2,32.52
EMP0079,2023-07,80,0.0,90.85,99.0,150.2,81.65
EMP0079,2023-08,76,0.0,96.19,86.1,136.2,59.4
EMP0079,2023-09,67,0.0,91.66,92.7,167.8,63.5
EMP0079,2023-10,78,0.0,96.7,97.7,161.7,88.11
EMP0079,2023-11,35,0.0,97.07,90.7,148.8,56.3
EMP0079,2023-12,22,0.0,83.63,85.6,152.0,16.0
EMP0080,2023-01,55,0.0,95.02,92.1,158.9,63.48
EMP0080,2023-02,49,0.0,85.76,93.3,184.6,47.82
EMP0080,2023-03,72,0.0,82.4,89.6,123.6,41.93
EMP0080,2023-04,39,0.0,96.89,93.6,138.7,64.25
EMP0080,2023-05,70,0.0,92.49,85.7,132.4,49.74
EMP0080,2023-06,25,0.0,87.51,88.0,147.9,29.52
EMP0080,2023-07,75,0.0,91.74,95.7,158.2,73.64
EMP0080,2023-08,79,0.0,92.72,93.6,142.7,71.95
EMP0080,2023-09,43,0.0,97.84,87.7,123.2,53.65
EMP0080,2023-10,65,0.0,92.48,93.4,126.3,65.82
EMP0080,2023-11,30,0.0,84.43,88.2,157.2,26.47
EMP0080,2023-12,23,0.0,94.93,87.6,155.5,40.82
EMP0081,2023-01,40,0.0,84.97,85.3,151.9,24.4
EMP0081,2023-02,46,0.0,83.01,94.6,179.7,44.92
EMP0081,2023-03,59,0.0,97.96,98.1,164.4,84.12
EMP0081,2023-04,48,0.0,89.54,97.4,183.0,63.63
EMP0081,2023-05,37,0.0,89.94,92.9,142.4,49.7
EMP0081,2023-06,53,0.0,97.63,99.0,140.1,83.39
EMP0081,2023-07,34,0.0,90.97,97.4,153.6,60.88
EMP0081,2023-08,45,0.0,91.14,94.2,157.9,57.84
EMP0081,2023-09,20,0.0,99.24,87.9,163.7,47.94
EMP0081,2023-10,79,0.0,88.12,90.1,167.5,55.73
EMP0081,2023-11,30,0.0,99.29,97.6,137.3,74.41
EMP0081,2023-12,53,0.0,89.6,94.2,159.4,58.14
EMP0082,2023-01,62,0.0,88.0,99.1,154.0,70.15
EMP0082,2023-02,75,0.0,90.03,88.0,179.5,52.68
EMP0082,2023-03,21,0.0,98.95,91.0,142.6,55.04
EMP0082,2023-04,41,0.0,93.82,95.8,132.8,64.76
EMP0082,2023-05,43,0.0,99.3,89.5,173.7,60.4
EMP0082,2023-06,70,0.0,85.96,89.3,162.3,46.71
EMP0082,2023-07,65,0.0,85.18,99.2,142.2,66.57
EMP0082,2023-08,38,0.0,97.28,95.9,134.3,69.92
EMP0082,2023-09,21,0.0,92.29,86.9,157.8,33.82
EMP0082,2023-10,44,0.0,91.44,97.6,164.2,65.92
EMP0082,2023-11,29,0.0,92.09,95.3,130.0,56.07
EMP0082,2023-12,43,0.0,99.05,90.2,126.8,61.6
EMP0083,2023-01,71,0.0,88.77,91.1,129.4,56.21
EMP0083,2023-02,28,0.0,99.39,98.8,160.5,76.63
EMP0083,2023-03,24,0.0,97.72,87.6,169.0,46.08
EMP0083,2023-04,24,0.0,85.58,92.2,120.3,35.57
EMP0083,2023-05,33,0.0,95.4,93.8,135.9,59.86
EMP0083,2023-06,29,0.0,95.16,86.4,129.6,40.67
EMP0083,2023-07,78,0.0,85.66,95.1,135.0,62.72
EMP0083,2023-08,68,0.0,82.7,93.1,123.1,49.12
EMP0083,2023-09,66,0.0,82.29,94.5,141.7,50.92
EMP0083,2023-10,80,0.0,82.81,90.5,169.8,47.75
EMP0083,2023-11,24,0.0,82.89,90.0,171.3,25.72
EMP0083,2023-12,25,0.0,84.15,99.8,145.3,51.17
EMP0084,2023-01,30,0.0,97.03,93.3,163.7,60.42
EMP0084,2023-02,78,0.0,85.8,99.3,163.8,72.77
EMP0084,2023-03,60,0.0,93.0,97.2,172.0,73.72
EMP0084,2023-04,80,0.0,96.81,95.9,174.0,84.85
EMP0084,2023-05,31,0.0,95.5,95.0,155.4,62.08
EMP0084,2023-06,39,0.0,94.66,91.4,149.0,55.21
EMP0084,2023-07,31,0.0,93.87,95.6,153.9,60.63
EMP0084,2023-08,50,0.0,98.87,97.2,133.2,80.24
EMP0084,2023-09,53,0.0,83.28,86.2,134.3,28.42
EMP0084,2023-10,31,0.0,94.9,100.0,161.3,72.7
EMP0084,2023-11,59,0.0,92.64,87.2,143.3,49.38
EMP0084,2023-12,32,0.0,86.49,92.9,123.0,41.79
EMP0085,2023-01,58,0.0,94.71,96.4,123.2,74.09
EMP0085,2023-02,78,0.0,90.95,86.9,150.2,52.85
EMP0085,2023-03,66,0.0,87.77,91.3,171.7,53.05
EMP0085,2023-04,60,0.0,85.76,95.5,139.4,57.08
EMP0085,2023-05,27,0.0,95.0,86.0,126.1,38.71
EMP0085,2023-06,66,0.0,98.35,86.5,135.3,60.36
EMP0085,2023-07,23,0.0,86.01,95.9,167.8,44.58
EMP0085,2023-08,78,0.0,91.67,93.8,158.9,70.21
EMP0085,2023-09,69,0.0,96.52,87.0,175.2,59.45
EMP0085,2023-10,65,0.0,88.71,99.0,143.4,72.28
EMP0085,2023-11,32,0.0,92.03,96.4,173.8,59.65
EMP0085,2023-12,51,0.0,97.0,94.2,127.7,70.34
EMP0086,2023-01,78,0.0,86.45,87.1,174.5,45.44
EMP0086,2023-02,44,0.0,96.36,93.0,181.4,63.8
EMP0086,2023-03,51,0.0,84.8,98.6,175.1,59.26
EMP0086,2023-04,37,0.0,96.46,86.7,154.3,46.65
EMP0086,2023-05,46,0.0,90.65,88.0,169.8,42.89
EMP0086,2023-06,55,0.0,96.13,94.8,141.9,71.72
EMP0086,2023-07,79,0.0,96.09,89.4,155.6,68.05
EMP0086,2023-08,56,0.0,82.24,91.6,134.2,40.32
EMP0086,2023-09,33,0.0,95.57,98.6,153.2,71.36
EMP0086,2023-10,80,0.0,84.17,86.2,154.8,40.1
EMP0086,2023-11,64,0.0,95.57,90.8,173.7,64.78
EMP0086,2023-12,56,0.0,95.5,90.1,120.5,60.02
EMP0087,2023-01,56,0.0,88.6,94.8,167.4,58.92
EMP0087,2023-02,77,0.0,98.88,92.7,153.6,79.88
EMP0087,2023-03,33,0.0,91.83,97.3,169.3,61.78
EMP0087,2023-04,55,0.0,93.71,98.3,183.7,75.65
EMP0087,2023-05,26,0.0,96.08,89.9,144.1,49.32
EMP0087,2023-06,74,0.0,83.16,99.1,125.3,66.18
EMP0087,2023-07,25,0.0,82.62,96.7,175.8,41.26
EMP0087,2023-08,74,0.0,91.37,90.4,149.1,60.25
EMP0087,2023-09,32,0.0,86.41,86.6,171.0,26.95
EMP0087,2023-10,63,0.0,96.47,97.6,144.5,81.85
EMP0087,2023-11,21,0.0,91.88,100.0,183.2,63.66
EMP0087,2023-12,63,0.0,93.33,94.7,125.9,69.59
EMP0088,2023-01,60,0.0,88.71,93.8,130.4,58.28
EMP0088,2023-02,76,0.0,93.2,96.5,175.6,78.43
EMP0088,2023-03,28,0.0,94.06,94.7,122.8,57.74
EMP0088,2023-04,21,0.0,85.25,92.7,181.4,35.03
EMP0088,2023-05,48,0.0,82.35,92.5,183.4,39.61
EMP0088,2023-06,65,0.0,92.81,91.6,142.3,62.19
EMP0088,2023-07,47,0.0,91.27,95.2,175.1,61.15
EMP0088,2023-08,73,0.0,94.2,86.9,166.6,56.66
EMP0088,2023-09,65,0.0,87.16,90.2,125.4,49.04
EMP0088,2023-10,56,0.0,90.25,89.6,144.5,49.67
EMP0088,2023-11,31,0.0,98.23,90.9,134.0,57.29
EMP0088,2023-12,28,0.0,98.24,90.6,178.0,55.49
EMP0089,2023-01,78,0.0,98.38,96.1,125.4,87.31
EMP0089,2023-02,58,0.0,96.05,99.5,161.0,83.67
EMP0089,2023-03,23,0.0,90.46,86.2,176.8,29.73
EMP0089,2023-04,69,0.0,83.98,92.9,167.6,51.27
EMP0089,2023-05,29,0.0,93.69,90.2,130.4,46.97
EMP0089,2023-06,54,0.0,84.03,94.6,123.6,49.7
EMP0089,2023-07,71,0.0,97.28,96.5,173.6,83.7
EMP0089,2023-08,69,0.0,91.82,91.3,145.9,61.26
EMP0089,2023-09,44,0.0,99.62,85.7,178.5,52.47
EMP0089,2023-10,76,0.0,94.85,91.8,183.8,70.35
EMP0089,2023-11,43,0.0,84.01,87.3,136.1,28.51
EMP0089,2023-12,64,0.0,93.24,91.3,149.1,61.87
EMP0090,2023-01,22,0.0,83.31,90.9,151.1,27.81
EMP0090,2023-02,71,0.0,91.68,93.8,181.2,67.6
EMP0090,2023-03,56,0.0,93.22,87.8,155.6,50.67
EMP0090,2023-04,28,0.0,92.21,90.7,120.2,45.17
EMP0090,2023-05,67,0.0,99.34,92.6,137.9,76.7
EMP0090,2023-06,26,0.0,92.56,96.5,140.7,58.56
EMP0090,2023-07,41,0.0,88.18,92.4,149.5,46.96
EMP0090,2023-08,39,0.0,90.84,97.0,156.5,61.6
EMP0090,2023-09,79,0.0,87.12,88.2,140.2,49.55
EMP0090,2023-10,72,0.0,84.04,96.1,177.0,59.97
EMP0090,2023-11,67,0.0,97.04,94.2,132.2,76.41
EMP0090,2023-12,77,0.0,91.54,97.6,147.2,78.47
EMP0091,2023-01,50,0.0,91.4,86.1,181.9,41.27
EMP0091,2023-02,77,0.0,83.66,91.6,138.1,50.68
EMP0091,2023-03,72,0.0,90.64,92.8,171.1,63.82
EMP0091,2023-04,37,0.0,98.99,98.4,173.7,78.37
EMP0091,2023-05,60,0.0,99.62,86.3,139.3,59.87
EMP0091,2023-06,59,0.0,92.61,95.3,168.6,68.23
EMP0091,2023-07,62,0.0,97.34,93.9,159.8,74.36
EMP0091,2023-08,63,0.0,91.27,99.2,157.1,76.48
EMP0091,2023-09,51,0.0,98.3,91.3,140.2,65.85
EMP0091,2023-10,38,0.0,92.07,88.6,184.0,43.77
EMP0091,2023-11,46,0.0,95.09,95.8,125.6,68.86
EMP0091,2023-12,34,0.0,94.37,94.7,141.7,60.53
EMP0092,2023-01,65,0.0,99.36,98.5,167.7,89.75
EMP0092,2023-02,73,0.0,84.93,94.6,169.8,58.4
EMP0092,2023-03,52,0.0,86.25,88.5,123.8,38.6
EMP0092,2023-04,57,0.0,90.33,92.3,174.0,56.49
EMP0092,2023-05,68,0.0,87.81,89.3,165.8,49.2
EMP0092,2023-06,57,0.0,90.28,91.5,122.4,54.53
EMP0092,2023-07,72,0.0,98.3,98.7,127.0,90.99
EMP0092,2023-08,76,0.0,98.17,92.6,169.4,78.03
EMP0092,2023-09,33,0.0,94.59,95.1,164.2,61.47
EMP0092,2023-10,57,0.0,83.42,89.4,127.1,37.63
EMP0092,2023-11,43,0.0,82.03,99.4,142.8,53.28
EMP0092,2023-12,65,0.0,89.37,96.8,153.1,68.31
EMP0093,2023-01,44,0.0,83.75,97.0,134.8,51.06
EMP0093,2023-02,44,0.0,86.34,89.1,135.5,37.16
EMP0093,2023-03,40,0.0,87.92,94.8,162.2,51.73
EMP0093,2023-04,74,0.0,90.11,87.1,144.7,50.34
EMP0093,2023-05,50,0.0,91.72,85.2,130.8,39.73
EMP0093,2023-06,24,0.0,96.01,89.6,159.2,47.75
EMP0093,2023-07,36,0.0,91.36,87.6,178.2,39.45
EMP0093,2023-08,61,0.0,84.57,95.8,173.5,56.07
EMP0093,2023-09,80,0.0,97.76,91.7,149.1,76.71
EMP0093,2023-10,54,0.0,82.72,90.0,179.3,36.68
EMP0093,2023-11,23,0.0,89.16,86.9,142.4,29.09
EMP0093,2023-12,33,0.0,88.08,91.7,123.6,42.15
EMP0094,2023-01,73,0.0,83.12,93.3,129.1,52.2
EMP0094,2023-02,32,0.0,91.4,90.8,180.6,45.48
EMP0094,2023-03,74,0.0,89.54,87.7,120.6,50.75
EMP0094,2023-04,53,0.0,85.27,86.4,168.1,32.36
EMP0094,2023-05,55,0.0,99.51,97.7,174.3,84.4
EMP0094,2023-06,57,0.0,94.02,89.5,158.3,56.41
EMP0094,2023-07,56,0.0,90.79,94.0,127.3,60.88
EMP0094,2023-08,55,0.0,97.44,95.8,141.6,76.34
EMP0094,2023-09,22,0.0,94.69,91.5,122.8,49.12
EMP0094,2023-10,55,0.0,85.38,92.3,126.6,47.07
EMP0094,2023-11,74,0.0,82.28,91.7,136.6,47.37
EMP0094,2023-12,52,0.0,90.65,94.9,122.7,61.24
EMP0095,2023-01,48,0.0,90.76,99.7,176.0,71.13
EMP0095,2023-02,68,0.0,93.41,95.0,156.3,72.3
EMP0095,2023-03,54,0.0,96.53,96.3,150.3,75.54
EMP0095,2023-04,79,0.0,84.85,91.9,120.6,54.21
EMP0095,2023-05,38,0.0,92.45,92.9,152.7,54.47
EMP0095,2023-06,30,0.0,83.71,88.9,147.9,26.84
EMP0095,2023-07,34,0.0,88.86,87.1,163.6,33.15
EMP0095,2023-08,32,0.0,89.17,99.5,148.5,61.88
EMP0095,2023-09,71,0.0,98.53,94.3,137.1,80.75
EMP0095,2023-10,24,0.0,88.86,88.2,146.6,31.97
EMP0095,2023-11,26,0.0,87.51,97.6,154.6,52.29
EMP0095,2023-12,67,0.0,85.08,92.2,182.4,50.82
EMP0096,2023-01,74,0.0,85.84,86.0,161.5,40.3
EMP0096,2023-02,35,0.0,94.69,89.6,178.8,49.57
EMP0096,2023-03,70,0.0,88.38,87.2,154.8,46.05
EMP0096,2023-04,28,0.0,99.48,96.3,162.1,70.96
EMP0096,2023-05,66,0.0,92.84,95.0,149.4,70.55
EMP0096,2023-06,75,0.0,83.79,93.3,146.5,54.12
EMP0096,2023-07,22,0.0,83.8,93.2,120.7,34.03
EMP0096,2023-08,34,0.0,90.69,90.5,162.3,44.29
EMP0096,2023-09,58,0.0,85.16,97.1,142.4,59.01
EMP0096,2023-10,67,0.0,94.87,89.4,178.6,61.41
EMP0096,2023-11,47,0.0,82.54,94.3,179.0,43.77
EMP0096,2023-12,24,0.0,86.61,88.3,152.4,28.27
EMP0097,2023-01,30,0.0,87.92,86.6,121.9,28.84
EMP0097,2023-02,37,0.0,87.92,99.9,133.2,62.5
EMP0097,2023-03,78,0.0,84.37,95.7,143.7,61.86
EMP0097,2023-04,54,0.0,94.62,88.3,159.2,53.54
EMP0097,2023-05,76,0.0,93.81,99.2,132.0,85.8
EMP0097,2023-06,80,0.0,95.81,85.8,145.7,59.53
EMP0097,2023-07,46,0.0,96.82,89.8,149.3,57.88
EMP0097,2023-08,71,0.0,87.99,91.6,161.2,56.01
EMP0097,2023-09,54,0.0,96.59,91.9,125.7,65.38
EMP0097,2023-10,73,0.0,99.01,98.2,183.7,91.44
EMP0097,2023-11,53,0.0,94.39,98.6,161.5,76.79
EMP0097,2023-12,52,0.0,93.15,90.7,132.1,55.81
EMP0098,2023-01,77,723556.57,95.31,89.8,124.1,66.87
EMP0098,2023-02,53,1004810.6,90.31,93.7,163.2,58.22
EMP0098,2023-03,51,497703.02,95.17,89.7,121.9,56.64
EMP0098,2023-04,61,295544.15,98.63,87.6,124.5,61.54
EMP0098,2023-05,27,610305.88,90.9,85.6,161.7,30.6
EMP0098,2023-06,76,653429.95,93.23,94.1,160.1,72.89
EMP0098,2023-07,21,516662.95,88.16,98.3,148.1,53.19
EMP0098,2023-08,42,1158969.69,91.47,90.6,121.7,48.89
EMP0098,2023-09,67,1071483.05,82.4,94.1,168.6,50.56
EMP0098,2023-10,20,761611.83,99.38,99.6,183.6,75.48
EMP0098,2023-11,46,587770.32,94.87,94.3,149.7,64.97
EMP0098,2023-12,40,1182060.43,96.88,98.4,136.9,75.81
EMP0099,2023-01,46,0.0,84.52,97.8,183.7,55.03
EMP0099,2023-02,22,0.0,87.55,88.2,158.3,28.93
EMP0099,2023-03,27,0.0,87.07,97.0,166.4,50.5
EMP0099,2023-04,27,0.0,95.18,89.8,121.3,47.89
EMP0099,2023-05,27,0.0,85.1,90.8,156.0,32.58
EMP0099,2023-06,25,0.0,91.99,87.9,168.1,37.12
EMP0099,2023-07,42,0.0,86.0,95.4,124.4,50.52
EMP0099,2023-08,49,0.0,89.41,86.9,161.7,39.28
EMP0099,2023-09,53,0.0,97.4,88.6,135.0,58.72
EMP0099,2023-10,63,0.0,84.52,96.5,148.0,58.37
EMP0099,2023-11,52,0.0,92.85,92.6,126.7,59.72
EMP0099,2023-12,31,0.0,87.87,86.6,150.0,29.13
EMP0100,2023-01,79,0.0,93.2,85.6,129.5,54.12
EMP0100,2023-02,53,0.0,97.79,89.5,156.5,61.51
EMP0100,2023-03,73,0.0,92.3,89.1,174.0,58.47
EMP0100,2023-04,77,0.0,86.91,95.7,142.2,65.93
EMP0100,2023-05,63,0.0,89.06,96.2,131.6,65.61
EMP0100,2023-06,68,0.0,85.9,91.7,163.3,51.46
EMP0100,2023-07,74,0.0,92.87,97.9,170.5,80.37
EMP0100,2023-08,36,0.0,97.12,88.8,148.7,52.33
EMP0100,2023-09,30,0.0,99.03,90.3,130.1,56.92
EMP0100,2023-10,40,0.0,85.32,86.6,120.7,28.04
EMP0100,2023-11,31,0.0,92.56,99.3,123.1,66.97
EMP0100,2023-12,66,0.0,96.49,97.0,160.8,81.61
EMP0101,2023-01,28,0.0,92.79,98.4,178.9,64.15
EMP0101,2023-02,50,0.0,96.69,88.4,131.3,55.89
EMP0101,2023-03,46,0.0,93.04,88.9,164.1,49.17
EMP0101,2023-04,52,0.0,92.82,98.1,176.4,72.5
EMP0101,2023-05,45,0.0,98.7,89.5,175.4,60.1
EMP0101,2023-06,51,0.0,90.28,87.3,137.8,42.48
EMP0101,2023-07,74,0.0,89.95,88.7,130.8,53.8
EMP0101,2023-08,50,0.0,94.06,93.2,128.8,62.49
EMP0101,2023-09,61,0.0,87.24,86.4,181.0,38.81
EMP0101,2023-10,39,0.0,94.77,99.1,124.5,73.37
EMP0101,2023-11,62,0.0,93.89,99.2,137.1,80.69
EMP0101,2023-12,69,0.0,93.65,88.4,180.7,57.7
EMP0102,2023-01,28,0.0,90.57,96.3,169.9,55.36
EMP0102,2023-02,52,0.0,97.14,97.6,139.8,78.89
EMP0102,2023-03,70,0.0,88.08,94.5,183.2,62.56
EMP0102,2023-04,46,0.0,92.13,96.8,162.7,66.01
EMP0102,2023-05,67,0.0,83.38,95.5,136.9,55.54
EMP0102,2023-06,62,0.0,99.7,89.3,130.1,67.76
EMP0102,2023-07,41,0.0,82.33,94.0,141.6,40.45
EMP0102,2023-08,57,0.0,89.39,87.5,134.1,43.64
EMP0102,2023-09,24,0.0,95.63,93.9,163.7,57.12
EMP0102,2023-10,32,0.0,90.79,98.8,122.4,63.08
EMP0102,2023-11,29,0.0,90.31,90.8,136.0,42.45
EMP0102,2023-12,25,0.0,95.94,86.9,142.7,41.7
EMP0103,2023-01,48,744446.56,91.88,98.6,138.9,70.52
EMP0103,2023-02,58,649050.04,89.52,95.0,172.5,61.74
EMP0103,2023-03,80,584074.42,93.61,97.6,149.5,83.22
EMP0103,2023-04,79,846957.11,98.12,99.6,128.1,95.4
EMP0103,2023-05,70,465452.1,88.72,96.9,152.9,69.28
EMP0103,2023-06,65,1007801.94,86.51,88.1,184.9,43.0
EMP0103,2023-07,47,920186.38,87.36,98.9,129.3,62.94
EMP0103,2023-08,62,1028573.24,93.13,86.9,148.5,50.66
EMP0103,2023-09,29,461928.84,97.42,93.1,179.2,60.26
EMP0103,2023-10,30,425077.41,96.74,86.4,141.8,43.81
EMP0103,2023-11,35,1016093.32,87.45,94.8,134.4,49.03
EMP0103,2023-12,49,291796.96,89.07,86.5,134.9,37.75
EMP0104,2023-01,45,0.0,99.45,97.2,129.9,79.38
EMP0104,2023-02,65,0.0,82.21,86.9,153.8,32.68
EMP0104,2023-03,70,0.0,87.37,92.3,130.9,56.18
EMP0104,2023-04,67,0.0,95.35,94.9,168.9,75.09
EMP0104,2023-05,20,0.0,87.61,92.5,161.9,38.32
EMP0104,2023-06,77,0.0,88.75,99.0,176.6,76.85
EMP0104,2023-07,49,0.0,95.89,91.0,120.7,60.18
EMP0104,2023-08,26,0.0,82.89,88.6,175.7,23.21
EMP0104,2023-09,75,0.0,97.24,96.3,161.5,84.66
EMP0104,2023-10,45,0.0,93.13,95.8,143.7,65.05
EMP0104,2023-11,77,0.0,88.57,97.7,125.5,73.51
EMP0104,2023-12,52,0.0,89.24,88.5,180.7,43.84
EMP0105,2023-01,41,0.0,91.11,98.5,154.3,66.32
EMP0105,2023-02,27,0.0,86.09,96.9,168.4,48.55
EMP0105,2023-03,62,0.0,97.57,85.5,135.3,55.16
EMP0105,2023-04,49,0.0,91.7,85.9,178.4,40.95
EMP0105,2023-05,44,0.0,90.64,96.0,177.6,60.79
EMP0105,2023-06,34,0.0,92.31,88.1,138.6,41.53
EMP0105,2023-07,39,0.0,84.95,87.7,183.2,29.59
EMP0105,2023-08,77,0.0,87.66,92.7,121.5,60.25
EMP0105,2023-09,39,0.0,87.49,87.6,149.1,33.8
EMP0105,2023-10,53,0.0,90.42,90.7,174.9,51.41
EMP0105,2023-11,51,0.0,86.56,92.6,163.1,48.34
EMP0105,2023-12,32,0.0,87.15,96.5,183.8,51.35
EMP0106,2023-01,70,0.0,82.21,93.7,126.2,50.42
EMP0106,2023-02,77,0.0,95.93,98.5,138.3,88.25
EMP0106,2023-03,52,0.0,86.75,99.9,169.8,66.08
EMP0106,2023-04,70,0.0,94.39,92.6,136.0,69.17
EMP0106,2023-05,54,0.0,85.28,89.9,175.5,40.92
EMP0106,2023-06,67,0.0,99.0,97.8,167.6,88.24
EMP0106,2023-07,69,0.0,91.89,93.3,123.1,66.05
EMP0106,2023-08,66,0.0,83.89,97.1,138.7,59.79
EMP0106,2023-09,39,0.0,94.2,93.8,168.6,60.01
EMP0106,2023-10,76,0.0,88.55,90.0,127.6,55.13
EMP0106,2023-11,49,0.0,82.56,87.7,180.0,29.16
EMP0106,2023-12,69,0.0,90.37,91.4,135.4,58.96
EMP0107,2023-01,43,0.0,92.61,95.7,120.9,63.16
EMP0107,2023-02,27,0.0,93.27,87.0,172.7,38.01
EMP0107,2023-03,67,0.0,90.98,87.4,171.3,49.94
EMP0107,2023-04,23,0.0,91.57,85.0,134.1,28.87
EMP0107,2023-05,57,0.0,83.55,97.2,135.3,56.05
EMP0107,2023-06,44,0.0,85.77,99.4,180.5,60.2
EMP0107,2023-07,28,0.0,89.04,99.0,159.7,58.99
EMP0107,2023-08,70,0.0,98.38,95.9,178.5,83.85
EMP0107,2023-09,23,0.0,89.33,99.5,144.8,58.79
EMP0107,2023-10,75,0.0,87.43,89.6,133.0,51.86
EMP0107,2023-11,40,0.0,82.39,90.4,144.9,31.78
EMP0107,2023-12,72,0.0,84.13,99.9,152.6,68.99
EMP0108,2023-01,30,0.0,88.95,95.1,152.7,50.48
EMP0108,2023-02,48,0.0,82.16,85.8,170.3,23.65
EMP0108,2023-03,79,0.0,86.71,97.7,161.6,71.0
EMP0108,2023-04,43,0.0,98.06,87.8,162.2,54.26
EMP0108,2023-05,59,0.0,99.16,88.3,134.7,63.35
EMP0108,2023-06,37,0.0,95.97,92.6,158.3,59.56
EMP0108,2023-07,46,0.0,98.86,94.7,132.5,72.89
EMP0108,2023-08,34,0.0,86.75,91.4,130.6,39.5
EMP0108,2023-09,48,0.0,95.35,98.0,131.2,75.2
EMP0108,2023-10,51,0.0,83.94,93.0,134.5,44.69
EMP0108,2023-11,32,0.0,97.07,90.5,120.7,54.71
EMP0108,2023-12,43,0.0,90.27,93.5,142.6,53.93
EMP0109,2023-01,49,0.0,97.93,98.7,153.8,81.72
EMP0109,2023-02,43,0.0,82.02,94.6,133.3,42.06
EMP0109,2023-03,49,0.0,83.42,89.2,123.3,34.16
EMP0109,2023-04,35,0.0,88.62,98.5,179.8,59.71
EMP0109,2023-05,71,0.0,88.34,98.6,127.2,72.95
EMP0109,2023-06,61,0.0,90.87,85.8,154.2,43.76
EMP0109,2023-07,73,0.0,94.71,94.7,179.5,75.75
EMP0109,2023-08,61,0.0,85.23,87.8,148.3,38.56
EMP0109,2023-09,58,0.0,96.81,92.7,140.3,69.13
EMP0109,2023-10,42,0.0,85.17,88.9,170.0,33.9
EMP0109,2023-11,22,0.0,87.22,99.3,145.2,54.25
EMP0109,2023-12,55,0.0,93.48,97.2,174.9,72.68
EMP0110,2023-01,50,0.0,95.34,93.3,158.1,64.96
EMP0110,2023-02,42,0.0,88.36,87.6,155.7,36.45
EMP0110,2023-03,29,0.0,86.07,85.9,168.3,23.6
EMP0110,2023-04,78,0.0,82.01,87.9,129.6,39.53
EMP0110,2023-05,74,0.0,98.89,95.2,169.5,84.61
EMP0110,2023-06,65,0.0,88.61,99.4,141.1,73.04
EMP0110,2023-07,60,0.0,94.27,88.4,149.7,55.41
EMP0110,2023-08,40,0.0,90.98,99.4,134.5,67.82
EMP0110,2023-09,23,0.0,86.51,97.3,151.3,48.72
EMP0110,2023-10,80,0.0,89.14,92.0,168.8,62.33
EMP0110,2023-11,42,0.0,88.32,86.9,165.1,34.74
EMP0110,2023-12,67,0.0,89.25,85.9,132.4,43.41
EMP0111,2023-01,52,0.0,87.36,96.4,124.1,58.98
EMP0111,2023-02,34,0.0,88.28,95.4,149.9,51.51
EMP0111,2023-03,33,0.0,89.98,88.4,129.6,37.77
EMP0111,2023-04,41,0.0,86.52,95.3,156.2,50.82
EMP0111,2023-05,24,0.0,93.27,98.7,128.0,64.19
EMP0111,2023-06,21,0.0,83.01,92.2,175.3,29.94
EMP0111,2023-07,61,0.0,84.22,93.5,182.2,50.09
EMP0111,2023-08,41,0.0,87.83,93.2,178.5,48.21
EMP0111,2023-09,41,0.0,97.72,95.8,122.9,71.58
EMP0111,2023-10,53,0.0,93.85,87.0,133.7,48.78
EMP0111,2023-11,73,0.0,87.78,88.6,146.3,49.39
EMP0111,2023-12,21,0.0,84.87,98.1,127.1,46.96
EMP0112,2023-01,69,0.0,85.62,94.6,167.8,58.11
EMP0112,2023-02,59,0.0,99.5,89.9,130.6,67.68
EMP0112,2023-03,30,0.0,97.12,88.0,160.9,48.21
EMP0112,2023-04,61,0.0,94.41,96.6,123.5,75.16
EMP0112,2023-05,52,0.0,84.8,96.0,163.2,53.57
EMP0112,2023-06,76,0.0,82.36,93.1,148.0,51.53
EMP0112,2023-07,71,0.0,97.33,88.6,148.1,65.35
EMP0112,2023-08,33,0.0,91.14,86.2,146.5,34.67
EMP0112,2023-09,54,0.0,94.89,92.1,131.2,62.87
EMP0112,2023-10,69,0.0,98.12,86.9,128.0,62.02
EMP0112,2023-11,75,0.0,82.38,86.4,124.8,35.56
EMP0112,2023-12,77,0.0,90.72,94.0,141.2,68.63
EMP0113,2023-01,57,0.0,92.12,90.9,174.5,56.35
EMP0113,2023-02,74,0.0,83.3,98.5,170.7,65.02
EMP0113,2023-03,34,0.0,98.46,89.6,162.0,55.79
EMP0113,2023-04,44,0.0,85.19,91.0,164.4,39.58
EMP0113,2023-05,35,0.0,91.23,98.0,129.1,63.11
EMP0113,2023-06,61,0.0,98.79,87.3,163.5,61.12
EMP0113,2023-07,40,0.0,82.37,89.3,128.6,29.18
EMP0113,2023-08,36,0.0,91.73,95.3,127.0,58.06
EMP0113,2023-09,39,0.0,88.37,88.1,166.0,36.51
EMP0113,2023-10,33,0.0,94.63,87.3,130.5,43.34
EMP0113,2023-11,26,0.0,94.07,94.1,160.0,55.61
EMP0113,2023-12,47,0.0,88.63,88.4,174.5,40.66
EMP0114,2023-01,66,0.0,98.08,94.8,157.9,79.26
EMP0114,2023-02,41,0.0,88.09,93.9,125.2,50.3
EMP0114,2023-03,73,0.0,96.68,92.3,154.6,73.6
EMP0114,2023-04,63,0.0,84.53,87.0,130.3,36.22
EMP0114,2023-05,39,0.0,87.33,93.9,174.4,48.22
EMP0114,2023-06,34,0.0,88.76,90.6,168.9,41.15
EMP0114,2023-07,23,0.0,99.14,86.1,168.1,44.69
EMP0114,2023-08,69,0.0,96.64,89.6,122.1,65.73
EMP0114,2023-09,64,0.0,93.9,87.9,159.8,55.09
EMP0114,2023-10,74,0.0,97.91,95.1,158.5,82.66
EMP0114,2023-11,66,0.0,92.88,91.1,184.4,61.52
EMP0114,2023-12,20,0.0,82.1,90.1,120.3,23.07
EMP0115,2023-01,46,0.0,92.44,95.7,165.0,63.99
EMP0115,2023-02,43,0.0,84.39,85.5,147.6,24.97
EMP0115,2023-03,78,0.0,94.74,88.7,124.5,63.68
EMP0115,2023-04,46,0.0,88.94,92.8,135.3,51.09
EMP0115,2023-05,73,0.0,82.86,85.7,158.3,34.01
EMP0115,2023-06,38,0.0,90.36,90.2,142.1,44.51
EMP0115,2023-07,52,0.0,97.33,86.5,179.4,53.33
EMP0115,2023-08,77,0.0,91.14,98.3,155.6,79.4
EMP0115,2023-09,65,0.0,90.05,96.8,144.6,69.5
EMP0115,2023-10,78,0.0,97.72,88.4,144.6,68.19
EMP0115,2023-11,61,0.0,84.57,90.5,175.2,43.71
EMP0115,2023-12,42,0.0,93.05,95.0,173.4,61.92
EMP0116,2023-01,54,795693.08,89.55,90.8,171.6,50.5
EMP0116,2023-02,32,307647.15,94.2,88.3,127.2,44.55
EMP0116,2023-03,39,551947.34,84.81,99.3,136.5,56.41
EMP0116,2023-04,28,210237.07,89.76,96.9,150.6,55.35
EMP0116,2023-05,35,1181851.48,84.35,96.6,156.6,47.8
EMP0116,2023-06,52,348088.92,83.63,87.4,154.7,31.45
EMP0116,2023-07,71,490648.07,87.19,93.5,161.1,59.04
EMP0116,2023-08,39,444054.6,96.07,89.4,168.7,53.01
EMP0116,2023-09,78,524545.03,86.21,99.3,123.6,73.48
EMP0116,2023-10,34,665067.07,85.98,87.6,130.6,29.28
EMP0116,2023-11,63,796230.7,85.63,89.4,122.9,43.74
EMP0116,2023-12,33,822151.06,89.49,92.6,148.6,46.72
EMP0117,2023-01,74,0.0,86.82,86.1,172.7,42.25
EMP0117,2023-02,77,0.0,85.28,92.6,161.5,55.85
EMP0117,2023-03,48,0.0,98.8,86.7,132.9,54.87
EMP0117,2023-04,58,0.0,89.65,89.4,143.5,48.9
EMP0117,2023-05,22,0.0,98.19,87.0,137.2,44.75
EMP0117,2023-06,73,0.0,99.72,91.6,128.3,77.28
EMP0117,2023-07,34,0.0,89.43,91.2,154.4,43.72
EMP0117,2023-08,50,0.0,90.46,95.1,120.5,60.62
EMP0117,2023-09,22,0.0,93.47,99.4,157.4,65.42
EMP0117,2023-10,44,0.0,90.52,96.7,165.3,62.21
EMP0117,2023-11,45,0.0,97.87,86.1,120.4,50.71
EMP0117,2023-12,59,0.0,98.56,85.4,165.1,55.54
EMP0118,2023-01,75,0.0,89.12,94.6,131.1,66.48
EMP0118,2023-02,70,0.0,86.68,85.3,163.8,38.64
EMP0118,2023-03,38,0.0,95.49,87.8,173.6,47.89
EMP0118,2023-04,25,0.0,91.19,85.1,142.9,29.19
EMP0118,2023-05,28,0.0,90.1,90.0,153.4,39.84
EMP0118,2023-06,65,0.0,94.86,96.9,126.3,78.15
EMP0118,2023-07,78,0.0,82.08,86.5,124.3,36.39
EMP0118,2023-08,27,0.0,92.03,93.8,171.2,51.71
EMP0118,2023-09,31,0.0,84.57,86.9,178.9,24.06
EMP0118,2023-10,35,0.0,83.32,99.2,153.5,52.07
EMP0118,2023-11,49,0.0,95.08,95.1,183.4,68.33
EMP0118,2023-12,37,0.0,99.55,95.5,176.8,72.59
EMP0119,2023-01,78,0.0,98.96,89.3,145.2,72.46
EMP0119,2023-02,62,0.0,89.6,89.8,154.0,51.25
EMP0119,2023-03,45,0.0,86.32,92.4,125.7,45.2
EMP0119,2023-04,49,0.0,90.37,86.2,126.2,39.32
EMP0119,2023-05,61,0.0,88.31,93.9,134.7,58.18
EMP0119,2023-06,78,0.0,99.77,87.8,157.6,70.38
EMP0119,2023-07,33,0.0,97.62,86.6,139.6,46.94
EMP0119,2023-08,78,0.0,88.45,86.7,163.1,48.0
EMP0119,2023-09,47,0.0,83.49,97.6,178.3,53.13
EMP0119,2023-10,68,0.0,87.96,93.1,131.0,58.33
EMP0119,2023-11,75,0.0,98.05,87.7,157.6,66.01
EMP0119,2023-12,59,0.0,98.69,96.7,171.6,82.13
EMP0120,2023-01,76,0.0,91.08,86.6,121.0,51.62
EMP0120,2023-02,51,0.0,87.93,90.8,166.5,46.54
EMP0120,2023-03,53,0.0,85.1,87.7,163.1,35.1
EMP0120,2023-04,45,0.0,82.29,93.0,165.1,39.55
EMP0120,2023-05,68,0.0,88.09,92.3,130.5,56.69
EMP0120,2023-06,66,0.0,99.19,99.8,176.0,92.87
EMP0120,2023-07,79,0.0,96.94,90.0,153.7,70.94
EMP0120,2023-08,50,0.0,93.77,86.9,163.2,47.28
EMP0120,2023-09,34,0.0,96.54,98.1,138.8,72.26
EMP0120,2023-10,38,0.0,84.9,85.8,160.1,24.69
EMP0120,2023-11,21,0.0,95.57,87.8,152.4,41.66
EMP0120,2023-12,80,0.0,98.7,85.4,172.9,63.66
EMP0121,2023-01,42,0.0,82.9,87.2,173.1,25.96
EMP0121,2023-02,43,0.0,99.0,99.8,133.8,83.91
EMP0121,2023-03,62,0.0,92.48,88.4,135.4,53.02
EMP0121,2023-04,77,0.0,92.65,98.4,139.8,82.28
EMP0121,2023-05,58,0.0,89.33,88.0,122.6,45.08
EMP0121,2023-06,53,0.0,82.35,95.8,183.9,49.19
EMP0121,2023-07,43,0.0,88.64,92.1,163.2,47.81
EMP0121,2023-08,57,0.0,87.96,87.9,147.5,42.07
EMP0121,2023-09,43,0.0,87.05,95.5,160.0,52.96
EMP0121,2023-10,59,0.0,95.75,93.9,165.4,70.45
EMP0121,2023-11,66,0.0,91.44,87.3,163.1,50.14
EMP0121,2023-12,31,0.0,86.61,95.8,155.6,48.39
EMP0122,2023-01,23,0.0,96.71,92.9,164.6,56.3
EMP0122,2023-02,55,0.0,83.38,94.2,172.6,48.01
EMP0122,2023-03,60,0.0,82.87,97.4,178.5,56.46
EMP0122,2023-04,67,0.0,91.62,94.2,166.5,66.93
EMP0122,2023-05,57,0.0,98.06,95.7,145.8,77.95
EMP0122,2023-06,25,0.0,83.23,97.3,140.0,43.73
EMP0122,2023-07,20,0.0,86.45,87.3,164.5,24.15
EMP0122,2023-08,75,0.0,94.83,97.9,164.8,84.18
EMP0122,2023-09,34,0.0,83.28,88.6,163.9,26.89
EMP0122,2023-10,71,0.0,91.47,90.2,176.7,58.83
EMP0122,2023-11,37,0.0,84.6,96.1,161.1,47.82
EMP0122,2023-12,53,0.0,90.68,93.2,120.6,57.7
EMP0123,2023-01,43,0.0,90.07,85.6,126.8,35.15
EMP0123,2023-02,67,0.0,94.88,93.1,164.0,70.06
EMP0123,2023-03,47,0.0,87.89,90.4,136.6,44.03
EMP0123,2023-04,75,0.0,95.66,86.8,159.5,59.73
EMP0123,2023-05,63,0.0,90.82,89.7,161.4,53.53
EMP0123,2023-06,51,0.0,94.41,92.1,133.7,60.91
EMP0123,2023-07,31,0.0,95.92,89.8,178.8,50.68
EMP0123,2023-08,38,0.0,89.06,88.5,167.5,38.27
EMP0123,2023-09,77,0.0,86.0,98.4,165.0,70.64
EMP0123,2023-10,55,0.0,94.95,93.5,172.2,66.62
EMP0123,2023-11,60,0.0,91.13,95.7,161.3,66.94
EMP0123,2023-12,20,0.0,90.25,89.7,153.4,36.4
EMP0124,2023-01,67,0.0,95.73,86.8,149.3,56.85
EMP0124,2023-02,33,0.0,99.06,87.9,125.9,52.5
EMP0124,2023-03,27,0.0,99.34,94.0,141.7,64.97
EMP0124,2023-04,33,0.0,98.18,94.1,128.8,65.42
EMP0124,2023-05,80,0.0,94.63,87.9,134.8,62.37
EMP0124,2023-06,36,0.0,93.24,95.1,155.6,60.24
EMP0124,2023-07,69,0.0,94.75,89.6,134.5,62.42
EMP0124,2023-08,79,0.0,95.92,93.4,129.6,77.09
EMP0124,2023-09,69,0.0,97.97,87.4,151.3,62.92
EMP0124,2023-10,35,0.0,90.92,93.4,183.5,51.84
EMP0124,2023-11,64,0.0,99.67,87.3,161.0,63.79
EMP0124,2023-12,50,0.0,97.92,99.7,166.8,84.41
EMP0125,2023-01,61,0.0,94.88,87.0,167.3,53.58
EMP0125,2023-02,62,0.0,96.13,95.3,184.1,75.51
EMP0125,2023-03,46,0.0,92.77,86.9,178.0,44.03
EMP0125,2023-04,74,0.0,99.13,86.5,175.9,64.73
EMP0125,2023-05,38,0.0,83.56,96.5,147.0,47.31
EMP0125,2023-06,55,0.0,89.34,85.5,176.3,38.14
EMP0125,2023-07,34,0.0,84.13,92.3,173.2,37.01
EMP0125,2023-08,25,0.0,95.25,92.0,149.4,52.4
EMP0125,2023-09,67,0.0,87.72,100.0,147.9,73.63
EMP0125,2023-10,34,0.0,94.17,92.3,147.7,54.58
EMP0125,2023-11,59,0.0,91.19,86.7,160.4,45.67
EMP0125,2023-12,67,0.0,87.76,93.7,146.4,59.01
EMP0126,2023-01,72,0.0,82.63,99.0,132.8,64.27
EMP0126,2023-02,27,0.0,82.76,90.0,122.6,26.62
EMP0126,2023-03,64,0.0,91.45,96.2,141.6,70.17
EMP0126,2023-04,68,0.0,95.16,89.4,153.9,62.3
EMP0126,2023-05,74,0.0,87.59,86.2,174.0,43.83
EMP0126,2023-06,79,0.0,82.65,89.0,123.7,43.6
EMP0126,2023-07,40,0.0,94.99,87.9,175.1,48.0
EMP0126,2023-08,66,0.0,89.11,95.8,151.1,65.89
EMP0126,2023-09,53,0.0,98.68,87.2,163.0,57.7
EMP0126,2023-10,47,0.0,97.23,89.5,136.8,58.28
EMP0126,2023-11,26,0.0,90.85,92.5,172.8,46.24
EMP0126,2023-12,78,0.0,99.72,87.4,177.5,69.36
EMP0127,2023-01,47,0.0,96.41,91.5,177.4,61.51
EMP0127,2023-02,40,0.0,89.05,88.7,125.5,39.47
EMP0127,2023-03,53,0.0,91.83,92.2,133.1,57.38
EMP0127,2023-04,44,0.0,88.04,94.1,120.2,51.8
EMP0127,2023-05,27,0.0,96.61,94.1,161.9,60.43
EMP0127,2023-06,35,0.0,87.88,93.3,176.4,46.28
EMP0127,2023-07,23,0.0,96.3,95.9,166.2,62.58
EMP0127,2023-08,38,0.0,82.66,90.0,157.3,30.57
EMP0127,2023-09,66,0.0,99.22,95.4,136.5,82.65
EMP0127,2023-10,57,0.0,93.78,99.1,179.8,78.39
EMP0127,2023-11,56,0.0,83.68,98.7,154.1,59.41
EMP0127,2023-12,27,0.0,91.01,87.2,126.1,34.53
EMP0128,2023-01,46,0.0,99.39,88.0,143.4,58.18
EMP0128,2023-02,79,0.0,95.73,94.5,170.6,79.32
EMP0128,2023-03,35,0.0,98.22,98.0,129.5,75.34
EMP0128,2023-04,53,0.0,91.71,96.6,178.0,67.43
EMP0128,2023-05,77,0.0,87.29,89.5,183.0,52.13
EMP0128,2023-06,26,0.0,86.76,95.0,152.8,44.91
EMP0128,2023-07,67,0.0,90.21,85.4,125.8,43.93
EMP0128,2023-08,38,0.0,99.5,88.2,128.0,55.84
EMP0128,2023-09,43,0.0,86.77,87.9,129.8,34.74
EMP0128,2023-10,55,0.0,89.76,94.2,157.9,59.17
EMP0128,2023-11,75,0.0,86.63,93.8,154.5,60.26
EMP0128,2023-12,53,0.0,84.42,95.6,175.9,52.34
EMP0129,2023-01,29,0.0,86.23,99.3,167.2,55.14
EMP0129,2023-02,78,0.0,97.19,88.1,126.1,66.57
EMP0129,2023-03,45,0.0,90.29,97.3,144.9,63.58
EMP0129,2023-04,25,0.0,93.41,99.0,172.1,65.51
EMP0129,2023-05,32,0.0,89.92,93.4,162.4,48.96
EMP0129,2023-06,56,0.0,99.29,89.4,139.3,65.02
EMP0129,2023-07,71,0.0,97.33,90.4,121.8,69.55
EMP0129,2023-08,49,0.0,96.45,98.7,139.5,79.13
EMP0129,2023-09,21,0.0,84.64,86.5,166.3,19.5
EMP0129,2023-10,73,0.0,86.4,100.0,120.8,73.58
EMP0129,2023-11,31,0.0,91.14,94.7,136.7,53.75
EMP0129,2023-12,44,0.0,93.83,90.5,149.1,53.54
EMP0130,2023-01,36,232505.22,92.41,86.3,146.4,38.25
EMP0130,2023-02,52,928991.5,98.33,85.2,176.8,52.04
EMP0130,2023-03,33,1097976.11,91.29,89.9,157.1,43.57
EMP0130,2023-04,72,651929.26,86.26,86.6,181.5,41.69
EMP0130,2023-05,49,332305.21,91.54,88.2,152.6,46.04
EMP0130,2023-06,77,1188967.36,98.77,91.3,124.4,76.42
EMP0130,2023-07,34,653475.11,82.98,85.3,165.8,18.66
EMP0130,2023-08,29,390281.61,91.44,87.8,120.9,37.43
EMP0130,2023-09,79,715964.85,90.85,93.4,124.7,68.21
EMP0130,2023-10,45,221598.76,83.49,86.6,180.2,26.72
EMP0130,2023-11,54,432705.32,90.34,91.7,143.0,53.98
EMP0130,2023-12,42,713110.34,83.66,95.8,134.2,47.35
EMP0131,2023-01,38,0.0,83.54,98.0,162.5,50.78
EMP0131,2023-02,33,0.0,95.48,97.5,129.7,68.63
EMP0131,2023-03,30,0.0,84.68,97.2,169.0,47.91
EMP0131,2023-04,37,0.0,96.11,88.2,152.6,49.53
EMP0131,2023-05,35,0.0,84.86,91.9,123.3,37.73
EMP0131,2023-06,60,0.0,97.7,86.3,156.3,56.51
EMP0131,2023-07,42,0.0,90.72,98.7,134.3,66.48
EMP0131,2023-08,39,0.0,93.94,88.3,158.0,46.72
EMP0131,2023-09,29,0.0,96.69,96.9,138.0,67.85
EMP0131,2023-10,46,0.0,88.67,95.9,142.9,57.86
EMP0131,2023-11,55,0.0,89.09,97.4,123.3,65.47
EMP0131,2023-12,65,0.0,84.12,98.4,166.0,62.85
EMP0132,2023-01,24,263003.68,93.09,88.2,175.9,39.37
EMP0132,2023-02,47,359551.49,99.24,86.7,150.1,55.26
EMP0132,2023-03,57,331095.47,88.19,97.7,174.3,65.34
EMP0132,2023-04,77,321213.6,83.1,95.7,143.3,59.27
EMP0132,2023-05,64,799653.3,84.63,87.1,125.3,37.0
EMP0132,2023-06,61,1161957.09,99.01,90.0,150.8,67.81
EMP0132,2023-07,57,533590.81,99.15,92.0,161.5,71.22
EMP0132,2023-08,64,1153733.06,84.17,93.1,149.8,50.2
EMP0132,2023-09,24,304622.5,98.86,92.9,148.8,60.44
EMP0132,2023-10,72,597054.66,92.96,100.0,136.6,84.68
EMP0132,2023-11,66,668628.19,96.44,85.8,130.0,55.39
EMP0132,2023-12,48,1126914.78,95.37,97.4,174.9,73.83
EMP0133,2023-01,21,0.0,92.74,86.2,157.5,32.97
EMP0133,2023-02,63,0.0,90.5,98.8,132.9,74.2
EMP0133,2023-03,46,0.0,92.95,97.2,139.1,68.38
EMP0133,2023-04,45,0.0,96.94,95.8,177.6,71.72
EMP0133,2023-05,70,0.0,82.56,92.5,127.8,48.23
EMP0133,2023-06,74,0.0,83.28,94.0,135.6,54.49
EMP0133,2023-07,45,0.0,86.57,98.5,162.9,59.87
EMP0133,2023-08,69,0.0,85.87,85.7,177.8,37.78
EMP0133,2023-09,46,0.0,84.84,91.9,136.8,41.82
EMP0133,2023-10,24,0.0,90.32,96.8,163.8,54.59
EMP0133,2023-11,36,0.0,85.01,93.8,167.9,42.8
EMP0133,2023-12,68,0.0,86.39,88.0,165.6,43.68
EMP0134,2023-01,61,0.0,93.35,95.8,127.2,71.44
EMP0134,2023-02,33,0.0,93.81,89.2,125.4,46.34
EMP0134,2023-03,65,0.0,84.15,93.2,173.0,50.77
EMP0134,2023-04,53,0.0,82.35,92.1,141.4,40.55
EMP0134,2023-05,44,0.0,85.13,94.4,183.5,47.41
EMP0134,2023-06,29,0.0,89.86,93.9,133.0,48.9
EMP0134,2023-07,57,0.0,99.15,95.0,175.9,78.22
EMP0134,2023-08,56,0.0,94.86,93.0,136.5,65.67
EMP0134,2023-09,27,0.0,93.54,96.3,179.7,60.19
EMP0134,2023-10,36,0.0,86.1,96.1,144.0,50.07
EMP0134,2023-11,68,0.0,88.03,98.5,158.9,71.05
EMP0134,2023-12,28,0.0,83.77,86.0,125.8,19.43
EMP0135,2023-01,43,0.0,92.84,86.2,139.0,41.4
EMP0135,2023-02,37,0.0,84.23,90.4,182.0,33.88
EMP0135,2023-03,51,0.0,88.45,90.0,124.7,45.58
EMP0135,2023-04,61,0.0,93.4,93.2,132.6,65.46
EMP0135,2023-05,59,0.0,91.4,88.4,129.8,50.01
EMP0135,2023-06,73,0.0,98.77,89.7,130.1,71.19
EMP0135,2023-07,61,0.0,90.09,99.1,155.2,73.43
EMP0135,2023-08,75,0.0,86.28,91.1,177.3,53.35
EMP0135,2023-09,69,0.0,84.31,94.5,170.2,55.58
EMP0135,2023-10,58,0.0,93.69,90.4,144.4,58.31
EMP0135,2023-11,75,0.0,94.02,87.9,163.4,59.43
EMP0135,2023-12,66,0.0,86.56,87.5,159.3,42.06
EMP0136,2023-01,79,0.0,92.0,95.3,160.2,74.66
EMP0136,2023-02,43,0.0,86.33,92.6,146.9,44.94
EMP0136,2023-03,37,0.0,93.91,91.6,158.9,53.62
EMP0136,2023-04,74,0.0,82.98,87.4,175.6,38.57
EMP0136,2023-05,38,0.0,94.77,89.5,123.5,50.6
EMP0136,2023-06,42,0.0,84.85,93.3,169.4,43.6
EMP0136,2023-07,76,0.0,96.87,90.9,168.4,71.79
EMP0136,2023-08,79,0.0,96.86,91.3,137.1,73.83
EMP0136,2023-09,46,0.0,93.7,98.3,176.3,72.26
EMP0136,2023-10,56,0.0,87.98,89.0,143.8,44.3
EMP0136,2023-11,65,0.0,85.89,88.8,150.1,43.55
EMP0136,2023-12,74,0.0,97.4,87.9,154.7,64.97
EMP0137,2023-01,52,1092188.53,82.7,91.1,123.7,38.46
EMP0137,2023-02,48,1038542.11,96.83,99.1,132.8,80.35
EMP0137,2023-03,29,611178.71,95.82,88.4,160.2,46.49
EMP0137,2023-04,49,531555.78,92.8,94.3,120.8,62.47
EMP0137,2023-05,33,671453.62,98.68,87.8,137.9,51.6
EMP0137,2023-06,76,548786.09,91.37,91.3,140.8,63.1
EMP0137,2023-07,51,836939.46,89.75,86.1,130.3,38.75
EMP0137,2023-08,79,225343.75,82.38,95.9,131.2,59.22
EMP0137,2023-09,31,718775.48,89.37,91.3,157.1,42.72
EMP0137,2023-10,43,730073.77,98.14,99.7,171.3,82.17
EMP0137,2023-11,37,271778.3,87.75,87.6,134.8,33.5
EMP0137,2023-12,37,893850.29,88.85,89.6,133.2,40.1
EMP0138,2023-01,41,721764.13,93.42,99.9,122.5,73.63
EMP0138,2023-02,40,1067486.49,99.2,89.1,147.5,58.17
EMP0138,2023-03,22,757206.48,83.42,87.2,159.2,19.37
EMP0138,2023-04,69,637253.9,97.09,94.1,173.6,77.02
EMP0138,2023-05,35,208323.31,83.35,86.4,128.4,22.25
EMP0138,2023-06,69,347961.63,88.7,85.5,180.8,42.27
EMP0138,2023-07,58,490067.16,91.1,91.8,124.6,57.04
EMP0138,2023-08,70,885783.6,83.56,90.9,176.3,46.25
EMP0138,2023-09,44,817604.68,99.05,94.1,131.5,71.07
EMP0138,2023-10,33,224727.6,90.54,94.5,170.0,52.99
EMP0138,2023-11,60,994339.59,94.84,92.4,152.2,65.74
EMP0138,2023-12,76,1013759.67,98.81,87.0,143.7,66.08
EMP0139,2023-01,65,0.0,98.39,98.1,143.8,87.12
EMP0139,2023-02,72,0.0,91.47,93.7,182.9,67.37
EMP0139,2023-03,67,0.0,84.98,88.7,148.4,42.47
EMP0139,2023-04,72,0.0,90.53,88.7,152.6,54.06
EMP0139,2023-05,68,0.0,83.78,92.9,173.0,50.55
EMP0139,2023-06,43,0.0,90.18,95.6,169.0,58.67
EMP0139,2023-07,76,0.0,86.88,93.4,128.3,60.14
EMP0139,2023-08,38,0.0,93.43,89.8,145.4,48.95
EMP0139,2023-09,62,0.0,85.68,96.4,133.0,59.79
EMP0139,2023-10,45,0.0,93.83,87.5,151.8,46.91
EMP0139,2023-11,29,0.0,82.7,87.6,181.6,21.67
EMP0139,2023-12,70,0.0,88.21,99.0,124.7,73.28
EMP0140,2023-01,63,0.0,94.66,99.9,177.6,84.05
EMP0140,2023-02,70,0.0,84.05,99.7,177.1,67.64
EMP0140,2023-03,78,0.0,83.28,85.5,157.9,36.16
EMP0140,2023-04,70,0.0,94.0,94.7,155.8,73.38
EMP0140,2023-05,76,0.0,96.32,88.1,160.4,64.29
EMP0140,2023-06,53,0.0,98.33,90.3,136.4,64.32
EMP0140,2023-07,76,0.0,90.39,98.9,145.6,79.12
EMP0140,2023-08,42,0.0,98.62,99.8,157.5,82.87
EMP0140,2023-09,68,0.0,94.26,89.2,140.9,60.26
EMP0140,2023-10,34,0.0,91.83,90.5,175.8,46.29
EMP0140,2023-11,74,0.0,82.52,92.0,179.3,48.49
EMP0140,2023-12,55,0.0,95.05,94.2,153.0,68.43
EMP0141,2023-01,38,745929.67,98.87,91.3,138.4,61.97
EMP0141,2023-02,55,384022.22,97.58,99.9,143.7,86.16
EMP0141,2023-03,76,1022979.54,90.53,95.2,145.6,70.73
EMP0141,2023-04,36,361091.6,87.42,88.1,158.5,33.72
EMP0141,2023-05,22,804817.8,97.06,97.4,153.1,67.04
EMP0141,2023-06,54,427836.95,97.5,91.0,168.3,64.88
EMP0141,2023-07,77,465620.78,87.69,86.8,156.2,46.53
EMP0141,2023-08,28,406600.14,88.93,90.2,123.9,38.26
EMP0141,2023-09,64,811606.98,93.21,85.6,168.2,48.52
EMP0141,2023-10,76,406264.99,91.74,86.9,134.5,53.48
EMP0141,2023-11,20,932429.52,85.75,87.3,184.2,22.93
EMP0141,2023-12,21,1052615.82,94.59,94.0,147.7,54.41
EMP0142,2023-01,55,0.0,95.75,88.8,124.0,57.05
EMP0142,2023-02,74,0.0,91.8,88.2,162.0,55.87
EMP0142,2023-03,59,0.0,87.74,99.8,179.0,70.2
EMP0142,2023-04,31,0.0,83.54,94.0,163.7,38.82
EMP0142,2023-05,41,0.0,92.94,94.7,162.8,60.65
EMP0142,2023-06,35,0.0,87.24,87.3,171.3,31.16
EMP0142,2023-07,73,0.0,92.64,99.3,150.9,82.86
EMP0142,2023-08,60,0.0,89.14,90.7,182.0,51.8
EMP0142,2023-09,34,0.0,88.92,90.2,161.3,40.49
EMP0142,2023-10,76,0.0,82.36,93.3,124.5,52.0
EMP0142,2023-11,43,0.0,95.67,92.9,148.4,61.98
EMP0142,2023-12,42,0.0,88.8,94.3,179.9,52.85
EMP0143,2023-01,25,0.0,85.36,85.4,157.5,19.69
EMP0143,2023-02,64,0.0,82.98,97.2,177.4,57.68
EMP0143,2023-03,75,0.0,84.22,92.5,169.3,53.01
EMP0143,2023-04,37,0.0,97.02,94.6,133.0,66.06
EMP0143,2023-05,75,0.0,90.39,90.7,139.6,59.61
EMP0143,2023-06,51,0.0,91.79,90.7,123.5,53.06
EMP0143,2023-07,38,0.0,83.36,90.5,124.2,32.96
EMP0143,2023-08,57,0.0,94.12,85.3,174.7,46.79
EMP0143,2023-09,46,0.0,93.09,87.8,120.3,46.69
EMP0143,2023-10,67,0.0,87.42,93.9,164.6,58.88
EMP0143,2023-11,67,0.0,86.44,98.2,143.5,67.2
EMP0143,2023-12,68,0.0,92.11,93.7,181.1,66.99
EMP0144,2023-01,43,0.0,98.73,91.8,124.8,64.77
EMP0144,2023-02,50,0.0,89.44,99.2,169.1,68.4
EMP0144,2023-03,69,0.0,91.07,99.3,139.5,78.61
EMP0144,2023-04,52,0.0,94.85,97.1,144.0,73.72
EMP0144,2023-05,42,0.0,87.05,91.6,136.6,43.49
EMP0144,2023-06,47,0.0,99.0,93.7,169.4,71.18
EMP0144,2023-07,72,0.0,96.31,96.0,125.1,81.21
EMP0144,2023-08,46,0.0,98.13,91.0,126.2,62.98
EMP0144,2023-09,50,0.0,82.4,95.3,155.2,46.98
EMP0144,2023-10,21,0.0,87.24,99.4,176.4,54.15
EMP0144,2023-11,71,0.0,90.25,99.7,173.6,78.86
EMP0144,2023-12,35,0.0,90.93,94.9,158.8,55.35
EMP0145,2023-01,71,0.0,94.03,86.3,122.6,54.21
EMP0145,2023-02,68,0.0,82.52,87.1,145.5,34.81
EMP0145,2023-03,76,0.0,97.75,95.2,168.1,83.36
EMP0145,2023-04,67,0.0,85.53,85.6,184.8,36.2
EMP0145,2023-05,23,0.0,86.33,99.4,172.2,53.3
EMP0145,2023-06,38,0.0,85.28,96.9,128.4,51.26
EMP0145,2023-07,28,0.0,85.16,94.4,146.1,41.46
EMP0145,2023-08,35,0.0,98.7,93.0,138.5,64.52
EMP0145,2023-09,56,0.0,91.38,86.8,125.1,45.11
EMP0145,2023-10,67,0.0,96.34,97.3,176.4,82.42
EMP0145,2023-11,35,0.0,92.07,86.6,159.4,37.98
EMP0145,2023-12,20,0.0,94.98,96.2,165.4,59.85
EMP0146,2023-01,59,0.0,98.59,99.2,159.3,87.79
EMP0146,2023-02,55,0.0,85.74,90.5,121.8,43.5
EMP0146,2023-03,40,0.0,94.9,99.4,153.8,74.68
EMP0146,2023-04,36,0.0,92.69,99.6,174.6,69.77
EMP0146,2023-05,78,0.0,89.2,96.1,152.4,71.25
EMP0146,2023-06,76,0.0,90.85,98.4,163.7,78.75
EMP0146,2023-07,63,0.0,98.9,91.0,155.6,70.7
EMP0146,2023-08,78,0.0,86.41,88.8,183.6,49.33
EMP0146,2023-09,59,0.0,93.72,85.1,174.2,46.37
EMP0146,2023-10,49,0.0,90.63,85.6,147.5,38.38
EMP0146,2023-11,44,0.0,96.1,89.8,167.5,55.87
EMP0146,2023-12,68,0.0,90.35,89.1,159.3,53.18
EMP0147,2023-01,68,0.0,86.22,86.6,122.9,40.12
EMP0147,2023-02,36,0.0,83.3,95.6,152.3,44.01
EMP0147,2023-03,48,0.0,98.01,93.1,159.3,68.42
EMP0147,2023-04,23,0.0,88.07,95.2,169.7,46.55
EMP0147,2023-05,66,0.0,97.4,88.2,161.0,62.67
EMP0147,2023-06,80,0.0,85.01,92.2,140.6,55.57
EMP0147,2023-07,54,0.0,98.58,90.9,125.1,66.53
EMP0147,2023-08,38,0.0,83.94,96.6,129.9,48.21
EMP0147,2023-09,75,0.0,91.73,89.7,129.7,59.62
EMP0147,2023-10,65,0.0,84.39,86.7,122.3,36.02
EMP0147,2023-11,72,0.0,94.49,96.2,138.7,78.49
EMP0147,2023-12,36,0.0,82.59,85.4,172.8,18.97
EMP0148,2023-01,39,0.0,96.16,85.4,143.0,43.84
EMP0148,2023-02,59,0.0,82.11,90.5,154.7,38.65
EMP0148,2023-03,51,0.0,84.79,93.2,155.9,46.64
EMP0148,2023-04,64,0.0,87.85,90.5,162.4,50.57
EMP0148,2023-05,60,0.0,89.8,98.6,161.0,71.38
EMP0148,2023-06,74,0.0,86.08,92.4,155.6,55.66
EMP0148,2023-07,41,0.0,82.51,94.4,123.5,41.7
EMP0148,2023-08,69,0.0,85.0,89.2,139.8,44.43
EMP0148,2023-09,51,0.0,85.14,89.4,126.0,38.39
EMP0148,2023-10,74,0.0,94.13,87.6,177.1,58.54
EMP0148,2023-11,45,0.0,89.42,98.7,165.4,65.33
EMP0148,2023-12,78,0.0,99.53,98.5,163.6,94.93
EMP0149,2023-01,72,0.0,87.44,90.3,137.5,52.39
EMP0149,2023-02,55,0.0,86.54,98.3,179.9,63.1
EMP0149,2023-03,41,0.0,88.18,97.5,134.5,58.86
EMP0149,2023-04,26,0.0,84.68,86.0,130.5,20.27
EMP0149,2023-05,63,0.0,83.57,85.1,163.5,30.11
EMP0149,2023-06,70,0.0,98.09,90.6,123.2,70.97
EMP0149,2023-07,47,0.0,87.73,95.7,177.9,56.12
EMP0149,2023-08,26,0.0,87.62,98.5,134.2,54.59
EMP0149,2023-09,53,0.0,87.96,96.1,136.7,59.7
EMP0149,2023-10,67,0.0,82.66,93.6,125.9,49.85
EMP0149,2023-11,69,0.0,85.56,91.6,122.5,51.0
EMP0149,2023-12,28,0.0,98.56,86.8,123.2,47.18
EMP0150,2023-01,28,0.0,92.93,98.7,184.7,65.09
EMP0150,2023-02,23,0.0,90.05,97.2,123.0,54.68
EMP0150,2023-03,27,0.0,89.21,86.5,176.3,29.74
EMP0150,2023-04,29,0.0,97.83,99.1,140.4,74.98
EMP0150,2023-05,22,0.0,97.7,99.2,164.8,72.36
EMP0150,2023-06,62,0.0,84.16,95.0,180.1,53.86
EMP0150,2023-07,27,0.0,97.1,91.5,126.9,55.22
EMP0150,2023-08,74,0.0,84.34,91.0,164.9,49.35
EMP0150,2023-09,49,0.0,96.19,96.9,181.8,74.47
EMP0150,2023-10,46,0.0,93.93,86.6,151.0,45.36
EMP0150,2023-11,24,0.0,96.02,99.6,128.0,71.1
EMP0150,2023-12,56,0.0,88.07,89.3,181.2,45.16
EMP0151,2023-01,39,0.0,96.93,86.8,147.1,48.45
EMP0151,2023-02,40,0.0,90.17,99.9,151.7,67.56
EMP0151,2023-03,43,0.0,94.61,99.3,158.3,75.06
EMP0151,2023-04,24,0.0,97.01,95.7,140.0,63.73
EMP0151,2023-05,49,0.0,98.51,86.9,174.8,55.2
EMP0151,2023-06,21,0.0,94.03,96.7,163.3,59.73
EMP0151,2023-07,40,0.0,95.11,98.8,140.6,73.64
EMP0151,2023-08,31,0.0,84.8,93.1,133.0,38.92
EMP0151,2023-09,79,0.0,91.93,99.4,164.6,84.1
EMP0151,2023-10,30,0.0,96.92,94.9,124.9,63.96
EMP0151,2023-11,20,0.0,93.49,86.7,136.0,35.07
EMP0151,2023-12,63,0.0,87.14,94.0,175.6,57.12
EMP0152,2023-01,22,1163279.78,95.83,91.2,146.1,50.42
EMP0152,2023-02,57,794596.15,92.29,98.5,150.3,74.38
EMP0152,2023-03,64,854345.94,90.66,92.1,135.6,59.22
EMP0152,2023-04,67,1103928.95,96.34,89.9,140.8,65.15
EMP0152,2023-05,30,1014998.73,98.77,89.0,157.2,53.43
EMP0152,2023-06,74,508369.63,82.56,86.3,170.2,35.26
EMP0152,2023-07,68,1141434.43,96.04,85.1,146.0,53.8
EMP0152,2023-08,38,697761.21,87.35,88.6,122.3,35.51
EMP0152,2023-09,58,889595.71,82.71,85.5,144.8,27.66
EMP0152,2023-10,29,1113642.23,85.19,99.5,171.3,53.79
EMP0152,2023-11,51,739026.81,91.28,94.7,171.2,61.5
EMP0152,2023-12,66,1004544.24,94.97,93.8,164.0,71.48
EMP0153,2023-01,61,0.0,99.51,92.9,159.7,75.45
EMP0153,2023-02,37,0.0,82.62,85.5,155.4,19.63
EMP0153,2023-03,30,0.0,83.36,96.6,140.3,44.2
EMP0153,2023-04,47,0.0,92.29,86.7,182.8,43.1
EMP0153,2023-05,63,0.0,93.65,99.2,122.4,80.65
EMP0153,2023-06,62,0.0,91.3,88.4,141.7,50.96
EMP0153,2023-07,41,0.0,87.68,94.1,140.9,50.05
EMP0153,2023-08,78,0.0,86.62,88.1,177.9,48.07
EMP0153,2023-09,58,0.0,94.64,94.9,133.6,70.47
EMP0153,2023-10,45,0.0,85.74,90.2,183.2,39.05
EMP0153,2023-11,57,0.0,94.04,95.7,149.5,70.91
EMP0153,2023-12,21,0.0,94.31,92.3,159.1,49.95
EMP0154,2023-01,44,0.0,88.2,92.5,161.9,48.35
EMP0154,2023-02,76,0.0,94.45,95.8,155.2,78.99
EMP0154,2023-03,31,0.0,88.13,88.3,132.9,33.55
EMP0154,2023-04,40,0.0,85.72,93.0,146.4,43.68
EMP0154,2023-05,64,0.0,98.65,91.7,147.3,72.27
EMP0154,2023-06,75,0.0,90.49,93.6,141.0,66.55
EMP0154,2023-07,61,0.0,95.64,86.2,133.4,53.05
EMP0154,2023-08,64,0.0,88.86,98.8,160.8,71.7
EMP0154,2023-09,80,0.0,99.03,90.1,121.5,75.2
EMP0154,2023-10,68,0.0,92.13,86.8,168.9,50.93
EMP0154,2023-11,56,0.0,91.76,87.9,159.3,48.35
EMP0154,2023-12,57,0.0,88.35,96.2,121.8,62.12
EMP0155,2023-01,29,353797.07,91.98,85.3,160.0,32.54
EMP0155,2023-02,59,330668.58,91.44,86.7,182.7,46.11
EMP0155,2023-03,38,1034268.88,94.63,92.6,128.1,57.59
EMP0155,2023-04,73,411021.02,86.36,88.5,153.8,46.67
EMP0155,2023-05,32,1126955.34,90.07,92.7,166.3,47.59
EMP0155,2023-06,40,529056.94,82.95,87.2,161.8,25.3
EMP0155,2023-07,67,475908.77,82.22,86.3,133.9,32.04
EMP0155,2023-08,64,882021.59,93.22,91.5,162.2,62.3
EMP0155,2023-09,74,916012.16,86.17,90.2,142.3,50.68
EMP0155,2023-10,24,1153631.8,91.84,86.7,172.5,33.69
EMP0155,2023-11,46,297018.93,86.94,86.3,180.7,32.43
EMP0155,2023-12,20,1156146.43,87.28,95.0,144.2,43.57
EMP0156,2023-01,47,0.0,82.45,95.8,127.1,47.11
EMP0156,2023-02,45,0.0,90.67,86.2,168.8,38.35
EMP0156,2023-03,24,0.0,83.02,94.3,175.7,35.98
EMP0156,2023-04,32,0.0,89.77,92.4,160.7,46.36
EMP0156,2023-05,80,0.0,91.59,97.0,136.3,78.28
EMP0156,2023-06,63,0.0,89.53,93.3,123.5,59.67
EMP0156,2023-07,60,0.0,95.5,93.7,134.9,69.93
EMP0156,2023-08,63,0.0,83.29,93.0,148.5,48.05
EMP0156,2023-09,23,0.0,98.08,93.4,122.5,59.87
EMP0156,2023-10,35,0.0,95.97,98.4,153.6,72.34
EMP0156,2023-11,35,0.0,93.26,99.8,147.1,70.86
EMP0156,2023-12,35,0.0,94.98,93.7,163.8,59.64
EMP0157,2023-01,37,0.0,91.56,99.0,129.8,66.77
EMP0157,2023-02,64,0.0,83.96,85.5,169.4,32.1
EMP0157,2023-03,47,0.0,91.3,86.2,166.0,40.2
EMP0157,2023-04,22,0.0,86.95,91.7,177.9,36.05
EMP0157,2023-05,56,0.0,86.69,87.6,127.3,38.77
EMP0157,2023-06,67,0.0,92.19,88.3,177.3,54.16
EMP0157,2023-07,64,0.0,82.47,91.8,124.5,44.19
EMP0157,2023-08,36,0.0,95.19,87.9,170.1,46.85
EMP0157,2023-09,25,0.0,97.69,90.0,171.2,52.0
EMP0157,2023-10,74,0.0,98.13,85.1,126.0,59.71
EMP0157,2023-11,39,0.0,83.32,92.7,138.5,38.4
EMP0157,2023-12,53,0.0,96.6,85.4,175.9,49.86
EMP0158,2023-01,57,0.0,92.95,97.7,160.1,73.67
EMP0158,2023-02,59,0.0,96.76,89.7,133.0,62.42
EMP0158,2023-03,30,0.0,95.75,96.0,184.7,64.48
EMP0158,2023-04,72,0.0,82.35,97.0,171.9,59.11
EMP0158,2023-05,66,0.0,84.74,96.3,137.2,59.41
EMP0158,2023-06,78,0.0,87.45,89.0,172.5,51.62
EMP0158,2023-07,75,0.0,99.38,92.4,138.6,79.31
EMP0158,2023-08,37,0.0,93.48,94.7,124.1,60.1
EMP0158,2023-09,65,0.0,86.13,94.9,139.2,58.2
EMP0158,2023-10,64,0.0,87.93,87.9,135.2,44.64
EMP0158,2023-11,75,0.0,84.21,88.6,164.2,43.89
EMP0158,2023-12,28,0.0,94.72,98.3,170.9,67.29
EMP0159,2023-01,65,0.0,84.0,94.6,181.9,53.77
EMP0159,2023-02,68,0.0,88.6,89.1,139.9,50.12
EMP0159,2023-03,25,0.0,93.91,87.6,150.0,39.78
EMP0159,2023-04,64,0.0,83.95,92.7,174.9,48.88
EMP0159,2023-05,63,0.0,85.55,98.2,166.3,64.14
EMP0159,2023-06,53,0.0,93.97,87.8,144.6,50.86
EMP0159,2023-07,50,0.0,89.74,91.7,144.5,51.43
EMP0159,2023-08,60,0.0,89.08,86.5,147.3,41.89
EMP0159,2023-09,47,0.0,99.21,89.7,137.8,62.21
EMP0159,2023-10,31,0.0,98.88,88.5,142.0,52.83
EMP0159,2023-11,23,0.0,93.32,85.9,142.2,34.04
EMP0159,2023-12,59,0.0,83.87,89.2,149.5,38.7
EMP0160,2023-01,80,0.0,98.57,91.3,162.2,77.2
EMP0160,2023-02,41,0.0,87.59,88.1,143.6,35.89
EMP0160,2023-03,38,0.0,93.46,90.6,181.0,50.87
EMP0160,2023-04,20,0.0,96.45,87.4,162.9,41.89
EMP0160,2023-05,32,0.0,86.35,89.8,174.5,34.31
EMP0160,2023-06,72,0.0,96.68,91.7,137.2,71.82
EMP0160,2023-07,48,0.0,88.58,96.7,155.1,60.32
EMP0160,2023-08,50,0.0,94.3,94.4,125.2,65.71
EMP0160,2023-09,21,0.0,99.62,86.6,140.6,45.94
EMP0160,2023-10,80,0.0,87.59,98.1,166.1,73.85
EMP0160,2023-11,47,0.0,89.79,93.5,147.0,54.59
EMP0160,2023-12,22,0.0,97.61,97.1,135.5,67.3
EMP0161,2023-01,37,0.0,83.71,95.9,170.3,45.8
EMP0161,2023-02,56,0.0,88.73,91.7,160.7,51.91
EMP0161,2023-03,69,0.0,86.42,91.8,147.2,52.98
EMP0161,2023-04,50,0.0,96.35,89.6,142.3,58.1
EMP0161,2023-05,44,0.0,94.98,88.7,169.3,51.35
EMP0161,2023-06,79,0.0,96.89,88.8,127.3,68.05
EMP0161,2023-07,77,0.0,87.57,90.4,161.6,54.72
EMP0161,2023-08,22,0.0,85.01,96.6,165.3,44.08
EMP0161,2023-09,36,0.0,90.85,96.3,150.1,58.85
EMP0161,2023-10,66,0.0,87.88,93.6,135.8,58.61
EMP0161,2023-11,77,0.0,92.11,97.5,152.8,79.23
EMP0161,2023-12,72,0.0,88.72,94.2,164.7,63.73
EMP0162,2023-01,49,0.0,92.18,97.4,162.6,68.62
EMP0162,2023-02,48,0.0,97.27,85.6,176.1,49.62
EMP0162,2023-03,57,0.0,92.07,87.1,128.3,47.4
EMP0162,2023-04,33,0.0,89.99,89.8,122.0,41.06
EMP0162,2023-05,66,0.0,97.4,86.8,154.4,59.4
EMP0162,2023-06,59,0.0,97.12,87.4,148.6,57.69
EMP0162,2023-07,71,0.0,83.34,87.6,138.9,38.54
EMP0162,2023-08,38,0.0,82.4,98.8,153.5,50.65
EMP0162,2023-09,69,0.0,82.55,89.4,124.6,40.6
EMP0162,2023-10,30,0.0,93.43,92.7,183.0,52.72
EMP0162,2023-11,36,0.0,91.05,89.7,160.5,43.8
EMP0162,2023-12,61,0.0,92.48,98.2,122.3,75.52
EMP0163,2023-01,78,841721.86,96.71,92.3,184.8,75.53
EMP0163,2023-02,63,526579.42,88.04,97.1,180.5,65.93
EMP0163,2023-03,72,669414.52,86.26,99.5,149.2,71.79
EMP0163,2023-04,57,235262.77,83.63,88.6,170.5,36.13
EMP0163,2023-05,54,1043269.02,90.17,91.9,153.7,54.15
EMP0163,2023-06,66,302576.5,97.1,90.2,164.0,66.81
EMP0163,2023-07,60,738041.26,83.81,97.8,153.2,59.03
EMP0163,2023-08,36,792521.11,91.47,89.1,134.5,43.14
EMP0163,2023-09,51,906801.27,87.75,87.1,160.2,37.59
EMP0163,2023-10,62,936286.65,99.78,85.6,132.7,59.26
EMP0163,2023-11,32,497419.14,90.25,89.4,153.9,40.2
EMP0163,2023-12,48,732180.15,94.21,89.2,169.8,52.67
EMP0164,2023-01,66,665726.6,96.44,86.5,151.4,57.02
EMP0164,2023-02,27,530764.33,82.87,93.1,175.0,34.05
EMP0164,2023-03,38,294882.59,86.6,85.4,153.9,26.73
EMP0164,2023-04,76,477126.21,97.7,88.4,134.1,67.41
EMP0164,2023-05,62,772738.34,97.86,89.7,175.4,65.47
EMP0164,2023-06,77,435361.72,84.87,91.7,154.5,53.03
EMP0164,2023-07,66,719672.08,92.04,96.2,170.7,71.95
EMP0164,2023-08,41,670308.32,98.76,94.2,157.7,69.67
EMP0164,2023-09,55,753183.84,84.18,91.5,166.2,43.11
EMP0164,2023-10,49,1148387.04,86.37,86.8,173.8,33.72
EMP0164,2023-11,25,478022.38,96.79,88.6,150.4,47.16
EMP0164,2023-12,34,246580.32,99.45,93.0,176.2,65.45
EMP0165,2023-01,80,0.0,88.53,85.0,128.2,44.93
EMP0165,2023-02,39,0.0,86.69,99.8,126.9,60.87
EMP0165,2023-03,26,0.0,91.25,90.5,160.4,42.27
EMP0165,2023-04,54,0.0,92.24,99.8,124.7,76.2
EMP0165,2023-05,22,0.0,96.58,99.2,164.7,70.4
EMP0165,2023-06,45,0.0,90.05,85.5,125.2,35.63
EMP0165,2023-07,65,0.0,83.59,87.0,131.2,35.32
EMP0165,2023-08,66,0.0,93.45,98.5,151.0,79.79
EMP0165,2023-09,60,0.0,96.72,91.7,127.0,67.39
EMP0165,2023-10,79,0.0,83.94,95.3,120.4,60.55
EMP0165,2023-11,75,0.0,91.64,97.0,133.7,76.5
EMP0165,2023-12,24,0.0,83.16,99.5,167.9,48.36
EMP0166,2023-01,36,784208.56,87.28,86.2,146.5,29.04
EMP0166,2023-02,30,957958.32,89.52,95.2,153.2,51.71
EMP0166,2023-03,58,777566.17,94.52,87.9,155.3,53.93
EMP0166,2023-04,60,676238.28,88.67,92.2,158.8,54.47
EMP0166,2023-05,35,322270.14,87.76,95.5,126.3,51.21
EMP0166,2023-06,34,998786.0,91.97,89.5,169.6,44.2
EMP0166,2023-07,47,257862.16,95.23,91.3,120.3,58.98
EMP0166,2023-08,32,643010.0,87.92,92.5,140.8,43.36
EMP0166,2023-09,52,648381.44,82.92,96.4,164.2,51.21
EMP0166,2023-10,65,1197216.13,85.92,91.0,160.0,48.73
EMP0166,2023-11,20,639093.85,96.66,90.9,157.0,50.42
EMP0166,2023-12,40,260756.26,96.24,95.1,179.6,66.99
EMP0167,2023-01,30,0.0,99.26,92.0,158.3,61.29
EMP0167,2023-02,27,0.0,87.67,87.9,147.3,30.31
EMP0167,2023-03,29,0.0,85.85,95.4,120.6,45.38
EMP0167,2023-04,39,0.0,84.57,92.5,182.2,40.12
EMP0167,2023-05,32,0.0,82.64,93.1,154.1,35.52
EMP0167,2023-06,70,0.0,92.9,92.6,168.8,66.56
EMP0167,2023-07,21,0.0,83.02,94.1,173.9,34.39
EMP0167,2023-08,21,0.0,85.52,97.1,153.7,45.77
EMP0167,2023-09,39,0.0,84.16,92.7,131.3,39.87
EMP0167,2023-10,24,0.0,90.55,98.2,141.5,58.26
EMP0167,2023-11,49,0.0,97.58,91.6,184.2,64.54
EMP0167,2023-12,35,0.0,84.77,89.1,183.7,31.04
EMP0168,2023-01,63,0.0,92.9,98.5,127.3,77.7
EMP0168,2023-02,52,0.0,89.14,88.8,137.5,44.36
EMP0168,2023-03,43,0.0,89.06,98.8,147.1,64.18
EMP0168,2023-04,26,0.0,87.98,94.0,160.5,44.72
EMP0168,2023-05,59,0.0,99.18,94.7,156.8,78.32
EMP0168,2023-06,27,0.0,96.49,90.3,175.4,51.35
EMP0168,2023-07,24,0.0,89.58,93.6,157.1,45.83
EMP0168,2023-08,59,0.0,96.61,87.3,143.2,56.56
EMP0168,2023-09,53,0.0,96.62,86.8,183.1,53.16
EMP0168,2023-10,48,0.0,88.48,98.4,124.3,64.11
EMP0168,2023-11,72,0.0,97.82,93.2,133.7,77.32
EMP0168,2023-12,50,0.0,94.5,96.2,134.1,70.26
EMP0169,2023-01,80,0.0,98.73,94.7,180.4,85.41
EMP0169,2023-02,69,0.0,87.57,96.1,173.7,65.02
EMP0169,2023-03,58,0.0,83.93,96.0,176.0,54.29
EMP0169,2023-04,47,0.0,92.41,99.9,149.3,74.11
EMP0169,2023-05,53,0.0,86.49,88.7,169.3,39.87
EMP0169,2023-06,21,0.0,86.89,87.3,149.3,25.3
EMP0169,2023-07,48,0.0,89.54,93.2,147.7,53.83
EMP0169,2023-08,41,0.0,98.99,98.2,142.1,79.41
EMP0169,2023-09,79,0.0,92.96,99.1,183.2,85.2
EMP0169,2023-10,63,0.0,91.15,90.1,140.3,55.04
EMP0169,2023-11,33,0.0,86.31,95.6,175.1,48.15
EMP0169,2023-12,28,0.0,86.79,89.2,171.8,32.18
EMP0170,2023-01,44,0.0,88.44,92.6,163.3,49.0
EMP0170,2023-02,67,0.0,85.09,91.8,166.7,49.9
EMP0170,2023-03,27,0.0,84.0,96.2,155.3,43.26
EMP0170,2023-04,32,0.0,84.94,94.6,183.9,43.04
EMP0170,2023-05,63,0.0,99.8,92.3,137.9,75.31
EMP0170,2023-06,45,0.0,89.73,87.9,159.6,40.67
EMP0170,2023-07,57,0.0,89.87,97.4,157.0,67.58
EMP0170,2023-08,66,0.0,98.81,89.0,167.0,67.0
EMP0170,2023-09,24,0.0,83.37,91.1,162.2,29.13
EMP0170,2023-10,67,0.0,97.63,94.2,157.0,77.44
EMP0170,2023-11,74,0.0,94.08,96.0,166.2,78.06
EMP0170,2023-12,56,0.0,85.44,86.5,133.2,34.02
EMP0171,2023-01,58,0.0,95.37,87.6,172.0,54.71
EMP0171,2023-02,79,0.0,92.2,89.2,180.7,60.78
EMP0171,2023-03,37,0.0,97.58,88.7,180.2,53.27
EMP0171,2023-04,61,0.0,89.52,92.7,125.6,57.5
EMP0171,2023-05,70,0.0,89.31,91.5,123.0,57.71
EMP0171,2023-06,59,0.0,98.88,86.7,160.3,59.13
EMP0171,2023-07,64,0.0,91.22,97.2,122.0,72.1
EMP0171,2023-08,63,0.0,91.07,93.5,127.2,62.83
EMP0171,2023-09,21,0.0,88.95,91.5,166.6,38.7
EMP0171,2023-10,22,0.0,82.71,86.3,170.9,16.03
EMP0171,2023-11,66,0.0,97.91,91.7,162.9,71.73
EMP0171,2023-12,49,0.0,84.67,97.1,175.6,54.78
EMP0172,2023-01,35,412015.11,88.96,97.7,124.5,58.44
EMP0172,2023-02,58,445846.4,88.93,95.2,183.9,61.18
EMP0172,2023-03,23,1099873.79,95.6,93.8,166.2,56.46
EMP0172,2023-04,49,871486.39,86.81,94.7,135.0,52.93
EMP0172,2023-05,27,965675.48,85.08,85.9,143.1,21.12
EMP0172,2023-06,63,1173597.71,84.08,87.4,138.7,36.37
EMP0172,2023-07,38,283432.73,99.69,90.5,148.6,61.54
EMP0172,2023-08,42,404644.32,93.58,92.5,154.5,57.02
EMP0172,2023-09,57,1007116.11,82.94,99.5,165.8,60.35
EMP0172,2023-10,69,849803.44,90.62,92.4,156.6,61.73
EMP0172,2023-11,32,463626.77,89.54,87.6,140.0,34.76
EMP0172,2023-12,56,403717.12,85.08,89.9,155.1,41.32
EMP0173,2023-01,48,0.0,86.74,88.9,147.0,38.9
EMP0173,2023-02,22,0.0,83.6,93.9,172.5,35.32
EMP0173,2023-03,76,0.0,90.48,98.0,137.9,77.17
EMP0173,2023-04,57,0.0,99.47,87.5,150.8,61.28
EMP0173,2023-05,58,0.0,94.02,86.6,170.2,50.02
EMP0173,2023-06,68,0.0,91.59,89.3,177.1,55.82
EMP0173,2023-07,57,0.0,99.34,90.2,159.4,67.35
EMP0173,2023-08,57,0.0,89.17,88.2,145.7,44.89
EMP0173,2023-09,68,0.0,94.03,99.3,180.7,83.42
EMP0173,2023-10,34,0.0,87.95,86.2,122.0,29.46
EMP0173,2023-11,73,0.0,94.7,97.4,142.4,82.03
EMP0173,2023-12,47,0.0,96.66,87.6,151.3,52.85
EMP0174,2023-01,41,0.0,85.65,97.3,181.4,53.96
EMP0174,2023-02,22,0.0,89.48,85.6,157.7,26.24
EMP0174,2023-03,48,0.0,85.4,86.2,163.4,30.25
EMP0174,2023-04,25,0.0,99.04,90.1,175.0,54.59
EMP0174,2023-05,25,0.0,89.18,90.1,176.6,37.34
EMP0174,2023-06,30,0.0,92.85,93.0,144.0,52.4
EMP0174,2023-07,59,0.0,82.02,99.2,127.3,58.79
EMP0174,2023-08,56,0.0,95.05,87.1,120.7,52.24
EMP0174,2023-09,42,0.0,88.24,95.8,153.5,55.37
EMP0174,2023-10,41,0.0,86.3,97.3,149.5,55.1
EMP0174,2023-11,44,0.0,86.57,89.1,166.8,37.56
EMP0174,2023-12,23,0.0,89.77,96.9,153.5,53.49
EMP0175,2023-01,45,0.0,84.46,99.5,136.8,58.51
EMP0175,2023-02,21,0.0,82.99,93.6,173.7,33.17
EMP0175,2023-03,79,0.0,98.25,87.9,131.3,68.33
EMP0175,2023-04,77,0.0,93.9,90.2,169.1,65.33
EMP0175,2023-05,25,0.0,82.99,97.0,182.8,42.61
EMP0175,2023-06,47,0.0,91.48,87.0,161.4,42.38
EMP0175,2023-07,54,0.0,84.08,94.8,173.1,50.26
EMP0175,2023-08,24,0.0,97.43,96.0,150.5,65.17
EMP0175,2023-09,48,0.0,87.07,93.2,138.2,49.51
EMP0175,2023-10,71,0.0,97.66,88.1,181.6,64.76
EMP0175,2023-11,44,0.0,95.45,95.5,136.7,68.04
EMP0175,2023-12,21,0.0,88.94,90.9,179.5,37.29
EMP0176,2023-01,23,290810.22,86.69,93.7,137.5,40.63
EMP0176,2023-02,33,1121853.95,92.02,98.8,129.3,65.61
EMP0176,2023-03,66,478625.07,82.73,92.3,180.1,46.56
EMP0176,2023-04,31,1108915.6,88.35,99.2,147.3,59.37
EMP0176,2023-05,64,820505.48,92.8,93.2,174.9,65.53
EMP0176,2023-06,55,844815.41,95.15,93.2,178.9,66.27
EMP0176,2023-07,62,731191.65,93.33,92.9,163.3,65.01
EMP0176,2023-08,71,419694.66,99.27,85.3,135.7,61.05
EMP0176,2023-09,53,843859.01,90.1,89.5,171.2,48.05
EMP0176,2023-10,26,438619.85,95.65,91.8,124.0,53.0
EMP0176,2023-11,60,1041416.51,93.52,95.3,169.7,70.19
EMP0176,2023-12,76,1079441.69,92.48,93.2,131.5,69.47
EMP0177,2023-01,27,593452.78,99.68,94.8,172.9,67.43
EMP0177,2023-02,73,881815.19,98.95,88.6,137.1,68.94
EMP0177,2023-03,41,901426.49,83.3,92.1,160.9,37.72
EMP0177,2023-04,58,1067070.78,98.48,97.4,127.1,83.02
EMP0177,2023-05,58,612110.33,89.79,88.9,169.4,47.98
EMP0177,2023-06,37,280395.45,85.95,85.3,160.0,24.99
EMP0177,2023-07,36,844434.07,95.92,93.4,127.4,60.96
EMP0177,2023-08,37,839998.84,82.09,85.3,159.1,18.23
EMP0177,2023-09,37,748273.17,92.89,97.0,179.2,64.43
EMP0177,2023-10,38,203781.65,88.55,88.0,168.5,36.21
EMP0177,2023-11,21,460796.21,99.57,92.1,122.6,58.69
EMP0177,2023-12,59,870180.99,98.41,97.0,152.0,82.34
EMP0178,2023-01,58,0.0,89.34,87.3,134.2,43.46
EMP0178,2023-02,63,0.0,89.44,92.7,180.5,58.11
EMP0178,2023-03,36,0.0,92.08,99.8,155.5,69.17
EMP0178,2023-04,56,0.0,88.88,94.7,155.8,59.17
EMP0178,2023-05,22,0.0,82.55,85.2,135.0,13.18
EMP0178,2023-06,73,0.0,93.35,98.4,145.1,82.0
EMP0178,2023-07,76,0.0,94.27,100.0,123.3,88.47
EMP0178,2023-08,50,0.0,82.02,93.7,125.1,42.59
EMP0178,2023-09,29,0.0,97.16,85.6,151.4,42.3
EMP0178,2023-10,60,0.0,86.72,99.0,155.3,66.93
EMP0178,2023-11,61,0.0,86.99,86.5,127.0,38.61
EMP0178,2023-12,28,0.0,98.15,96.0,150.3,67.93
EMP0179,2023-01,22,0.0,97.58,88.2,120.1,46.48
EMP0179,2023-02,49,0.0,90.43,94.4,142.7,58.56
EMP0179,2023-03,36,0.0,92.19,96.5,155.9,61.67
EMP0179,2023-04,67,0.0,93.87,99.7,176.2,83.7
EMP0179,2023-05,78,0.0,94.9,94.3,125.7,77.03
EMP0179,2023-06,76,0.0,95.9,98.0,157.9,86.66
EMP0179,2023-07,56,0.0,90.72,86.5,148.0,43.26
EMP0179,2023-08,43,0.0,86.9,97.6,124.7,57.6
EMP0179,2023-09,80,0.0,82.04,93.6,168.0,53.64
EMP0179,2023-10,72,0.0,83.34,93.6,165.0,52.91
EMP0179,2023-11,54,0.0,96.15,99.8,150.7,83.05
EMP0179,2023-12,37,0.0,84.34,96.2,135.8,47.6
EMP0180,2023-01,47,0.0,91.67,97.8,126.9,67.91
EMP0180,2023-02,56,0.0,92.08,98.7,182.6,74.11
EMP0180,2023-03,79,0.0,83.8,94.0,125.0,57.27
EMP0180,2023-04,54,0.0,84.17,98.7,156.5,59.51
EMP0180,2023-05,21,0.0,86.78,88.7,123.4,28.37
EMP0180,2023-06,45,0.0,83.74,92.2,179.1,40.22
EMP0180,2023-07,43,0.0,98.75,98.9,162.7,81.37
EMP0180,2023-08,36,0.0,99.26,86.0,143.8,49.54
EMP0180,2023-09,26,0.0,88.42,87.1,126.7,29.38
EMP0180,2023-10,35,0.0,98.45,98.2,173.9,76.21
EMP0180,2023-11,67,0.0,84.76,88.9,164.1,42.56
EMP0180,2023-12,30,0.0,93.44,92.3,126.3,51.8
EMP0181,2023-01,29,0.0,92.17,98.8,144.9,64.37
EMP0181,2023-02,51,0.0,98.36,88.9,136.0,60.36
EMP0181,2023-03,66,0.0,86.97,97.5,126.4,66.11
EMP0181,2023-04,26,0.0,86.61,93.5,125.7,41.15
EMP0181,2023-05,49,0.0,83.76,96.0,144.4,50.62
EMP0181,2023-06,36,0.0,82.44,88.6,132.0,26.17
EMP0181,2023-07,60,0.0,82.12,85.1,131.5,26.44
EMP0181,2023-08,41,0.0,85.29,86.1,138.8,27.2
EMP0181,2023-09,37,0.0,88.64,93.4,183.8,48.6
EMP0181,2023-10,23,0.0,94.32,92.6,144.1,51.42
EMP0181,2023-11,43,0.0,98.11,96.2,154.2,73.95
EMP0181,2023-12,62,0.0,97.68,98.7,153.2,86.16
EMP0182,2023-01,48,993293.5,88.61,86.2,140.2,35.87
EMP0182,2023-02,40,570920.62,95.55,96.8,172.2,69.75
EMP0182,2023-03,37,461345.65,92.7,96.6,181.0,63.17
EMP0182,2023-04,38,644665.4,97.8,95.9,123.5,70.83
EMP0182,2023-05,79,237372.06,88.95,91.1,172.6,59.52
EMP0182,2023-06,53,787353.56,92.25,86.1,140.2,43.88
EMP0182,2023-07,21,877075.8,93.4,89.9,137.1,42.76
EMP0182,2023-08,80,627802.49,91.13,95.6,141.7,74.21
EMP0182,2023-09,73,1083430.34,91.97,95.2,121.1,72.12
EMP0182,2023-10,74,201345.9,97.97,87.6,171.5,65.26
EMP0182,2023-11,23,474022.1,94.76,98.0,181.5,64.79
EMP0182,2023-12,20,1155274.87,83.9,95.4,179.3,38.59
EMP0183,2023-01,69,987583.75,92.59,98.9,180.2,80.34
EMP0183,2023-02,51,285548.62,87.15,92.0,177.2,47.97
EMP0183,2023-03,58,911955.67,93.24,99.0,124.8,77.59
EMP0183,2023-04,54,683133.06,89.23,90.2,136.4,48.54
EMP0183,2023-05,38,440370.2,89.21,98.7,124.9,62.33
EMP0183,2023-06,54,755502.32,90.65,88.4,145.6,46.82
EMP0183,2023-07,80,453044.71,84.43,87.3,179.6,43.12
EMP0183,2023-08,43,563545.36,98.13,99.9,152.2,82.62
EMP0183,2023-09,53,426232.36,85.05,91.8,130.8,44.58
EMP0183,2023-10,35,994849.68,98.11,93.4,146.9,64.42
EMP0183,2023-11,46,407232.98,84.17,94.0,137.2,45.55
EMP0183,2023-12,21,693912.9,87.2,92.4,155.8,37.74
EMP0184,2023-01,31,0.0,94.73,86.5,177.2,40.9
EMP0184,2023-02,24,0.0,87.53,92.5,129.4,39.68
EMP0184,2023-03,47,0.0,86.27,97.1,132.9,56.83
EMP0184,2023-04,37,0.0,94.47,97.8,179.6,69.06
EMP0184,2023-05,26,0.0,98.29,97.1,130.8,69.99
EMP0184,2023-06,26,0.0,94.96,93.0,150.1,54.6
EMP0184,2023-07,62,0.0,91.33,92.4,123.6,60.34
EMP0184,2023-08,71,0.0,87.27,85.3,141.9,40.05
EMP0184,2023-09,62,0.0,84.23,87.0,172.2,35.32
EMP0184,2023-10,51,0.0,89.67,99.4,161.5,69.65
EMP0184,2023-11,74,0.0,90.14,87.8,139.7,52.03
EMP0184,2023-12,37,0.0,91.11,90.6,181.7,46.38
EMP0185,2023-01,42,0.0,93.76,86.1,132.7,42.4
EMP0185,2023-02,37,0.0,87.41,90.0,148.8,38.51
EMP0185,2023-03,45,0.0,90.03,95.6,173.4,59.16
EMP0185,2023-04,75,0.0,97.5,98.6,177.8,90.48
EMP0185,2023-05,61,0.0,97.86,99.7,134.1,88.43
EMP0185,2023-06,49,0.0,96.86,86.5,163.2,51.38
EMP0185,2023-07,55,0.0,93.64,88.2,176.6,51.96
EMP0185,2023-08,35,0.0,97.1,97.9,169.7,73.15
EMP0185,2023-09,30,0.0,89.94,88.4,146.4,36.58
EMP0185,2023-10,54,0.0,91.21,86.1,172.3,42.43
EMP0185,2023-11,23,0.0,91.23,96.6,180.8,55.34
EMP0185,2023-12,63,0.0,86.38,87.8,129.4,41.32
EMP0186,2023-01,35,0.0,83.48,99.0,127.6,51.88
EMP0186,2023-02,25,0.0,87.73,85.6,145.6,24.3
EMP0186,2023-03,80,0.0,87.49,89.1,184.0,52.67
EMP0186,2023-04,45,0.0,87.73,94.7,132.6,53.04
EMP0186,2023-05,37,0.0,85.09,95.2,163.6,46.58
EMP0186,2023-06,38,0.0,93.78,88.2,145.6,45.83
EMP0186,2023-07,24,0.0,97.78,92.5,180.8,57.62
EMP0186,2023-08,77,0.0,91.28,94.9,155.4,71.72
EMP0186,2023-09,52,0.0,89.64,96.3,183.5,62.74
EMP0186,2023-10,50,0.0,91.42,91.7,151.5,54.37
EMP0186,2023-11,21,0.0,95.92,90.5,165.5,48.57
EMP0186,2023-12,31,0.0,95.63,98.7,170.4,70.94
EMP0187,2023-01,47,0.0,91.66,89.7,161.4,49.0
EMP0187,2023-02,58,0.0,94.48,87.6,162.9,53.16
EMP0187,2023-03,40,0.0,98.88,98.1,144.0,78.61
EMP0187,2023-04,26,0.0,92.33,99.2,121.6,64.46
EMP0187,2023-05,34,0.0,87.01,91.5,131.2,40.18
EMP0187,2023-06,61,0.0,91.64,90.6,183.8,56.31
EMP0187,2023-07,38,0.0,85.51,96.6,125.2,50.96
EMP0187,2023-08,41,0.0,83.96,87.9,173.1,29.07
EMP0187,2023-09,35,0.0,90.6,98.8,165.2,63.87
EMP0187,2023-10,46,0.0,88.02,86.0,138.7,33.62
EMP0187,2023-11,39,0.0,96.31,92.8,139.4,61.37
EMP0187,2023-12,73,0.0,93.47,89.3,126.4,60.98
EMP0188,2023-01,80,0.0,86.0,93.8,142.5,61.03
EMP0188,2023-02,49,0.0,96.53,93.8,172.8,67.84
EMP0188,2023-03,62,0.0,91.91,94.3,124.3,65.79
EMP0188,2023-04,55,0.0,82.55,87.5,126.7,30.92
EMP0188,2023-05,46,0.0,82.37,94.1,144.0,42.63
EMP0188,2023-06,65,0.0,84.0,85.6,139.6,32.77
EMP0188,2023-07,41,0.0,86.45,93.6,120.4,46.73
EMP0188,2023-08,74,0.0,87.47,91.4,162.1,55.76
EMP0188,2023-09,75,0.0,89.36,95.6,145.1,69.24
EMP0188,2023-10,27,0.0,97.88,86.6,155.0,45.15
EMP0188,2023-11,22,0.0,87.44,85.1,168.0,21.5
EMP0188,2023-12,69,0.0,88.71,98.1,162.0,71.68
EMP0189,2023-01,52,0.0,94.0,93.6,163.6,64.07
EMP0189,2023-02,35,0.0,96.15,98.3,135.2,72.42
EMP0189,2023-03,58,0.0,90.03,99.9,141.7,74.07
EMP0189,2023-04,72,0.0,94.16,85.2,181.3,52.25
EMP0189,2023-05,61,0.0,93.54,93.6,163.7,66.64
EMP0189,2023-06,80,0.0,83.85,99.1,182.0,69.64
EMP0189,2023-07,43,0.0,91.08,88.3,178.9,43.21
EMP0189,2023-08,68,0.0,89.12,87.6,152.4,47.53
EMP0189,2023-09,56,0.0,93.55,85.2,169.3,45.18
EMP0189,2023-10,22,0.0,99.62,91.4,178.9,57.52
EMP0189,2023-11,47,0.0,94.52,98.2,146.5,73.84
EMP0189,2023-12,75,0.0,94.78,96.9,139.0,81.76
EMP0190,2023-01,39,0.0,84.22,86.7,121.6,25.98
EMP0190,2023-02,68,0.0,82.25,87.3,134.5,34.8
EMP0190,2023-03,33,0.0,84.6,86.3,176.9,23.46
EMP0190,2023-04,78,0.0,85.92,90.5,180.2,52.44
EMP0190,2023-05,53,0.0,87.93,88.6,145.5,42.15
EMP0190,2023-06,75,0.0,86.43,89.5,121.8,49.88
EMP0190,2023-07,32,0.0,82.84,95.6,134.3,41.7
EMP0190,2023-08,68,0.0,92.04,98.3,168.4,77.6
EMP0190,2023-09,42,0.0,83.4,99.0,182.4,54.37
EMP0190,2023-10,53,0.0,87.82,85.8,143.3,35.43
EMP0190,2023-11,39,0.0,86.27,97.4,153.4,54.53
EMP0190,2023-12,35,0.0,89.1,91.3,172.4,43.75
EMP0191,2023-01,56,0.0,91.32,87.1,180.7,45.71
EMP0191,2023-02,31,0.0,98.48,89.8,171.5,55.16
EMP0191,2023-03,21,0.0,99.72,92.5,171.5,59.88
EMP0191,2023-04,70,0.0,96.18,91.0,173.4,68.57
EMP0191,2023-05,28,0.0,91.2,94.6,154.7,52.5
EMP0191,2023-06,48,0.0,93.64,96.6,172.6,68.94
EMP0191,2023-07,39,0.0,90.22,87.0,173.6,37.18
EMP0191,2023-08,69,0.0,84.67,85.4,121.9,34.98
EMP0191,2023-09,40,0.0,84.34,89.1,183.9,32.16
EMP0191,2023-10,80,0.0,92.62,96.9,150.8,79.85
EMP0191,2023-11,20,0.0,88.93,86.2,139.1,25.93
EMP0191,2023-12,30,0.0,95.94,98.4,155.1,70.41
EMP0192,2023-01,62,0.0,91.69,90.3,130.0,56.07
EMP0192,2023-02,25,0.0,86.63,94.4,143.1,42.91
EMP0192,2023-03,27,0.0,82.37,99.6,121.1,48.34
EMP0192,2023-04,67,0.0,93.92,86.7,121.7,53.45
EMP0192,2023-05,31,0.0,97.19,87.4,167.0,47.31
EMP0192,2023-06,28,0.0,95.36,94.2,180.8,58.85
EMP0192,2023-07,61,0.0,90.69,94.0,133.9,62.58
EMP0192,2023-08,71,0.0,92.34,85.2,133.3,48.69
EMP0192,2023-09,36,0.0,90.53,94.3,165.8,53.63
EMP0192,2023-10,31,0.0,96.03,93.8,135.0,60.21
EMP0192,2023-11,26,0.0,99.33,85.8,158.2,45.44
EMP0192,2023-12,73,0.0,84.02,98.5,172.3,65.91
EMP0193,2023-01,31,0.0,91.4,90.8,146.7,45.11
EMP0193,2023-02,30,0.0,88.89,90.3,162.4,39.17
EMP0193,2023-03,46,0.0,86.44,92.0,178.4,44.85
EMP0193,2023-04,62,0.0,83.99,98.4,157.6,61.5
EMP0193,2023-05,67,0.0,91.46,95.1,161.5,68.75
EMP0193,2023-06,72,0.0,94.43,88.6,120.2,60.65
EMP0193,2023-07,25,0.0,99.31,96.8,161.3,70.7
EMP0193,2023-08,30,0.0,86.5,93.6,139.1,42.69
EMP0193,2023-09,74,0.0,86.75,92.2,121.5,56.36
EMP0193,2023-10,61,0.0,90.83,85.3,179.2,42.53
EMP0193,2023-11,53,0.0,99.16,95.9,121.9,78.84
EMP0193,2023-12,24,0.0,98.12,87.7,138.3,47.01
EMP0194,2023-01,53,696622.16,87.66,90.9,154.8,47.05
EMP0194,2023-02,39,712232.32,88.93,92.9,139.9,48.69
EMP0194,2023-03,41,936842.23,83.77,96.4,156.0,48.57
EMP0194,2023-04,35,1028169.22,88.97,89.7,125.4,39.79
EMP0194,2023-05,57,855889.61,89.64,98.2,163.0,69.05
EMP0194,2023-06,63,1044475.26,90.96,99.2,168.3,75.94
EMP0194,2023-07,33,202051.09,98.56,87.8,182.7,51.39
EMP0194,2023-08,55,533310.22,97.87,96.2,169.3,78.03
EMP0194,2023-09,52,772009.17,86.22,96.5,128.2,57.22
EMP0194,2023-10,55,787368.11,94.68,85.8,167.2,48.18
EMP0194,2023-11,21,629057.31,95.06,91.9,138.6,50.33
EMP0194,2023-12,22,839701.41,98.45,86.4,145.4,43.8
EMP0195,2023-01,58,0.0,94.8,86.7,162.4,51.62
EMP0195,2023-02,49,0.0,95.21,96.8,152.2,72.53
EMP0195,2023-03,39,0.0,98.24,94.8,155.5,69.41
EMP0195,2023-04,45,0.0,87.92,94.9,137.4,53.84
EMP0195,2023-05,29,0.0,92.95,89.4,130.8,43.8
EMP0195,2023-06,20,0.0,99.39,91.9,148.8,57.53
EMP0195,2023-07,28,0.0,92.15,92.4,132.8,49.03
EMP0195,2023-08,27,0.0,93.52,87.6,121.6,39.85
EMP0195,2023-09,38,0.0,88.86,92.0,133.5,46.09
EMP0195,2023-10,64,0.0,96.21,89.1,132.6,61.93
EMP0195,2023-11,47,0.0,83.35,97.6,174.8,52.89
EMP0195,2023-12,37,0.0,82.55,97.3,151.6,47.04
EMP0196,2023-01,71,0.0,87.41,92.6,142.3,57.33
EMP0196,2023-02,27,0.0,94.65,89.6,150.0,46.5
EMP0196,2023-03,34,0.0,84.2,90.7,142.7,33.4
EMP0196,2023-04,52,0.0,96.23,96.5,157.2,74.74
EMP0196,2023-05,70,0.0,99.53,94.2,153.4,81.89
EMP0196,2023-06,56,0.0,83.83,91.9,136.7,43.8
EMP0196,2023-07,80,0.0,89.06,97.9,148.3,75.96
EMP0196,2023-08,20,0.0,90.49,91.7,178.7,41.49
EMP0196,2023-09,42,0.0,83.48,99.1,153.7,54.74
EMP0196,2023-10,77,0.0,92.01,96.3,160.7,76.26
EMP0196,2023-11,71,0.0,88.09,98.1,165.2,71.35
EMP0196,2023-12,38,0.0,92.75,97.0,166.5,64.56
EMP0197,2023-01,56,0.0,82.1,98.5,180.6,56.17
EMP0197,2023-02,78,0.0,95.44,91.2,174.8,70.74
EMP0197,2023-03,23,0.0,91.54,97.3,184.2,57.52
EMP0197,2023-04,41,0.0,93.56,96.0,184.2,64.77
EMP0197,2023-05,31,0.0,90.34,99.7,183.2,64.02
EMP0197,2023-06,55,0.0,83.15,94.0,144.5,47.14
EMP0197,2023-07,80,0.0,98.78,87.6,158.9,68.93
EMP0197,2023-08,67,0.0,93.71,99.2,179.7,82.25
EMP0197,2023-09,66,0.0,92.09,99.6,157.7,79.97
EMP0197,2023-10,34,0.0,89.71,99.4,178.4,63.34
EMP0197,2023-11,29,0.0,92.13,94.4,182.3,54.04
EMP0197,2023-12,70,0.0,87.71,88.1,138.4,46.98
EMP0198,2023-01,48,0.0,85.16,85.5,159.7,28.2
EMP0198,2023-02,33,0.0,97.45,95.0,145.6,66.25
EMP0198,2023-03,80,0.0,96.47,89.4,173.2,69.09
EMP0198,2023-04,50,0.0,96.08,99.8,159.8,81.42
EMP0198,2023-05,27,0.0,83.01,86.5,157.9,18.89
EMP0198,2023-06,64,0.0,86.94,90.9,172.8,49.91
EMP0198,2023-07,61,0.0,90.3,99.5,134.1,74.73
EMP0198,2023-08,21,0.0,83.2,99.0,149.1,46.14
EMP0198,2023-09,43,0.0,91.15,93.2,131.3,54.77
EMP0198,2023-10,36,0.0,89.03,95.5,153.2,53.8
EMP0198,2023-11,49,0.0,97.4,96.4,178.5,75.43
EMP0198,2023-12,49,0.0,88.16,86.7,168.5,36.62
EMP0199,2023-01,39,0.0,87.14,85.2,161.7,27.59
EMP0199,2023-02,43,0.0,82.85,96.2,141.9,47.25
EMP0199,2023-03,65,0.0,93.78,99.4,150.8,82.09
EMP0199,2023-04,50,0.0,98.41,99.3,138.5,84.33
EMP0199,2023-05,79,0.0,85.01,93.3,127.3,57.76
EMP0199,2023-06,69,0.0,99.4,99.4,137.4,93.43
EMP0199,2023-07,22,0.0,83.06,94.9,134.7,36.71
EMP0199,2023-08,38,0.0,96.82,92.4,177.2,60.95
EMP0199,2023-09,40,0.0,98.13,88.3,127.7,54.43
EMP0199,2023-10,63,0.0,82.83,99.1,122.6,61.48
EMP0199,2023-11,56,0.0,92.7,95.8,161.6,68.43
EMP0199,2023-12,80,0.0,99.19,96.6,134.9,90.65
EMP0200,2023-01,58,0.0,82.62,90.0,152.0,38.0
EMP0200,2023-02,37,0.0,92.63,91.2,184.4,50.44
EMP0200,2023-03,74,0.0,85.07,89.7,123.1,47.59
EMP0200,2023-04,27,0.0,94.35,85.4,146.2,36.17
EMP0200,2023-05,62,0.0,90.96,94.3,159.3,64.13
EMP0200,2023-06,54,0.0,90.65,95.1,139.8,62.45
EMP0200,2023-07,40,0.0,87.07,90.4,161.7,39.97
EMP0200,2023-08,54,0.0,94.3,89.8,131.8,56.47
EMP0200,2023-09,64,0.0,99.06,90.5,183.4,70.19
EMP0200,2023-10,64,0.0,95.32,89.5,164.5,61.31
EMP0200,2023-11,72,0.0,89.32,93.5,155.6,63.14
EMP0200,2023-12,35,0.0,83.78,91.4,122.6,34.67
EMP0201,2023-01,26,0.0,96.29,89.7,156.4,49.22
EMP0201,2023-02,37,0.0,83.52,91.5,139.1,35.2
EMP0201,2023-03,75,0.0,92.12,94.3,151.0,71.03
EMP0201,2023-04,44,0.0,84.83,93.3,146.0,44.32
EMP0201,2023-05,61,0.0,86.09,95.2,157.2,57.33
EMP0201,2023-06,42,0.0,95.67,98.2,167.9,73.97
EMP0201,2023-07,39,0.0,84.53,93.4,181.1,42.15
EMP0201,2023-08,38,0.0,91.3,89.8,168.7,45.22
EMP0201,2023-09,70,0.0,85.42,88.5,133.9,43.9
EMP0201,2023-10,72,0.0,88.22,92.3,151.1,58.42
EMP0201,2023-11,74,0.0,96.46,93.4,174.0,76.16
EMP0201,2023-12,64,0.0,90.82,87.1,146.2,47.83
EMP0202,2023-01,41,212869.11,86.79,90.5,180.6,40.09
EMP0202,2023-02,26,516072.83,90.43,93.3,148.6,47.37
EMP0202,2023-03,27,888387.36,85.63,89.6,134.8,30.71
EMP0202,2023-04,29,917831.3,97.44,85.5,143.2,42.56
EMP0202,2023-05,25,420302.08,90.46,98.3,169.8,58.71
EMP0202,2023-06,70,608761.98,97.7,96.9,158.1,84.99
EMP0202,2023-07,80,748160.92,97.2,92.3,169.5,77.13
EMP0202,2023-08,73,1032230.72,84.87,87.0,137.4,40.56
EMP0202,2023-09,61,454428.42,88.5,94.3,167.4,59.45
EMP0202,2023-10,41,397249.7,93.88,88.3,157.3,47.36
EMP0202,2023-11,57,399828.83,83.51,97.8,156.9,57.38
EMP0202,2023-12,22,720685.45,85.34,94.6,123.9,39.99
EMP0203,2023-01,20,0.0,91.62,92.0,136.3,44.17
EMP0203,2023-02,66,0.0,92.76,97.7,122.4,76.71
EMP0203,2023-03,62,0.0,88.27,89.9,140.7,49.16
EMP0203,2023-04,64,0.0,98.01,91.9,146.7,71.62
EMP0203,2023-05,78,0.0,88.78,85.9,176.4,46.72
EMP0203,2023-06,52,0.0,87.45,87.0,183.6,37.2
EMP0203,2023-07,39,0.0,82.12,96.2,147.8,44.47
EMP0203,2023-08,33,0.0,99.23,85.2,131.0,46.49
EMP0203,2023-09,53,0.0,82.22,93.2,128.2,42.89
EMP0203,2023-10,27,0.0,98.86,89.6,142.6,53.86
EMP0203,2023-11,65,0.0,96.55,89.0,173.1,62.67
EMP0203,2023-12,38,0.0,91.07,99.4,156.3,67.22
EMP0204,2023-01,61,0.0,84.82,93.9,165.4,52.08
EMP0204,2023-02,43,0.0,97.76,98.7,183.0,79.17
EMP0204,2023-03,59,0.0,98.44,92.1,135.3,70.96
EMP0204,2023-04,72,0.0,91.6,99.5,176.9,81.13
EMP0204,2023-05,80,0.0,84.19,92.2,149.0,54.13
EMP0204,2023-06,25,0.0,92.26,90.6,125.0,43.9
EMP0204,2023-07,47,0.0,84.03,94.6,168.7,47.08
EMP0204,2023-08,27,0.0,90.95,97.8,166.6,59.15
EMP0204,2023-09,50,0.0,96.38,98.6,173.9,79.15
EMP0204,2023-10,32,0.0,82.45,90.5,183.8,29.12
EMP0204,2023-11,32,0.0,89.38,87.2,141.0,33.55
EMP0204,2023-12,46,0.0,84.0,87.9,123.1,31.02
EMP0205,2023-01,58,380620.07,99.37,97.1,137.9,83.88
EMP0205,2023-02,20,422223.54,88.88,92.5,176.1,40.54
EMP0205,2023-03,80,379238.98,98.89,89.8,164.0,74.26
EMP0205,2023-04,25,392987.14,86.08,87.0,161.8,24.68
EMP0205,2023-05,79,712367.43,93.06,98.7,140.5,84.45
EMP0205,2023-06,63,528679.55,82.5,87.5,178.9,33.83
EMP0205,2023-07,46,570124.96,90.13,89.6,161.7,45.71
EMP0205,2023-08,27,766626.84,93.59,90.9,169.6,47.67
EMP0205,2023-09,80,721265.67,88.52,86.8,139.8,49.11
EMP0205,2023-10,71,410441.06,97.26,98.2,122.6,87.63
EMP0205,2023-11,23,709424.32,84.5,86.8,179.7,20.7
EMP0205,2023-12,28,262971.74,91.13,88.3,154.5,37.68
EMP0206,2023-01,20,0.0,90.24,85.2,170.9,25.89
EMP0206,2023-02,75,0.0,98.73,90.4,135.8,73.5
EMP0206,2023-03,63,0.0,84.99,96.8,137.9,59.89
EMP0206,2023-04,78,0.0,87.38,96.6,128.0,69.23
EMP0206,2023-05,24,0.0,95.25,89.3,128.8,45.72
EMP0206,2023-06,37,0.0,91.58,90.1,124.4,46.04
EMP0206,2023-07,41,0.0,90.34,92.2,157.6,50.27
EMP0206,2023-08,26,0.0,87.31,99.9,153.4,57.31
EMP0206,2023-09,44,0.0,95.93,89.2,175.3,54.18
EMP0206,2023-10,73,0.0,99.51,96.0,166.7,87.18
EMP0206,2023-11,64,0.0,86.15,99.8,153.2,69.3
EMP0206,2023-12,70,0.0,98.2,91.7,145.4,73.73
EMP0207,2023-01,25,0.0,92.59,98.2,183.6,62.21
EMP0207,2023-02,40,0.0,90.31,98.7,177.2,65.01
EMP0207,2023-03,59,0.0,93.85,95.7,121.0,71.33
EMP0207,2023-04,76,0.0,94.39,94.1,178.8,74.92
EMP0207,2023-05,42,0.0,96.4,91.7,135.7,60.08
EMP0207,2023-06,76,0.0,90.07,99.8,175.6,80.66
EMP0207,2023-07,36,0.0,98.05,91.3,179.4,59.79
EMP0207,2023-08,47,0.0,83.0,91.4,158.9,37.81
EMP0207,2023-09,80,0.0,92.97,92.6,149.3,70.43
EMP0207,2023-10,74,0.0,94.35,97.5,157.1,82.03
EMP0207,2023-11,71,0.0,88.54,95.5,133.2,66.07
EMP0207,2023-12,59,0.0,89.02,85.6,184.7,39.31
EMP0208,2023-01,37,0.0,97.0,99.3,176.1,76.99
EMP0208,2023-02,72,0.0,84.78,94.1,123.7,56.6
EMP0208,2023-03,70,0.0,87.79,97.9,138.7,69.98
EMP0208,2023-04,55,0.0,91.52,93.2,152.1,59.92
EMP0208,2023-05,60,0.0,97.08,96.0,149.8,78.06
EMP0208,2023-06,72,0.0,99.55,96.7,130.7,88.51
EMP0208,2023-07,51,0.0,92.85,93.4,129.9,61.21
EMP0208,2023-08,70,0.0,95.4,93.0,121.9,71.87
EMP0208,2023-09,20,0.0,83.0,99.3,161.3,46.12
EMP0208,2023-10,76,0.0,97.43,90.9,149.3,72.77
EMP0208,2023-11,38,0.0,94.06,88.2,123.0,46.32
EMP0208,2023-12,78,0.0,91.77,94.8,168.4,72.71
EMP0209,2023-01,38,0.0,98.16,85.2,179.4,46.5
EMP0209,2023-02,25,0.0,83.81,96.4,180.6,42.64
EMP0209,2023-03,80,0.0,95.57,90.6,164.1,70.31
EMP0209,2023-04,57,0.0,93.21,98.6,135.0,76.23
EMP0209,2023-05,63,0.0,93.76,89.4,140.5,57.97
EMP0209,2023-06,21,0.0,98.65,88.2,143.9,47.98
EMP0209,2023-07,56,0.0,94.79,90.4,151.3,59.48
EMP0209,2023-08,24,0.0,82.76,93.5,128.6,33.66
EMP0209,2023-09,34,0.0,99.43,90.4,159.0,59.35
EMP0209,2023-10,59,0.0,97.3,96.3,138.0,78.77
EMP0209,2023-11,71,0.0,86.56,89.6,170.6,48.84
EMP0209,2023-12,53,0.0,89.42,87.9,151.0,43.13
EMP0210,2023-01,42,0.0,95.44,86.6,177.5,46.5
EMP0210,2023-02,74,0.0,92.94,88.6,120.1,58.79
EMP0210,2023-03,47,0.0,84.24,92.0,181.0,41.38
EMP0210,2023-04,54,0.0,84.57,90.2,181.9,40.38
EMP0210,2023-05,20,0.0,96.51,89.8,139.2,47.59
EMP0210,2023-06,32,0.0,87.08,95.6,142.9,49.12
EMP0210,2023-07,40,0.0,86.32,94.2,138.1,47.53
EMP0210,2023-08,38,0.0,96.09,97.5,180.0,71.57
EMP0210,2023-09,60,0.0,88.02,94.0,122.5,57.53
EMP0210,2023-10,25,0.0,83.39,95.8,149.2,40.51
EMP0210,2023-11,43,0.0,92.55,96.6,159.7,65.15
EMP0210,2023-12,49,0.0,97.71,89.5,127.9,59.87
EMP0211,2023-01,49,0.0,92.46,94.8,180.9,63.05
EMP0211,2023-02,50,0.0,82.09,93.3,177.4,41.77
EMP0211,2023-03,75,0.0,95.48,89.5,175.7,65.72
EMP0211,2023-04,65,0.0,98.01,86.7,176.4,59.86
EMP0211,2023-05,42,0.0,89.07,86.5,168.4,35.12
EMP0211,2023-06,33,0.0,85.93,89.7,175.0,33.72
EMP0211,2023-07,39,0.0,91.73,92.3,168.6,52.19
EMP0211,2023-08,44,0.0,95.61,86.8,144.5,48.02
EMP0211,2023-09,62,0.0,83.44,87.8,184.7,35.8
EMP0211,2023-10,67,0.0,92.06,89.1,175.8,55.8
EMP0211,2023-11,77,0.0,95.64,95.4,162.8,80.51
EMP0211,2023-12,34,0.0,83.65,96.2,120.8,45.27
EMP0212,2023-01,56,0.0,83.5,91.9,134.7,43.23
EMP0212,2023-02,60,0.0,89.19,87.9,139.3,45.35
EMP0212,2023-03,45,0.0,95.78,89.2,123.5,54.29
EMP0212,2023-04,35,0.0,95.1,97.4,124.9,68.48
EMP0212,2023-05,47,0.0,84.83,86.6,173.2,29.81
EMP0212,2023-06,68,0.0,90.13,92.9,136.2,61.66
EMP0212,2023-07,33,0.0,99.62,90.7,171.2,60.01
EMP0212,2023-08,31,0.0,90.77,95.0,158.3,53.81
EMP0212,2023-09,68,0.0,94.66,85.1,166.7,51.39
EMP0212,2023-10,55,0.0,96.46,98.9,181.5,81.86
EMP0212,2023-11,56,0.0,86.77,95.6,124.9,57.58
EMP0212,2023-12,58,0.0,92.03,91.5,141.2,57.97
EMP0213,2023-01,59,0.0,92.29,89.0,176.2,52.97
EMP0213,2023-02,41,0.0,93.84,86.8,169.2,43.8
EMP0213,2023-03,26,0.0,93.41,92.0,178.2,49.55
EMP0213,2023-04,69,0.0,93.38,93.2,148.6,68.42
EMP0213,2023-05,67,0.0,82.94,98.7,177.6,62.24
EMP0213,2023-06,62,0.0,85.8,86.6,176.1,37.13
EMP0213,2023-07,31,0.0,91.73,89.2,176.0,41.95
EMP0213,2023-08,45,0.0,91.33,88.7,169.1,45.34
EMP0213,2023-09,31,0.0,87.34,88.7,146.5,33.1
EMP0213,2023-10,48,0.0,98.69,96.6,154.5,77.77
EMP0213,2023-11,25,0.0,94.57,97.2,152.0,63.34
EMP0213,2023-12,20,0.0,96.3,87.0,184.2,40.69
EMP0214,2023-01,48,0.0,86.84,91.7,162.0,45.6
EMP0214,2023-02,74,0.0,87.11,93.7,176.4,60.49
EMP0214,2023-03,62,0.0,83.2,91.6,140.2,44.25
EMP0214,2023-04,46,0.0,96.94,97.4,159.6,75.83
EMP0214,2023-05,26,0.0,88.42,90.8,184.9,38.02
EMP0214,2023-06,27,0.0,93.39,91.6,126.1,48.96
EMP0214,2023-07,42,0.0,92.31,93.7,173.2,57.59
EMP0214,2023-08,75,0.0,91.64,92.8,178.4,66.69
EMP0214,2023-09,32,0.0,93.13,99.1,149.0,67.88
EMP0214,2023-10,55,0.0,93.64,91.6,128.2,59.89
EMP0214,2023-11,78,0.0,83.54,87.6,150.8,41.51
EMP0214,2023-12,54,0.0,87.0,85.4,178.5,33.43
EMP0215,2023-01,45,0.0,94.39,97.3,163.2,70.76
EMP0215,2023-02,46,0.0,98.07,87.0,167.3,53.54
EMP0215,2023-03,60,0.0,96.78,86.8,127.7,56.06
EMP0215,2023-04,43,0.0,88.48,99.4,122.5,64.57
EMP0215,2023-05,77,0.0,90.23,87.4,164.3,52.38
EMP0215,2023-06,79,0.0,97.85,99.2,138.3,94.0
EMP0215,2023-07,47,0.0,83.57,93.3,141.8,43.24
EMP0215,2023-08,54,0.0,93.17,97.8,147.9,73.16
EMP0215,2023-09,50,0.0,88.69,91.4,133.7,48.89
EMP0215,2023-10,25,0.0,83.64,94.8,147.9,38.61
EMP0215,2023-11,66,0.0,95.25,94.0,168.3,72.44
EMP0215,2023-12,37,0.0,86.96,85.2,129.9,26.52
EMP0216,2023-01,45,0.0,97.72,88.8,156.8,56.75
EMP0216,2023-02,20,0.0,95.93,92.0,169.7,51.71
EMP0216,2023-03,56,0.0,98.34,92.3,142.4,70.13
EMP0216,2023-04,30,0.0,88.6,85.3,123.5,27.0
EMP0216,2023-05,27,0.0,85.48,96.8,145.7,47.25
EMP0216,2023-06,76,0.0,88.71,92.9,155.1,62.18
EMP0216,2023-07,22,0.0,86.2,97.6,166.2,48.5
EMP0216,2023-08,43,0.0,84.97,91.1,178.4,39.06
EMP0216,2023-09,73,0.0,97.61,99.2,180.6,91.33
EMP0216,2023-10,44,0.0,83.12,85.5,132.5,23.13
EMP0216,2023-11,72,0.0,82.48,96.6,157.4,58.41
EMP0216,2023-12,52,0.0,95.47,89.1,139.8,56.14
EMP0217,2023-01,62,0.0,87.66,97.3,164.0,65.35
EMP0217,2023-02,58,0.0,91.48,92.5,181.2,59.34
EMP0217,2023-03,75,0.0,83.39,92.0,160.3,50.39
EMP0217,2023-04,43,0.0,87.84,88.7,159.0,38.48
EMP0217,2023-05,39,0.0,84.18,90.4,174.8,34.54
EMP0217,2023-06,54,0.0,98.2,94.3,161.5,73.8
EMP0217,2023-07,23,0.0,93.88,91.5,130.0,48.08
EMP0217,2023-08,54,0.0,97.14,87.3,134.0,55.61
EMP0217,2023-09,42,0.0,85.41,96.3,151.3,51.58
EMP0217,2023-10,47,0.0,91.33,92.4,138.2,54.72
EMP0217,2023-11,50,0.0,89.73,99.1,154.1,68.68
EMP0217,2023-12,58,0.0,94.26,86.9,136.6,51.14
EMP0218,2023-01,78,0.0,93.44,88.5,161.8,60.94
EMP0218,2023-02,40,0.0,95.72,91.7,162.3,58.14
EMP0218,2023-03,71,0.0,98.07,86.3,152.4,61.28
EMP0218,2023-04,48,0.0,96.85,87.4,160.8,53.09
EMP0218,2023-05,29,0.0,90.12,95.4,161.0,52.85
EMP0218,2023-06,58,0.0,94.35,97.1,135.3,75.1
EMP0218,2023-07,28,0.0,84.01,98.0,136.5,47.85
EMP0218,2023-08,28,0.0,99.65,88.0,180.6,51.89
EMP0218,2023-09,44,0.0,82.89,92.5,184.3,39.06
EMP0218,2023-10,23,0.0,95.52,98.1,134.6,66.35
EMP0218,2023-11,38,0.0,89.43,90.3,172.4,43.12
EMP0218,2023-12,49,0.0,89.59,94.6,131.1,57.56
EMP0219,2023-01,60,0.0,83.49,90.7,158.7,41.91
EMP0219,2023-02,25,0.0,92.49,95.0,176.6,54.57
EMP0219,2023-03,58,0.0,98.69,99.1,168.0,87.36
EMP0219,2023-04,61,0.0,96.6,88.1,127.1,59.16
EMP0219,2023-05,46,0.0,84.2,93.6,174.9,44.67
EMP0219,2023-06,31,0.0,90.82,97.4,129.1,59.49
EMP0219,2023-07,36,0.0,87.33,97.5,181.3,55.49
EMP0219,2023-08,63,0.0,82.15,94.4,137.6,49.32
EMP0219,2023-09,57,0.0,92.66,88.9,171.8,52.63
EMP0219,2023-10,31,0.0,91.24,89.6,157.5,42.03
EMP0219,2023-11,60,0.0,84.34,99.7,142.6,64.4
EMP0219,2023-12,58,0.0,89.83,87.2,169.2,44.09
EMP0220,2023-01,56,0.0,90.92,85.5,146.3,41.28
EMP0220,2023-02,25,0.0,92.85,92.9,128.8,50.3
EMP0220,2023-03,54,0.0,83.96,89.6,172.8,37.91
EMP0220,2023-04,51,0.0,85.4,88.3,138.7,36.28
EMP0220,2023-05,39,0.0,93.18,87.3,183.6,43.06
EMP0220,2023-06,57,0.0,98.17,96.8,177.7,80.71
EMP0220,2023-07,46,0.0,84.99,97.8,182.4,55.85
EMP0220,2023-08,49,0.0,89.89,96.5,180.2,62.52
EMP0220,2023-09,25,0.0,82.22,90.7,173.4,26.56
EMP0220,2023-10,44,0.0,97.66,93.9,133.3,68.17
EMP0220,2023-11,62,0.0,84.51,88.8,156.4,40.01
EMP0220,2023-12,49,0.0,97.62,85.5,181.4,50.38
EMP0221,2023-01,72,964616.9,94.18,86.3,138.4,54.85
EMP0221,2023-02,49,478212.71,96.5,85.8,132.1,49.12
EMP0221,2023-03,77,948322.81,86.36,95.0,134.5,63.34
EMP0221,2023-04,61,673737.39,89.69,96.8,162.9,67.37
EMP0221,2023-05,73,822952.54,88.93,97.7,171.5,72.64
EMP0221,2023-06,24,657710.76,92.44,87.2,122.9,35.9
EMP0221,2023-07,69,481630.64,98.34,99.1,171.1,90.87
EMP0221,2023-08,48,572418.13,86.7,86.8,146.3,33.92
EMP0221,2023-09,55,874294.29,90.49,87.1,120.8,43.88
EMP0221,2023-10,60,470609.66,93.85,86.2,137.2,49.54
EMP0221,2023-11,55,1163193.83,88.03,88.8,147.0,43.54
EMP0221,2023-12,67,704505.28,84.11,99.7,143.3,66.62
EMP0222,2023-01,80,0.0,90.63,93.9,158.2,69.37
EMP0222,2023-02,63,0.0,96.71,99.8,120.2,87.4
EMP0222,2023-03,65,0.0,99.15,90.8,131.5,71.42
EMP0222,2023-04,27,0.0,96.06,94.9,182.6,61.33
EMP0222,2023-05,72,0.0,97.47,95.5,140.8,82.07
EMP0222,2023-06,35,0.0,94.25,86.6,155.0,41.8
EMP0222,2023-07,64,0.0,84.23,87.4,171.4,37.0
EMP0222,2023-08,78,0.0,85.73,99.1,159.5,72.18
EMP0222,2023-09,39,0.0,90.62,85.2,131.8,33.68
EMP0222,2023-10,62,0.0,88.11,91.8,167.7,53.31
EMP0222,2023-11,74,0.0,86.03,92.3,138.5,55.34
EMP0222,2023-12,73,0.0,94.19,88.4,139.2,60.14
EMP0223,2023-01,28,0.0,95.74,87.7,159.6,44.34
EMP0223,2023-02,46,0.0,92.24,91.1,146.5,52.9
EMP0223,2023-03,29,0.0,96.89,99.4,181.0,74.03
EMP0223,2023-04,35,0.0,89.9,99.8,162.2,64.98
EMP0223,2023-05,62,0.0,92.07,94.5,154.3,66.54
EMP0223,2023-06,77,0.0,85.67,87.5,120.8,44.63
EMP0223,2023-07,41,0.0,87.62,88.9,179.3,37.81
EMP0223,2023-08,65,0.0,99.01,91.8,158.3,73.51
EMP0223,2023-09,39,0.0,93.91,97.0,139.3,66.97
EMP0223,2023-10,78,0.0,84.67,86.3,144.1,40.46
EMP0223,2023-11,62,0.0,83.96,92.6,171.8,47.91
EMP0223,2023-12,22,0.0,96.64,94.1,127.6,58.6
EMP0224,2023-01,79,0.0,91.43,92.9,127.9,68.06
EMP0224,2023-02,69,0.0,87.93,97.2,131.5,68.22
EMP0224,2023-03,46,0.0,92.47,87.7,184.8,45.37
EMP0224,2023-04,79,0.0,86.75,92.9,124.7,59.87
EMP0224,2023-05,20,0.0,93.11,89.7,179.4,41.41
EMP0224,2023-06,62,0.0,86.29,96.6,144.5,61.32
EMP0224,2023-07,43,0.0,82.83,91.5,126.5,36.24
EMP0224,2023-08,33,0.0,96.09,95.5,145.4,65.03
EMP0224,2023-09,27,0.0,87.13,98.8,146.8,54.8
EMP0224,2023-10,75,0.0,83.33,98.9,138.6,66.39
EMP0224,2023-11,37,0.0,82.58,87.7,180.7,24.69
EMP0224,2023-12,65,0.0,85.53,89.8,129.4,45.25
EMP0225,2023-01,52,0.0,91.57,90.9,157.1,53.51
EMP0225,2023-02,79,0.0,85.14,89.3,150.1,48.65
EMP0225,2023-03,71,0.0,88.92,98.8,155.0,74.44
EMP0225,2023-04,31,0.0,91.91,96.0,173.6,58.13
EMP0225,2023-05,60,0.0,83.48,96.9,148.7,56.36
EMP0225,2023-06,30,0.0,87.88,91.9,130.1,41.14
EMP0225,2023-07,24,0.0,96.06,86.6,153.2,40.84
EMP0225,2023-08,39,0.0,94.75,92.5,182.5,57.94
EMP0225,2023-09,72,0.0,99.67,98.4,135.2,92.69
EMP0225,2023-10,75,0.0,99.22,87.8,159.9,68.29
EMP0225,2023-11,30,0.0,93.71,98.5,178.5,66.74
EMP0225,2023-12,27,0.0,94.74,97.7,147.0,65.55
EMP0226,2023-01,78,762670.79,88.88,93.3,173.2,64.16
EMP0226,2023-02,80,742070.86,92.47,90.3,184.9,64.19
EMP0226,2023-03,56,872666.4,95.53,98.5,147.8,79.68
EMP0226,2023-04,55,933027.47,85.33,91.3,152.3,44.65
EMP0226,2023-05,45,985835.26,82.68,93.3,148.4,40.93
EMP0226,2023-06,30,958973.68,83.12,98.0,140.6,47.04
EMP0226,2023-07,33,277101.32,91.75,86.1,181.7,35.5
EMP0226,2023-08,60,267008.93,95.31,85.0,130.1,49.29
EMP0226,2023-09,58,383260.45,91.68,98.3,162.9,73.22
EMP0226,2023-10,57,411894.57,89.09,91.6,174.7,52.68
EMP0226,2023-11,47,894958.36,98.98,95.1,180.2,74.41
EMP0226,2023-12,79,997425.07,83.47,92.3,147.2,52.73
EMP0227,2023-01,73,0.0,82.46,95.6,128.7,56.41
EMP0227,2023-02,21,0.0,89.14,85.5,174.7,25.04
EMP0227,2023-03,67,0.0,91.59,99.1,171.6,78.31
EMP0227,2023-04,46,0.0,89.05,86.8,130.3,37.29
EMP0227,2023-05,52,0.0,86.72,91.2,148.6,45.73
EMP0227,2023-06,58,0.0,86.79,94.6,178.6,56.03
EMP0227,2023-07,38,0.0,82.85,96.4,137.4,45.84
EMP0227,2023-08,36,0.0,97.86,89.0,127.6,54.09
EMP0227,2023-09,68,0.0,85.1,96.8,184.2,61.96
EMP0227,2023-10,52,0.0,84.43,98.3,182.9,58.29
EMP0227,2023-11,31,0.0,92.93,87.1,176.5,39.15
EMP0227,2023-12,70,0.0,99.06,99.6,143.2,93.67
EMP0228,2023-01,41,0.0,98.65,93.3,140.3,67.38
EMP0228,2023-02,67,0.0,95.07,94.9,169.7,74.6
EMP0228,2023-03,51,0.0,82.01,99.2,164.8,55.78
EMP0228,2023-04,28,0.0,99.79,93.4,167.6,64.73
EMP0228,2023-05,21,0.0,85.19,94.5,165.3,39.12
EMP0228,2023-06,33,0.0,85.14,92.6,167.7,39.1
EMP0228,2023-07,33,0.0,95.12,95.2,144.0,62.64
EMP0228,2023-08,55,0.0,89.68,88.9,164.2,46.67
EMP0228,2023-09,67,0.0,96.44,90.1,170.3,65.79
EMP0228,2023-10,69,0.0,87.0,93.0,138.1,56.79
EMP0228,2023-11,35,0.0,98.78,88.6,171.5,54.39
EMP0228,2023-12,38,0.0,93.11,89.3,155.1,47.23
EMP0229,2023-01,78,0.0,90.4,99.1,180.7,80.35
EMP0229,2023-02,26,0.0,82.33,89.8,152.3,25.03
EMP0229,2023-03,35,0.0,92.95,97.8,126.0,65.65
EMP0229,2023-04,32,0.0,94.39,88.5,163.0,45.35
EMP0229,2023-05,25,0.0,90.69,90.3,131.3,40.45
EMP0229,2023-06,54,0.0,92.28,87.8,175.7,48.27
EMP0229,2023-07,64,0.0,96.08,96.6,153.0,79.21
EMP0229,2023-08,38,0.0,92.24,95.8,171.3,60.87
EMP0229,2023-09,59,0.0,92.04,91.9,175.8,59.3
EMP0229,2023-10,21,0.0,92.7,94.9,178.4,53.2
EMP0229,2023-11,35,0.0,94.28,97.8,173.7,67.98
EMP0229,2023-12,43,0.0,93.01,93.0,148.7,57.56
EMP0230,2023-01,28,0.0,82.53,89.2,158.5,24.73
EMP0230,2023-02,53,0.0,92.67,99.0,147.3,74.71
EMP0230,2023-03,46,0.0,95.77,98.8,156.2,77.05
EMP0230,2023-04,48,0.0,82.87,92.1,150.4,39.59
EMP0230,2023-05,28,0.0,87.48,94.4,176.2,45.52
EMP0230,2023-06,70,0.0,98.04,92.6,147.9,75.55
EMP0230,2023-07,70,0.0,86.21,87.6,166.7,43.18
EMP0230,2023-08,41,0.0,98.1,91.5,173.6,62.22
EMP0230,2023-09,49,0.0,99.62,95.8,167.5,77.91
EMP0230,2023-10,79,0.0,88.4,86.6,149.2,48.06
EMP0230,2023-11,58,0.0,97.81,88.3,120.1,60.62
EMP0230,2023-12,71,0.0,98.97,85.4,184.8,60.76
EMP0231,2023-01,71,0.0,97.62,98.3,136.9,88.49
EMP0231,2023-02,51,0.0,95.08,99.2,183.5,78.65
EMP0231,2023-03,65,0.0,95.05,86.9,149.9,55.15
EMP0231,2023-04,31,0.0,82.1,98.2,151.3,46.1
EMP0231,2023-05,79,0.0,88.01,96.7,184.3,70.94
EMP0231,2023-06,23,0.0,87.12,96.8,133.2,48.62
EMP0231,2023-07,33,0.0,97.3,87.0,135.9,47.32
EMP0231,2023-08,29,0.0,82.44,87.1,156.5,20.04
EMP0231,2023-09,41,0.0,96.84,93.7,158.8,65.15
EMP0231,2023-10,65,0.0,99.35,89.4,133.1,68.5
EMP0231,2023-11,48,0.0,82.23,93.3,127.2,41.27
EMP0231,2023-12,62,0.0,91.59,95.4,128.4,67.8
EMP0232,2023-01,37,0.0,94.4,88.5,144.5,47.24
EMP0232,2023-02,25,0.0,86.94,95.9,169.6,46.95
EMP0232,2023-03,46,0.0,82.89,96.9,134.7,50.07
EMP0232,2023-04,27,0.0,98.09,99.9,136.6,76.55
EMP0232,2023-05,71,0.0,92.78,93.8,127.9,69.52
EMP0232,2023-06,44,0.0,91.05,90.4,183.6,48.44
EMP0232,2023-07,56,0.0,93.86,88.1,150.1,52.49
EMP0232,2023-08,80,0.0,83.35,88.2,123.3,43.33
EMP0232,2023-09,72,0.0,85.93,98.6,162.6,69.11
EMP0232,2023-10,61,0.0,95.76,91.8,176.5,66.32
EMP0232,2023-11,79,0.0,85.13,98.4,132.0,69.87
EMP0232,2023-12,69,0.0,96.42,90.7,149.8,67.91
EMP0233,2023-01,45,0.0,91.35,94.8,162.3,59.6
EMP0233,2023-02,59,0.0,91.15,88.4,128.0,49.57
EMP0233,2023-03,70,0.0,93.38,98.0,122.3,80.0
EMP0233,2023-04,66,0.0,94.81,94.8,139.0,73.53
EMP0233,2023-05,50,0.0,96.94,91.7,146.3,64.03
EMP0233,2023-06,78,0.0,92.47,95.2,151.2,74.87
EMP0233,2023-07,26,0.0,90.59,97.0,138.9,56.28
EMP0233,2023-08,29,0.0,97.67,92.0,157.3,58.13
EMP0233,2023-09,33,0.0,84.78,94.9,175.3,43.84
EMP0233,2023-10,35,0.0,91.41,99.2,172.4,66.23
EMP0233,2023-11,48,0.0,94.21,90.1,134.8,54.77
EMP0233,2023-12,32,0.0,86.81,97.3,182.5,52.62
EMP0234,2023-01,77,545799.41,98.89,98.4,171.7,93.2
EMP0234,2023-02,53,707213.82,91.7,95.4,168.6,64.62
EMP0234,2023-03,60,274119.86,99.3,93.5,174.8,76.11
EMP0234,2023-04,61,434334.3,88.19,99.5,157.6,71.04
EMP0234,2023-05,47,862094.15,86.46,86.8,128.2,33.13
EMP0234,2023-06,38,847873.85,89.35,95.1,163.7,54.18
EMP0234,2023-07,32,1053414.36,85.05,90.9,125.6,34.6
EMP0234,2023-08,41,639234.91,99.37,99.0,173.3,81.94
EMP0234,2023-09,72,1107042.37,89.99,92.8,174.1,62.68
EMP0234,2023-10,78,980210.79,85.41,89.8,178.9,49.92
EMP0234,2023-11,21,600041.96,83.98,91.3,177.3,29.54
EMP0234,2023-12,31,517247.64,90.96,92.3,125.7,47.84
EMP0235,2023-01,42,0.0,91.16,96.4,178.9,61.88
EMP0235,2023-02,38,0.0,94.85,93.7,175.0,60.54
EMP0235,2023-03,41,0.0,89.64,93.6,168.4,52.31
EMP0235,2023-04,50,0.0,89.76,88.5,154.2,44.0
EMP0235,2023-05,51,0.0,82.36,91.1,159.8,37.49
EMP0235,2023-06,22,0.0,83.37,85.2,129.1,14.61
EMP0235,2023-07,29,0.0,99.54,99.5,178.5,78.9
EMP0235,2023-08,36,0.0,95.94,93.4,141.1,61.0
EMP0235,2023-09,26,0.0,89.7,89.3,126.9,36.76
EMP0235,2023-10,56,0.0,99.1,94.7,134.9,77.06
EMP0235,2023-11,20,0.0,89.31,85.3,166.2,24.49
EMP0235,2023-12,56,0.0,98.44,94.9,154.1,76.37
EMP0236,2023-01,43,0.0,98.24,87.6,130.9,54.11
EMP0236,2023-02,68,0.0,92.5,99.3,177.3,80.74
EMP0236,2023-03,62,0.0,83.53,98.3,143.2,60.46
EMP0236,2023-04,80,0.0,94.7,94.2,152.5,77.19
EMP0236,2023-05,51,0.0,86.71,87.6,163.9,36.93
EMP0236,2023-06,77,0.0,96.29,94.9,184.4,80.48
EMP0236,2023-07,28,0.0,89.49,86.2,139.4,29.91
EMP0236,2023-08,79,0.0,91.01,99.6,136.3,82.96
EMP0236,2023-09,44,0.0,89.77,86.7,166.0,37.56
EMP0236,2023-10,37,0.0,90.52,92.3,171.7,49.32
EMP0236,2023-11,72,0.0,96.52,96.0,151.6,81.58
EMP0236,2023-12,33,0.0,84.09,92.8,178.2,37.73
EMP0237,2023-01,73,0.0,95.19,92.2,145.9,70.76
EMP0237,2023-02,23,0.0,83.57,89.5,144.0,25.37
EMP0237,2023-03,76,0.0,87.26,96.3,141.7,67.57
EMP0237,2023-04,54,0.0,83.99,99.2,155.8,60.37
EMP0237,2023-05,40,0.0,95.83,99.5,127.0,76.54
EMP0237,2023-06,24,0.0,97.37,99.8,152.8,73.93
EMP0237,2023-07,30,0.0,82.52,85.2,154.0,16.13
EMP0237,2023-08,60,0.0,97.94,87.4,171.2,59.5
EMP0237,2023-09,23,0.0,96.6,97.9,122.5,67.78
EMP0237,2023-10,76,0.0,95.81,88.5,171.5,64.33
EMP0237,2023-11,46,0.0,85.65,98.8,152.0,59.34
EMP0237,2023-12,54,0.0,83.58,92.8,177.4,44.71
EMP0238,2023-01,60,0.0,92.04,99.6,137.6,77.64
EMP0238,2023-02,49,0.0,83.6,94.3,151.2,46.37
EMP0238,2023-03,47,0.0,99.41,98.2,124.2,82.39
EMP0238,2023-04,71,0.0,89.1,87.4,174.6,48.15
EMP0238,2023-05,36,0.0,86.84,94.6,181.5,47.87
EMP0238,2023-06,27,0.0,94.54,97.7,132.2,65.2
EMP0238,2023-07,71,0.0,99.75,92.6,126.1,78.92
EMP0238,2023-08,55,0.0,95.18,87.3,134.7,52.56
EMP0238,2023-09,77,0.0,96.89,95.0,172.0,81.77
EMP0238,2023-10,62,0.0,90.08,89.6,121.0,51.62
EMP0238,2023-11,23,0.0,87.73,91.6,137.5,37.55
EMP0238,2023-12,32,0.0,92.99,85.5,157.5,35.9
EMP0239,2023-01,26,0.0,95.61,98.5,141.7,68.57
EMP0239,2023-02,39,0.0,88.97,87.0,130.7,34.99
EMP0239,2023-03,51,0.0,94.43,88.8,160.6,53.24
EMP0239,2023-04,34,0.0,94.03,91.1,165.5,51.54
EMP0239,2023-05,60,0.0,94.24,93.4,133.3,67.02
EMP0239,2023-06,74,0.0,88.83,91.9,151.4,59.3
EMP0239,2023-07,26,0.0,91.0,88.7,150.8,37.63
EMP0239,2023-08,74,0.0,90.41,97.8,139.0,75.83
EMP0239,2023-09,73,0.0,89.43,86.3,180.8,46.91
EMP0239,2023-10,47,0.0,87.81,100.0,148.9,66.29
EMP0239,2023-11,64,0.0,92.06,98.6,137.6,76.84
EMP0239,2023-12,49,0.0,95.96,87.5,138.8,52.14
EMP0240,2023-01,73,0.0,96.62,92.6,124.4,74.19
EMP0240,2023-02,64,0.0,89.4,98.4,144.4,71.72
EMP0240,2023-03,66,0.0,94.81,98.5,183.5,82.17
EMP0240,2023-04,79,0.0,82.03,96.1,172.4,59.08
EMP0240,2023-05,51,0.0,99.11,86.9,137.1,57.0
EMP0240,2023-06,21,0.0,93.79,88.2,124.2,39.47
EMP0240,2023-07,74,0.0,99.3,87.5,157.3,67.36
EMP0240,2023-08,50,0.0,86.67,94.7,130.9,53.06
EMP0240,2023-09,57,0.0,95.62,89.5,141.0,59.21
EMP0240,2023-10,26,0.0,96.57,87.5,143.4,44.58
EMP0240,2023-11,80,0.0,92.33,87.4,142.7,57.18
EMP0240,2023-12,41,0.0,92.46,91.3,171.4,51.88
EMP0241,2023-01,61,0.0,99.2,91.4,180.8,71.41
EMP0241,2023-02,50,0.0,88.18,92.5,171.1,50.57
EMP0241,2023-03,28,0.0,98.34,94.5,171.8,64.76
EMP0241,2023-04,44,0.0,88.5,92.9,158.8,49.81
EMP0241,2023-05,63,0.0,82.29,93.4,155.7,47.23
EMP0241,2023-06,78,0.0,95.25,88.2,132.9,63.4
EMP0241,2023-07,28,0.0,92.89,90.2,157.8,45.19
EMP0241,2023-08,33,0.0,82.82,94.3,150.8,39.01
EMP0241,2023-09,60,0.0,93.65,85.5,157.9,47.55
EMP0241,2023-10,53,0.0,96.89,92.1,134.0,66.0
EMP0241,2023-11,36,0.0,90.33,91.6,126.7,46.98
EMP0241,2023-12,39,0.0,93.85,88.7,129.2,47.5
EMP0242,2023-01,34,0.0,86.23,92.0,149.1,39.99
EMP0242,2023-02,23,0.0,96.96,97.9,143.7,68.41
EMP0242,2023-03,52,0.0,92.69,86.1,151.3,44.27
EMP0242,2023-04,65,0.0,83.24,99.4,176.0,63.65
EMP0242,2023-05,53,0.0,85.76,92.1,132.0,46.52
EMP0242,2023-06,69,0.0,91.28,90.7,184.0,58.92
EMP0242,2023-07,51,0.0,92.18,87.3,161.1,45.81
EMP0242,2023-08,49,0.0,90.12,85.5,171.3,37.25
EMP0242,2023-09,46,0.0,95.72,87.1,159.1,49.66
EMP0242,2023-10,56,0.0,93.09,93.9,158.0,64.67
EMP0242,2023-11,33,0.0,99.19,88.0,180.3,52.96
EMP0242,2023-12,57,0.0,87.47,99.7,162.5,68.75
EMP0243,2023-01,35,0.0,84.12,89.9,184.0,31.77
EMP0243,2023-02,41,0.0,99.47,95.0,130.4,72.78
EMP0243,2023-03,28,0.0,84.77,93.6,122.2,38.91
EMP0243,2023-04,71,0.0,88.48,99.1,157.8,74.36
EMP0243,2023-05,34,0.0,92.34,91.5,154.1,49.51
EMP0243,2023-06,57,0.0,83.47,90.9,139.3,41.21
EMP0243,2023-07,79,0.0,95.53,92.2,159.7,73.6
EMP0243,2023-08,46,0.0,97.53,98.9,159.1,80.36
EMP0243,2023-09,40,0.0,90.35,92.0,134.9,49.45
EMP0243,2023-10,55,0.0,83.77,99.4,157.2,60.82
EMP0243,2023-11,26,0.0,85.31,99.6,129.3,53.11
EMP0243,2023-12,50,0.0,96.18,99.1,126.7,79.97
EMP0244,2023-01,65,0.0,99.6,95.3,131.8,82.71
EMP0244,2023-02,50,0.0,95.83,98.8,127.1,78.65
EMP0244,2023-03,74,0.0,98.73,94.6,151.8,82.93
EMP0244,2023-04,78,0.0,96.62,96.0,137.7,84.0
EMP0244,2023-05,44,0.0,97.39,87.3,137.7,52.3
EMP0244,2023-06,23,0.0,96.26,93.6,171.3,57.15
EMP0244,2023-07,63,0.0,98.87,88.7,155.1,65.28
EMP0244,2023-08,45,0.0,97.34,92.4,179.6,64.49
EMP0244,2023-09,51,0.0,86.46,87.8,184.9,36.96
EMP0244,2023-10,73,0.0,99.66,92.4,133.0,79.05
EMP0244,2023-11,67,0.0,82.58,89.9,144.9,41.07
EMP0244,2023-12,55,0.0,87.69,94.0,153.9,55.08
EMP0245,2023-01,55,292863.28,82.5,93.3,130.9,44.37
EMP0245,2023-02,66,573322.58,82.65,86.5,135.5,32.89
EMP0245,2023-03,69,453573.08,97.51,86.0,120.2,58.85
EMP0245,2023-04,22,687854.65,82.69,91.9,155.0,29.06
EMP0245,2023-05,78,836682.24,94.94,88.8,181.4,64.26
EMP0245,2023-06,26,887991.04,96.67,90.8,141.2,52.46
EMP0245,2023-07,21,425562.71,84.91,98.5,160.7,47.97
EMP0245,2023-08,36,465500.9,90.7,88.5,120.6,40.39
EMP0245,2023-09,58,432644.17,97.8,85.2,162.8,53.37
EMP0245,2023-10,77,729354.13,98.95,96.5,147.3,88.87
EMP0245,2023-11,38,465214.44,89.58,87.4,155.4,36.62
EMP0245,2023-12,58,804295.16,87.12,96.2,137.4,60.34
EMP0246,2023-01,65,0.0,89.86,98.1,157.9,72.2
EMP0246,2023-02,56,0.0,97.02,89.9,162.5,62.22
EMP0246,2023-03,65,0.0,84.07,90.2,159.6,43.63
EMP0246,2023-04,78,0.0,97.25,97.2,142.0,87.9
EMP0246,2023-05,64,0.0,93.12,93.3,165.4,66.33
EMP0246,2023-06,54,0.0,82.36,95.4,182.5,48.65
EMP0246,2023-07,30,0.0,94.78,86.8,163.1,41.31
EMP0246,2023-08,40,0.0,89.95,96.8,179.7,59.95
EMP0246,2023-09,65,0.0,89.72,91.4,140.6,56.32
EMP0246,2023-10,31,0.0,93.68,97.0,151.6,63.57
EMP0246,2023-11,28,0.0,91.59,96.7,160.5,58.08
EMP0246,2023-12,44,0.0,97.97,86.0,176.5,50.28
EMP0247,2023-01,74,0.0,89.39,88.9,174.8,53.28
EMP0247,2023-02,41,0.0,82.06,98.9,178.7,51.41
EMP0247,2023-03,62,0.0,95.66,97.7,180.4,80.29
EMP0247,2023-04,62,0.0,88.63,90.8,146.0,51.89
EMP0247,2023-05,66,0.0,94.66,97.2,130.9,78.87
EMP0247,2023-06,40,0.0,86.77,86.6,165.3,30.58
EMP0247,2023-07,50,0.0,85.77,95.1,128.6,52.41
EMP0247,2023-08,33,0.0,85.11,99.7,178.6,55.62
EMP0247,2023-09,61,0.0,96.72,88.0,169.8,59.13
EMP0247,2023-10,49,0.0,89.12,95.5,121.8,58.84
EMP0247,2023-11,35,0.0,96.67,99.1,134.1,75.2
EMP0247,2023-12,33,0.0,91.75,87.4,178.4,38.54
EMP0248,2023-01,50,0.0,93.52,99.8,164.7,76.94
EMP0248,2023-02,54,0.0,86.39,95.9,174.0,56.87
EMP0248,2023-03,66,0.0,93.02,87.1,153.8,52.43
EMP0248,2023-04,43,0.0,93.85,94.1,155.1,61.6
EMP0248,2023-05,45,0.0,95.75,98.4,133.5,75.7
EMP0248,2023-06,45,0.0,85.82,92.0,156.3,43.39
EMP0248,2023-07,29,0.0,93.66,87.4,159.9,40.38
EMP0248,2023-08,21,0.0,95.92,92.9,132.1,54.17
EMP0248,2023-09,57,0.0,90.42,90.1,140.9,51.51
EMP0248,2023-10,20,0.0,96.48,97.0,183.2,64.34
EMP0248,2023-11,71,0.0,88.22,99.1,124.1,73.91
EMP0248,2023-12,78,0.0,83.73,86.9,123.8,40.21
EMP0249,2023-01,50,0.0,94.56,93.3,122.3,63.6
EMP0249,2023-02,72,0.0,89.05,94.2,158.8,64.3
EMP0249,2023-03,54,0.0,86.91,94.1,149.4,53.58
EMP0249,2023-04,44,0.0,99.04,92.8,137.6,68.02
EMP0249,2023-05,25,0.0,99.11,95.7,145.6,67.78
EMP0249,2023-06,37,0.0,90.87,88.2,181.2,40.36
EMP0249,2023-07,58,0.0,92.23,94.6,161.1,65.55
EMP0249,2023-08,47,0.0,93.76,92.6,175.6,59.44
EMP0249,2023-09,22,0.0,95.43,93.9,163.2,56.02
EMP0249,2023-10,46,0.0,92.77,87.5,152.9,45.43
EMP0249,2023-11,61,0.0,86.56,91.5,132.8,49.52
EMP0249,2023-12,76,0.0,90.04,96.6,171.5,73.14
EMP0250,2023-01,29,0.0,83.53,85.9,148.9,19.15
EMP0250,2023-02,49,0.0,96.61,92.5,141.5,64.94
EMP0250,2023-03,41,0.0,87.32,94.1,170.0,49.42
EMP0250,2023-04,40,0.0,97.18,87.8,141.9,51.6
EMP0250,2023-05,60,0.0,99.67,86.4,181.6,60.19
EMP0250,2023-06,32,0.0,97.35,94.7,168.9,65.0
EMP0250,2023-07,57,0.0,85.44,96.5,148.8,57.73
EMP0250,2023-08,48,0.0,95.65,99.1,171.9,78.29
EMP0250,2023-09,56,0.0,89.73,92.8,163.5,56.23
EMP0250,2023-10,22,0.0,94.46,97.6,128.4,62.95
EMP0250,2023-11,29,0.0,98.82,85.4,155.9,44.74
EMP0250,2023-12,68,0.0,98.38,97.8,123.9,87.53
EMP0251,2023-01,72,0.0,92.11,92.2,170.4,64.99
EMP0251,2023-02,59,0.0,92.31,87.4,136.7,49.27
EMP0251,2023-03,64,0.0,84.74,94.5,181.5,54.46
EMP0251,2023-04,42,0.0,83.09,96.6,177.9,48.22
EMP0251,2023-05,73,0.0,95.81,89.4,182.6,65.31
EMP0251,2023-06,45,0.0,96.63,90.2,153.6,58.11
EMP0251,2023-07,78,0.0,90.45,88.8,137.6,56.4
EMP0251,2023-08,33,0.0,94.39,93.7,162.9,57.86
EMP0251,2023-09,33,0.0,93.83,93.9,121.9,57.34
EMP0251,2023-10,73,0.0,95.32,94.1,140.5,75.42
EMP0251,2023-11,80,0.0,83.28,88.0,143.8,42.74
EMP0251,2023-12,65,0.0,92.81,91.0,163.3,60.79
EMP0252,2023-01,74,0.0,95.52,91.0,124.1,68.91
EMP0252,2023-02,23,0.0,88.05,87.5,143.4,28.55
EMP0252,2023-03,47,0.0,96.42,99.5,148.2,80.19
EMP0252,2023-04,42,0.0,91.63,86.2,172.9,38.9
EMP0252,2023-05,35,0.0,83.06,89.9,175.1,29.91
EMP0252,2023-06,67,0.0,83.82,95.3,176.5,55.84
EMP0252,2023-07,51,0.0,95.76,86.7,175.0,50.67
EMP0252,2023-08,75,0.0,91.92,94.8,150.0,71.85
EMP0252,2023-09,39,0.0,95.57,94.5,128.6,64.04
EMP0252,2023-10,65,0.0,87.43,86.8,149.1,41.58
EMP0252,2023-11,52,0.0,92.85,95.2,178.4,65.79
EMP0252,2023-12,40,0.0,91.9,98.2,158.0,66.63
EMP0253,2023-01,22,0.0,86.96,94.3,161.0,42.13
EMP0253,2023-02,55,0.0,95.76,86.6,120.1,51.94
EMP0253,2023-03,39,0.0,91.25,95.8,156.8,59.51
EMP0253,2023-04,70,0.0,89.53,97.5,149.3,72.09
EMP0253,2023-05,67,0.0,89.6,87.0,149.4,46.59
EMP0253,2023-06,48,0.0,97.64,98.6,131.3,80.6
EMP0253,2023-07,26,0.0,88.68,98.1,177.3,55.51
EMP0253,2023-08,41,0.0,99.51,91.3,163.8,64.22
EMP0253,2023-09,55,0.0,82.24,88.5,172.6,32.71
EMP0253,2023-10,50,0.0,89.14,92.8,123.8,52.94
EMP0253,2023-11,67,0.0,92.44,85.9,156.3,49.0
EMP0253,2023-12,20,0.0,85.88,89.9,162.4,29.22
EMP0254,2023-01,43,0.0,94.07,87.3,132.8,46.11
EMP0254,2023-02,29,0.0,85.71,91.2,157.9,35.33
EMP0254,2023-03,26,0.0,88.81,99.7,124.2,59.47
EMP0254,2023-04,68,0.0,84.87,86.2,120.1,36.82
EMP0254,2023-05,63,0.0,95.9,90.1,179.2,63.35
EMP0254,2023-06,53,0.0,89.6,90.2,132.6,48.81
EMP0254,2023-07,35,0.0,87.76,86.0,153.7,29.04
EMP0254,2023-08,52,0.0,94.44,94.5,173.3,66.94
EMP0254,2023-09,25,0.0,96.73,88.2,128.3,46.12
EMP0254,2023-10,35,0.0,93.03,87.2,172.7,41.06
EMP0254,2023-11,47,0.0,95.55,92.8,132.4,63.04
EMP0254,2023-12,56,0.0,91.06,91.0,152.8,54.36
EMP0255,2023-01,24,0.0,96.08,92.7,170.6,55.11
EMP0255,2023-02,49,0.0,90.86,99.7,127.8,71.68
EMP0255,2023-03,63,0.0,86.88,99.3,184.2,69.03
EMP0255,2023-04,71,0.0,91.12,88.1,142.6,53.32
EMP0255,2023-05,41,0.0,84.34,91.5,164.7,38.14
EMP0255,2023-06,54,0.0,96.0,94.8,171.7,71.12
EMP0255,2023-07,68,0.0,95.52,85.6,160.0,54.06
EMP0255,2023-08,56,0.0,82.04,89.8,142.2,35.77
EMP0255,2023-09,72,0.0,93.88,96.9,141.3,79.06
EMP0255,2023-10,66,0.0,97.86,90.8,126.3,69.54
EMP0255,2023-11,41,0.0,92.33,90.9,142.7,50.72
EMP0255,2023-12,68,0.0,83.23,94.2,175.1,52.62
EMP0256,2023-01,67,0.0,96.36,88.8,137.1,62.62
EMP0256,2023-02,36,0.0,92.0,88.7,152.8,43.13
EMP0256,2023-03,41,0.0,92.36,86.3,163.4,40.04
EMP0256,2023-04,66,0.0,84.8,89.4,141.9,43.42
EMP0256,2023-05,33,0.0,99.29,89.5,124.0,56.63
EMP0256,2023-06,25,0.0,91.09,97.4,173.9,57.72
EMP0256,2023-07,36,0.0,91.28,87.3,147.4,38.61
EMP0256,2023-08,32,0.0,94.86,87.8,147.1,44.54
EMP0256,2023-09,23,0.0,98.7,94.1,157.7,62.58
EMP0256,2023-10,65,0.0,86.76,87.9,145.7,42.97
EMP0256,2023-11,47,0.0,86.77,88.2,158.4,36.94
EMP0256,2023-12,55,0.0,94.97,94.4,163.9,68.76
EMP0257,2023-01,50,0.0,89.49,98.2,182.4,66.16
EMP0257,2023-02,66,0.0,87.1,94.2,129.4,58.64
EMP0257,2023-03,32,0.0,84.91,85.7,166.2,22.23
EMP0257,2023-04,51,0.0,87.01,91.7,120.1,47.03
EMP0257,2023-05,75,0.0,82.59,89.4,179.6,42.92
EMP0257,2023-06,75,0.0,82.76,94.8,158.4,55.82
EMP0257,2023-07,29,0.0,91.33,86.8,131.6,34.9
EMP0257,2023-08,65,0.0,92.3,88.2,120.7,53.37
EMP0257,2023-09,70,0.0,90.37,85.6,177.0,45.8
EMP0257,2023-10,77,0.0,88.98,89.3,145.5,54.62
EMP0257,2023-11,24,0.0,90.55,94.5,126.7,49.63
EMP0257,2023-12,21,0.0,96.18,93.0,122.4,54.86
EMP0258,2023-01,21,249300.65,89.07,93.0,141.5,42.41
EMP0258,2023-02,42,722598.3,98.89,85.9,161.2,50.91
EMP0258,2023-03,20,226125.04,95.66,87.3,157.5,40.27
EMP0258,2023-04,67,563185.54,84.46,94.0,176.2,53.93
EMP0258,2023-05,41,397146.01,98.83,90.5,137.5,61.16
EMP0258,2023-06,28,688485.46,84.01,99.8,172.5,52.05
EMP0258,2023-07,72,628052.18,97.02,87.9,141.9,63.55
EMP0258,2023-08,54,699666.89,97.81,94.6,149.1,73.82
EMP0258,2023-09,71,490854.76,97.33,86.9,143.1,61.39
EMP0258,2023-10,74,427493.76,96.72,98.7,120.3,88.98
EMP0258,2023-11,68,936041.43,93.97,99.6,165.7,84.01
EMP0258,2023-12,54,1132555.22,83.7,95.3,157.1,50.76
EMP0259,2023-01,72,0.0,92.17,92.6,181.3,66.03
EMP0259,2023-02,24,0.0,92.4,89.6,171.0,41.43
EMP0259,2023-03,31,0.0,90.15,97.6,140.0,58.79
EMP0259,2023-04,61,0.0,95.22,95.4,132.5,73.78
EMP0259,2023-05,28,0.0,86.65,98.4,135.4,53.4
EMP0259,2023-06,29,0.0,91.71,92.4,149.3,48.63
EMP0259,2023-07,46,0.0,86.97,93.7,126.2,49.75
EMP0259,2023-08,38,0.0,93.38,97.0,135.6,65.66
EMP0259,2023-09,44,0.0,84.74,96.6,177.4,51.86
EMP0259,2023-10,66,0.0,99.4,90.9,166.6,72.47
EMP0259,2023-11,56,0.0,90.88,97.7,164.2,69.67
EMP0259,2023-12,78,0.0,95.89,88.7,149.4,65.69
EMP0260,2023-01,48,0.0,94.4,89.3,122.2,53.23
EMP0260,2023-02,52,0.0,88.01,96.7,180.2,60.82
EMP0260,2023-03,20,0.0,85.93,99.4,161.9,51.48
EMP0260,2023-04,47,0.0,85.4,88.2,132.9,34.54
EMP0260,2023-05,65,0.0,95.01,90.2,176.7,62.78
EMP0260,2023-06,29,0.0,97.94,98.4,134.3,73.54
EMP0260,2023-07,36,0.0,93.58,86.9,137.6,41.7
EMP0260,2023-08,22,0.0,94.18,89.6,133.9,43.8
EMP0260,2023-09,72,0.0,83.35,98.9,182.5,65.3
EMP0260,2023-10,62,0.0,82.67,89.7,162.8,38.89
EMP0260,2023-11,52,0.0,90.03,95.8,184.7,62.25
EMP0260,2023-12,25,0.0,98.56,88.2,167.1,49.32
EMP0261,2023-01,24,0.0,88.01,90.6,174.7,36.08
EMP0261,2023-02,70,0.0,95.96,85.0,169.3,54.18
EMP0261,2023-03,23,0.0,92.62,86.8,127.6,34.91
EMP0261,2023-04,25,0.0,85.91,97.9,154.7,49.82
EMP0261,2023-05,23,0.0,86.25,98.9,172.9,52.0
EMP0261,2023-06,79,0.0,94.8,90.2,145.8,67.66
EMP0261,2023-07,21,0.0,94.77,90.4,130.0,46.32
EMP0261,2023-08,36,0.0,88.91,93.5,169.3,48.93
EMP0261,2023-09,71,0.0,89.6,93.7,154.3,63.72
EMP0261,2023-10,75,0.0,97.79,91.6,165.6,74.66
EMP0261,2023-11,70,0.0,95.0,96.6,139.8,79.57
EMP0261,2023-12,62,0.0,85.43,97.1,159.7,60.99
EMP0262,2023-01,45,0.0,87.08,95.2,123.1,53.06
EMP0262,2023-02,32,0.0,84.44,99.8,153.5,54.3
EMP0262,2023-03,39,0.0,96.02,89.7,170.5,53.63
EMP0262,2023-04,31,0.0,93.76,94.8,146.1,58.57
EMP0262,2023-05,48,0.0,95.67,86.9,137.8,49.86
EMP0262,2023-06,66,0.0,82.25,96.7,130.9,55.99
EMP0262,2023-07,70,0.0,84.46,98.7,167.9,66.02
EMP0262,2023-08,79,0.0,91.79,99.0,158.0,82.92
EMP0262,2023-09,47,0.0,99.02,94.2,122.7,72.38
EMP0262,2023-10,22,0.0,97.36,85.3,162.5,39.33
EMP0262,2023-11,26,0.0,87.01,87.2,149.4,27.15
EMP0262,2023-12,59,0.0,98.99,97.7,173.7,84.99
EMP0263,2023-01,46,0.0,82.12,89.2,165.7,30.76
EMP0263,2023-02,42,0.0,88.15,88.6,161.3,38.41
EMP0263,2023-03,41,0.0,98.7,91.8,162.8,63.97
EMP0263,2023-04,69,0.0,85.96,90.5,159.4,49.14
EMP0263,2023-05,51,0.0,82.32,87.5,155.1,29.02
EMP0263,2023-06,73,0.0,97.28,89.0,121.4,66.95
EMP0263,2023-07,21,0.0,90.74,95.2,120.2,50.47
EMP0263,2023-08,60,0.0,91.84,85.3,152.3,43.92
EMP0263,2023-09,80,0.0,90.42,91.3,184.4,62.93
EMP0263,2023-10,24,0.0,84.54,90.6,156.4,30.01
EMP0263,2023-11,48,0.0,90.7,96.8,120.1,64.26
EMP0263,2023-12,52,0.0,85.29,89.7,145.9,39.72
EMP0264,2023-01,72,0.0,85.48,96.2,177.0,62.72
EMP0264,2023-02,64,0.0,87.01,98.5,163.1,67.77
EMP0264,2023-03,69,0.0,90.87,95.8,151.0,70.1
EMP0264,2023-04,80,0.0,82.89,87.4,147.6,40.66
EMP0264,2023-05,67,0.0,89.95,95.3,169.9,66.57
EMP0264,2023-06,33,0.0,98.43,97.1,149.6,72.86
EMP0264,2023-07,39,0.0,99.04,94.7,125.8,70.58
EMP0264,2023-08,69,0.0,95.83,91.8,129.4,69.44
EMP0264,2023-09,77,0.0,94.64,88.2,124.6,61.96
EMP0264,2023-10,67,0.0,95.25,93.6,172.7,71.88
EMP0264,2023-11,22,0.0,99.23,87.8,142.5,48.44
EMP0264,2023-12,61,0.0,88.45,88.5,149.9,45.83
EMP0265,2023-01,74,0.0,90.18,97.9,170.6,75.67
EMP0265,2023-02,52,0.0,82.64,96.6,146.1,51.19
EMP0265,2023-03,80,0.0,90.24,85.9,177.2,50.02
EMP0265,2023-04,72,0.0,84.7,89.0,131.4,44.56
EMP0265,2023-05,41,0.0,90.24,87.5,128.9,39.13
EMP0265,2023-06,30,0.0,89.55,93.7,143.4,48.26
EMP0265,2023-07,45,0.0,95.52,93.1,134.1,62.93
EMP0265,2023-08,34,0.0,85.4,95.4,127.9,46.47
EMP0265,2023-09,37,0.0,92.94,96.0,145.6,62.19
EMP0265,2023-10,51,0.0,90.76,93.9,138.1,58.72
EMP0265,2023-11,46,0.0,86.42,86.9,121.4,32.92
EMP0265,2023-12,79,0.0,99.31,94.2,141.1,84.88
EMP0266,2023-01,76,0.0,86.39,86.9,166.1,44.12
EMP0266,2023-02,75,0.0,98.7,87.1,125.9,65.75
EMP0266,2023-03,31,0.0,85.21,96.3,152.7,47.11
EMP0266,2023-04,52,0.0,98.13,89.3,127.3,61.26
EMP0266,2023-05,76,0.0,94.35,85.3,128.3,54.31
EMP0266,2023-06,33,0.0,96.34,97.8,153.3,70.84
EMP0266,2023-07,64,0.0,83.09,86.2,184.2,32.21
EMP0266,2023-08,80,0.0,94.8,86.8,144.0,60.1
EMP0266,2023-09,62,0.0,86.84,94.0,168.6,56.22
EMP0266,2023-10,29,0.0,88.59,87.6,149.7,31.97
EMP0266,2023-11,52,0.0,96.94,88.0,142.5,56.14
EMP0266,2023-12,28,0.0,82.45,87.4,128.9,20.39
EMP0267,2023-01,24,0.0,97.16,85.4,175.4,39.96
EMP0267,2023-02,73,0.0,99.7,94.3,135.1,83.55
EMP0267,2023-03,20,0.0,86.82,88.2,178.5,26.9
EMP0267,2023-04,68,0.0,83.51,93.5,160.5,51.48
EMP0267,2023-05,28,0.0,89.25,99.7,166.0,60.99
EMP0267,2023-06,27,0.0,83.65,96.0,130.2,42.18
EMP0267,2023-07,32,0.0,97.8,85.3,132.0,43.85
EMP0267,2023-08,67,0.0,94.09,92.3,184.0,66.82
EMP0267,2023-09,37,0.0,82.98,85.6,184.0,20.49
EMP0267,2023-10,80,0.0,87.78,98.0,120.4,73.95
EMP0267,2023-11,49,0.0,93.0,85.4,159.8,42.06
EMP0267,2023-12,43,0.0,99.63,91.2,174.8,64.94
EMP0268,2023-01,54,341420.02,86.44,86.1,121.2,34.09
EMP0268,2023-02,26,826630.77,83.23,99.8,160.8,49.94
EMP0268,2023-03,35,713460.53,96.3,87.3,131.4,47.02
EMP0268,2023-04,20,1092859.78,97.04,87.2,185.0,42.45
EMP0268,2023-05,26,1025832.34,85.96,99.6,147.1,54.25
EMP0268,2023-06,44,745764.46,85.94,96.7,175.8,54.2
EMP0268,2023-07,60,1071530.78,83.61,100.0,121.6,63.82
EMP0268,2023-08,71,653047.61,90.55,90.8,184.4,58.62
EMP0268,2023-09,43,356767.22,94.41,96.8,166.4,68.88
EMP0268,2023-10,52,863720.69,84.0,99.0,156.1,59.17
EMP0268,2023-11,70,400941.56,83.35,94.6,176.9,54.51
EMP0268,2023-12,20,883302.83,89.12,87.5,129.9,29.29
EMP0269,2023-01,50,0.0,93.26,97.9,136.5,72.06
EMP0269,2023-02,32,0.0,99.51,99.0,140.4,78.81
EMP0269,2023-03,34,0.0,85.22,88.4,167.7,29.82
EMP0269,2023-04,28,0.0,87.63,98.9,132.2,56.29
EMP0269,2023-05,53,0.0,86.61,99.3,140.2,64.81
EMP0269,2023-06,32,0.0,86.7,92.6,156.3,41.46
EMP0269,2023-07,60,0.0,89.09,85.0,161.1,38.41
EMP0269,2023-08,55,0.0,93.27,85.5,133.3,45.01
EMP0269,2023-09,69,0.0,95.68,90.1,177.3,65.22
EMP0269,2023-10,56,0.0,87.0,93.0,167.9,51.92
EMP0269,2023-11,29,0.0,90.89,88.7,178.8,38.57
EMP0269,2023-12,64,0.0,94.45,85.4,148.2,50.22
EMP0270,2023-01,28,0.0,85.37,98.7,172.9,51.86
EMP0270,2023-02,38,0.0,84.68,93.6,169.7,42.51
EMP0270,2023-03,29,0.0,84.17,98.6,138.7,49.91
EMP0270,2023-04,42,0.0,92.52,93.5,156.7,57.49
EMP0270,2023-05,58,0.0,83.6,89.2,139.4,37.85
EMP0270,2023-06,41,0.0,88.62,95.6,153.3,55.19
EMP0270,2023-07,23,0.0,84.67,86.9,138.3,21.23
EMP0270,2023-08,79,0.0,86.69,85.7,146.9,42.97
EMP0270,2023-09,37,0.0,82.89,91.3,170.2,33.63
EMP0270,2023-10,41,0.0,95.8,90.8,180.1,56.56
EMP0270,2023-11,80,0.0,85.64,98.7,139.4,71.84
EMP0270,2023-12,31,0.0,84.27,98.8,146.8,51.3
EMP0271,2023-01,63,0.0,89.15,98.6,138.7,71.37
EMP0271,2023-02,76,0.0,83.0,94.1,120.5,54.98
EMP0271,2023-03,72,0.0,93.3,90.8,147.0,63.81
EMP0271,2023-04,63,0.0,92.76,89.1,142.3,55.52
EMP0271,2023-05,46,0.0,97.79,98.1,182.9,78.95
EMP0271,2023-06,28,0.0,85.19,90.4,154.7,32.18
EMP0271,2023-07,46,0.0,93.07,87.7,162.1,46.42
EMP0271,2023-08,76,0.0,84.07,93.0,146.6,54.29
EMP0271,2023-09,78,0.0,84.7,87.8,168.2,44.01
EMP0271,2023-10,78,0.0,99.69,87.9,152.9,70.47
EMP0271,2023-11,34,0.0,88.27,95.0,153.8,50.56
EMP0271,2023-12,30,0.0,93.52,95.5,159.7,59.41
EMP0272,2023-01,29,0.0,82.78,91.4,139.1,30.67
EMP0272,2023-02,78,0.0,93.8,88.3,136.8,61.1
EMP0272,2023-03,36,0.0,91.99,85.1,154.1,34.72
EMP0272,2023-04,59,0.0,91.26,88.0,164.5,48.83
EMP0272,2023-05,22,0.0,88.63,95.3,123.5,47.39
EMP0272,2023-06,63,0.0,84.32,93.5,156.1,51.02
EMP0272,2023-07,77,0.0,97.32,91.4,138.3,74.12
EMP0272,2023-08,34,0.0,84.15,94.1,165.7,41.25
EMP0272,2023-09,74,0.0,99.2,93.5,149.0,81.18
EMP0272,2023-10,36,0.0,87.53,85.5,131.4,27.84
EMP0272,2023-11,30,0.0,87.98,99.4,129.2,58.82
EMP0272,2023-12,37,0.0,92.69,99.9,164.4,70.85
EMP0273,2023-01,37,0.0,88.0,92.5,140.3,45.38
EMP0273,2023-02,23,0.0,97.09,94.3,161.2,60.23
EMP0273,2023-03,53,0.0,97.23,88.9,128.9,59.13
EMP0273,2023-04,23,0.0,87.33,92.1,125.1,38.02
EMP0273,2023-05,20,0.0,95.23,91.3,163.2,48.85
EMP0273,2023-06,20,0.0,89.22,86.4,153.7,26.9
EMP0273,2023-07,30,0.0,95.69,98.7,120.0,70.67
EMP0273,2023-08,50,0.0,87.83,91.5,160.6,47.62
EMP0273,2023-09,27,0.0,93.13,91.7,162.1,48.74
EMP0273,2023-10,43,0.0,89.58,86.9,161.5,37.32
EMP0273,2023-11,42,0.0,85.96,86.2,157.9,28.98
EMP0273,2023-12,35,0.0,99.56,86.6,177.4,51.09
EMP0274,2023-01,68,789758.88,89.43,97.1,161.4,70.24
EMP0274,2023-02,57,535042.49,92.08,99.6,132.6,76.58
EMP0274,2023-03,28,804929.73,94.68,88.1,142.6,43.42
EMP0274,2023-04,52,975057.44,87.22,94.4,178.3,54.07
EMP0274,2023-05,24,568917.4,83.88,92.2,166.5,32.59
EMP0274,2023-06,38,228766.38,87.85,85.4,164.6,28.92
EMP0274,2023-07,65,842981.13,88.83,92.0,127.8,56.16
EMP0274,2023-08,69,1049231.69,94.55,98.6,138.3,83.07
EMP0274,2023-09,27,699911.97,85.62,90.8,164.4,33.49
EMP0274,2023-10,64,1071947.88,91.43,90.7,173.1,57.3
EMP0274,2023-11,67,231959.8,85.07,93.4,177.3,53.6
EMP0274,2023-12,60,1119882.16,86.42,95.9,162.7,59.17
EMP0275,2023-01,63,0.0,95.42,89.2,173.2,60.41
EMP0275,2023-02,52,0.0,82.85,87.1,134.9,29.39
EMP0275,2023-03,60,0.0,99.06,95.5,120.6,80.36
EMP0275,2023-04,41,0.0,87.5,98.5,134.2,60.0
EMP0275,2023-05,53,0.0,92.42,91.6,149.1,57.01
EMP0275,2023-06,25,0.0,94.81,87.5,129.8,41.13
EMP0275,2023-07,72,0.0,95.61,92.3,157.8,71.35
EMP0275,2023-08,63,0.0,85.34,98.6,182.8,64.7
EMP0275,2023-09,33,0.0,89.17,97.9,123.3,58.52
EMP0275,2023-10,68,0.0,97.23,89.8,129.2,66.85
EMP0275,2023-11,54,0.0,90.12,90.6,128.4,51.03
EMP0275,2023-12,48,0.0,90.44,94.6,183.9,58.67
EMP0276,2023-01,35,1052327.38,97.29,92.6,181.2,61.12
EMP0276,2023-02,36,1180095.31,98.38,96.6,173.5,72.73
EMP0276,2023-03,68,924282.48,86.41,99.8,125.9,71.25
EMP0276,2023-04,49,1069352.56,93.13,86.0,134.2,43.69
EMP0276,2023-05,57,960667.26,84.23,92.3,166.4,45.81
EMP0276,2023-06,75,1030418.73,95.26,97.3,160.4,83.53
EMP0276,2023-07,63,1152191.98,90.37,89.0,145.9,51.11
EMP0276,2023-08,44,1109778.08,84.52,97.3,162.6,53.11
EMP0276,2023-09,76,290142.93,88.21,97.6,151.7,72.27
EMP0276,2023-10,40,419649.04,87.45,94.8,159.0,50.9
EMP0276,2023-11,40,1189640.48,93.71,94.6,130.5,61.39
EMP0276,2023-12,54,1134909.46,97.57,98.6,153.4,82.73
EMP0277,2023-01,38,0.0,95.41,86.0,127.5,43.55
EMP0277,2023-02,43,0.0,98.4,95.6,164.8,73.06
EMP0277,2023-03,49,0.0,93.57,98.5,151.0,73.62
EMP0277,2023-04,50,0.0,97.76,99.5,173.4,83.66
EMP0277,2023-05,34,0.0,90.67,91.2,157.5,45.89
EMP0277,2023-06,29,0.0,90.0,90.5,140.5,41.21
EMP0277,2023-07,72,0.0,82.02,98.3,163.7,61.57
EMP0277,2023-08,31,0.0,92.38,96.3,149.3,59.66
EMP0277,2023-09,52,0.0,99.42,87.3,148.7,58.85
EMP0277,2023-10,34,0.0,86.93,90.8,140.4,38.41
EMP0277,2023-11,60,0.0,90.63,89.2,120.3,50.9
EMP0277,2023-12,37,0.0,97.67,86.1,155.3,47.36
EMP0278,2023-01,40,0.0,97.79,91.5,176.6,61.3
EMP0278,2023-02,48,0.0,84.24,89.6,167.0,36.15
EMP0278,2023-03,49,0.0,90.63,89.3,129.7,47.01
EMP0278,2023-04,31,0.0,86.41,98.2,126.0,53.64
EMP0278,2023-05,22,0.0,86.96,92.2,131.3,37.23
EMP0278,2023-06,79,0.0,90.55,97.1,169.5,76.32
EMP0278,2023-07,29,0.0,94.76,94.3,135.5,58.41
EMP0278,2023-08,23,0.0,92.94,88.9,149.1,40.37
EMP0278,2023-09,38,0.0,83.49,85.6,156.8,21.76
EMP0278,2023-10,79,0.0,93.96,96.1,139.4,79.95
EMP0278,2023-11,61,0.0,91.64,98.1,158.1,73.81
EMP0278,2023-12,50,0.0,88.42,85.4,120.9,34.42
EMP0279,2023-01,77,0.0,85.85,97.7,169.7,68.75
EMP0279,2023-02,39,0.0,91.59,95.6,129.4,59.64
EMP0279,2023-03,31,0.0,97.73,91.4,178.8,57.59
EMP0279,2023-04,23,0.0,94.45,90.1,182.1,45.81
EMP0279,2023-05,77,0.0,90.55,97.5,134.6,76.5
EMP0279,2023-06,55,0.0,82.59,91.6,160.1,40.56
EMP0279,2023-07,52,0.0,87.47,86.1,148.7,35.14
EMP0279,2023-08,50,0.0,96.92,87.6,179.5,54.43
EMP0279,2023-09,31,0.0,97.92,88.0,136.7,49.98
EMP0279,2023-10,68,0.0,90.13,87.0,150.9,47.89
EMP0279,2023-11,66,0.0,92.22,94.1,137.2,67.37
EMP0279,2023-12,32,0.0,82.97,85.8,140.4,19.06
EMP0280,2023-01,28,0.0,96.65,85.3,120.4,40.34
EMP0280,2023-02,32,0.0,85.24,94.9,127.5,44.27
EMP0280,2023-03,78,0.0,85.86,96.1,162.4,65.4
EMP0280,2023-04,39,0.0,96.9,92.6,153.2,61.93
EMP0280,2023-05,78,0.0,98.18,93.8,122.8,81.6
EMP0280,2023-06,51,0.0,93.79,97.7,131.7,72.89
EMP0280,2023-07,71,0.0,85.52,97.2,177.7,64.75
EMP0280,2023-08,26,0.0,93.28,94.3,126.6,54.69
EMP0280,2023-09,29,0.0,86.14,93.0,130.7,40.29
EMP0280,2023-10,50,0.0,98.28,96.0,159.9,76.41
EMP0280,2023-11,57,0.0,82.59,90.4,160.2,38.51
EMP0280,2023-12,65,0.0,98.8,90.1,120.8,69.17
EMP0281,2023-01,43,0.0,97.28,96.2,165.2,72.5
EMP0281,2023-02,78,0.0,92.03,85.3,131.4,51.0
EMP0281,2023-03,64,0.0,92.61,95.6,143.7,70.8
EMP0281,2023-04,50,0.0,90.53,93.5,120.9,57.01
EMP0281,2023-05,25,0.0,89.82,95.1,123.8,50.13
EMP0281,2023-06,54,0.0,99.27,89.2,169.4,63.77
EMP0281,2023-07,69,0.0,94.34,93.3,173.5,70.34
EMP0281,2023-08,66,0.0,91.07,90.3,179.6,56.49
EMP0281,2023-09,22,0.0,99.67,86.9,177.4,47.11
EMP0281,2023-10,65,0.0,97.3,93.6,148.9,74.72
EMP0281,2023-11,21,0.0,85.05,87.6,124.0,22.78
EMP0281,2023-12,73,0.0,87.44,99.2,148.5,73.53
EMP0282,2023-01,78,0.0,84.71,96.6,132.3,64.56
EMP0282,2023-02,46,0.0,87.93,93.7,175.5,51.43
EMP0282,2023-03,71,0.0,82.98,94.7,126.6,54.47
EMP0282,2023-04,52,0.0,83.15,91.7,143.4,40.65
EMP0282,2023-05,20,0.0,90.55,97.2,171.8,54.43
EMP0282,2023-06,59,0.0,96.65,87.8,133.2,57.8
EMP0282,2023-07,42,0.0,98.78,93.2,167.4,67.75
EMP0282,2023-08,27,0.0,97.57,91.1,144.1,55.11
EMP0282,2023-09,24,0.0,92.54,85.2,176.6,31.41
EMP0282,2023-10,48,0.0,82.57,95.7,146.6,47.46
EMP0282,2023-11,59,0.0,98.55,95.2,174.1,78.39
EMP0282,2023-12,72,0.0,98.03,87.4,163.1,64.15
EMP0283,2023-01,57,0.0,89.46,99.6,174.6,72.0
EMP0283,2023-02,43,0.0,84.16,87.9,167.8,30.17
EMP0283,2023-03,80,0.0,91.98,86.8,165.7,55.16
EMP0283,2023-04,25,0.0,89.45,95.4,177.7,50.18
EMP0283,2023-05,76,0.0,99.52,97.4,176.4,91.59
EMP0283,2023-06,75,0.0,91.7,97.8,172.8,78.47
EMP0283,2023-07,37,0.0,92.25,91.9,147.1,51.41
EMP0283,2023-08,74,0.0,90.3,90.5,170.6,58.61
EMP0283,2023-09,23,0.0,89.31,90.5,143.6,37.75
EMP0283,2023-10,22,0.0,82.59,85.6,122.1,14.18
EMP0283,2023-11,48,0.0,82.21,88.1,122.3,29.1
EMP0283,2023-12,67,0.0,85.63,95.4,175.7,59.24
EMP0284,2023-01,43,0.0,89.83,91.4,168.8,48.26
EMP0284,2023-02,74,0.0,84.25,96.7,146.6,62.49
EMP0284,2023-03,22,0.0,88.91,93.4,161.6,43.44
EMP0284,2023-04,57,0.0,99.59,95.9,173.8,81.09
EMP0284,2023-05,48,0.0,91.02,90.8,183.7,50.82
EMP0284,2023-06,46,0.0,91.59,98.5,166.7,69.03
EMP0284,2023-07,45,0.0,98.55,91.6,127.0,64.74
EMP0284,2023-08,41,0.0,84.51,97.0,177.6,51.27
EMP0284,2023-09,71,0.0,93.91,91.2,184.9,65.43
EMP0284,2023-10,64,0.0,93.39,97.3,148.5,76.13
EMP0284,2023-11,49,0.0,93.11,85.9,167.4,43.42
EMP0284,2023-12,20,0.0,85.39,94.1,161.1,38.17
EMP0285,2023-01,50,0.0,98.83,88.5,178.1,59.87
EMP0285,2023-02,24,0.0,91.06,86.0,168.5,30.69
EMP0285,2023-03,69,0.0,92.76,86.9,120.9,52.64
EMP0285,2023-04,26,0.0,91.45,88.9,136.0,38.89
EMP0285,2023-05,22,0.0,84.93,99.6,180.6,50.94
EMP0285,2023-06,36,0.0,84.19,96.3,169.3,47.2
EMP0285,2023-07,63,0.0,84.28,98.5,155.3,62.62
EMP0285,2023-08,26,0.0,86.76,87.5,130.4,27.41
EMP0285,2023-09,57,0.0,82.62,87.4,148.8,31.56
EMP0285,2023-10,59,0.0,92.2,97.0,158.3,71.48
EMP0285,2023-11,68,0.0,94.42,92.0,146.3,67.07
EMP0285,2023-12,75,0.0,83.32,97.7,151.7,63.57
EMP0286,2023-01,64,0.0,91.02,94.4,130.1,65.22
EMP0286,2023-02,43,0.0,91.74,96.5,166.2,63.5
EMP0286,2023-03,61,0.0,96.56,91.7,129.6,67.49
EMP0286,2023-04,61,0.0,94.07,86.3,141.3,50.53
EMP0286,2023-05,26,0.0,82.54,87.5,137.6,20.03
EMP0286,2023-06,46,0.0,94.91,99.9,123.1,78.11
EMP0286,2023-07,68,0.0,84.56,94.7,171.1,56.11
EMP0286,2023-08,80,0.0,96.12,89.6,164.5,68.94
EMP0286,2023-09,31,0.0,98.46,90.7,171.9,57.23
EMP0286,2023-10,23,0.0,93.76,87.2,140.3,37.84
EMP0286,2023-11,72,0.0,91.57,95.3,161.4,71.28
EMP0286,2023-12,45,0.0,97.64,88.7,127.9,56.38
EMP0287,2023-01,49,0.0,98.7,87.5,172.9,56.93
EMP0287,2023-02,46,0.0,91.82,94.1,159.8,59.17
EMP0287,2023-03,47,0.0,94.34,88.3,144.3,50.42
EMP0287,2023-04,31,0.0,91.62,86.0,131.4,34.29
EMP0287,2023-05,39,0.0,88.7,91.1,127.9,44.08
EMP0287,2023-06,25,0.0,90.22,85.5,149.3,28.43
EMP0287,2023-07,34,0.0,99.41,92.2,137.8,63.52
EMP0287,2023-08,62,0.0,97.35,89.3,136.3,63.65
EMP0287,2023-09,76,0.0,90.78,98.3,164.5,78.4
EMP0287,2023-10,77,0.0,83.76,96.2,140.5,61.59
EMP0287,2023-11,80,0.0,84.96,94.5,150.3,60.85
EMP0287,2023-12,48,0.0,87.19,93.3,176.2,49.95
EMP0288,2023-01,72,0.0,95.68,87.0,180.1,59.11
EMP0288,2023-02,59,0.0,88.86,86.0,131.3,39.96
EMP0288,2023-03,61,0.0,99.16,93.6,181.9,76.47
EMP0288,2023-04,59,0.0,98.8,92.1,156.4,71.59
EMP0288,2023-05,73,0.0,87.14,92.0,155.4,56.2
EMP0288,2023-06,59,0.0,93.66,95.7,159.2,71.0
EMP0288,2023-07,77,0.0,97.15,97.8,173.5,88.75
EMP0288,2023-08,24,0.0,93.59,97.1,148.2,61.02
EMP0288,2023-09,42,0.0,90.38,92.0,156.0,50.25
EMP0288,2023-10,33,0.0,86.94,86.2,125.1,27.32
EMP0288,2023-11,47,0.0,97.94,88.1,124.4,56.25
EMP0288,2023-12,45,0.0,97.99,98.7,159.9,80.32
EMP0289,2023-01,67,852633.82,98.94,96.5,154.8,85.1
EMP0289,2023-02,61,966520.94,93.42,97.3,139.5,75.06
EMP0289,2023-03,25,941684.94,84.56,89.2,177.7,27.16
EMP0289,2023-04,71,555174.52,96.83,98.7,120.7,88.04
EMP0289,2023-05,39,575940.52,84.8,89.8,135.4,34.22
EMP0289,2023-06,62,584870.1,88.97,93.3,154.9,58.31
EMP0289,2023-07,70,513900.76,92.58,89.8,167.8,59.46
EMP0289,2023-08,22,349580.58,84.09,95.1,174.3,38.97
EMP0289,2023-09,30,785227.79,82.2,88.9,143.6,24.2
EMP0289,2023-10,36,620160.83,85.79,86.3,156.8,26.67
EMP0289,2023-11,80,434755.56,83.21,98.8,166.5,67.82
EMP0289,2023-12,39,1035126.95,83.92,90.7,179.8,34.79
EMP0290,2023-01,22,868231.62,82.88,90.5,160.3,26.12
EMP0290,2023-02,62,698926.96,87.43,87.3,184.3,41.62
EMP0290,2023-03,53,981425.49,86.32,86.0,147.8,33.27
EMP0290,2023-04,67,697813.28,91.34,93.2,124.7,64.1
EMP0290,2023-05,54,908576.97,97.16,90.2,134.2,62.41
EMP0290,2023-06,78,208809.57,98.84,92.2,120.6,79.02
EMP0290,2023-07,65,800270.86,88.99,88.6,183.2,48.51
EMP0290,2023-08,60,482517.07,90.18,88.9,152.8,49.42
EMP0290,2023-09,31,258990.47,84.53,97.1,182.4,47.79
EMP0290,2023-10,51,483643.67,83.31,97.7,141.3,54.55
EMP0290,2023-11,29,835053.03,86.45,90.7,167.0,35.46
EMP0290,2023-12,39,749888.01,88.71,97.3,136.3,58.57
EMP0291,2023-01,32,1178011.41,91.94,93.1,124.6,51.79
EMP0291,2023-02,66,282796.14,89.43,98.1,139.2,71.82
EMP0291,2023-03,64,1105101.64,86.38,88.2,151.1,42.63
EMP0291,2023-04,32,853474.94,84.06,98.7,133.2,51.07
EMP0291,2023-05,71,659346.99,94.66,95.7,144.9,77.25
EMP0291,2023-06,35,315579.63,90.71,97.4,183.5,60.8
EMP0291,2023-07,68,527259.76,96.47,98.3,147.4,85.36
EMP0291,2023-08,63,983348.8,83.57,85.2,158.0,30.34
EMP0291,2023-09,56,918050.53,96.76,89.5,163.5,60.83
EMP0291,2023-10,70,813384.05,84.44,99.9,120.3,68.79
EMP0291,2023-11,32,818953.76,98.86,91.2,173.1,59.47
EMP0291,2023-12,22,797256.14,89.14,99.1,184.5,57.14
EMP0292,2023-01,57,0.0,82.67,90.0,143.4,37.71
EMP0292,2023-02,24,0.0,86.54,91.5,180.1,35.61
EMP0292,2023-03,47,0.0,92.03,85.5,160.7,39.84
EMP0292,2023-04,29,0.0,97.92,92.8,122.7,60.43
EMP0292,2023-05,75,0.0,83.04,90.3,128.2,45.81
EMP0292,2023-06,78,0.0,85.97,92.0,154.8,56.03
EMP0292,2023-07,21,0.0,85.77,89.0,168.8,27.31
EMP0292,2023-08,50,0.0,83.13,99.8,165.8,58.76
EMP0292,2023-09,29,0.0,83.36,85.4,182.2,17.69
EMP0292,2023-10,38,0.0,88.37,98.5,165.4,60.4
EMP0292,2023-11,78,0.0,94.51,97.2,166.2,83.11
EMP0292,2023-12,22,0.0,88.85,90.8,142.6,37.27
EMP0293,2023-01,41,0.0,82.4,92.0,163.4,35.91
EMP0293,2023-02,34,0.0,98.58,90.4,151.6,57.87
EMP0293,2023-03,50,0.0,90.37,89.5,128.7,47.4
EMP0293,2023-04,77,0.0,98.46,98.4,182.0,92.45
EMP0293,2023-05,69,0.0,83.83,90.2,161.7,44.71
EMP0293,2023-06,79,0.0,87.68,86.0,168.3,45.4
EMP0293,2023-07,54,0.0,98.72,98.1,172.7,83.58
EMP0293,2023-08,35,0.0,89.27,94.7,172.5,51.98
EMP0293,2023-09,28,0.0,94.89,95.3,182.8,60.59
EMP0293,2023-10,52,0.0,91.4,93.7,166.4,59.75
EMP0293,2023-11,70,0.0,85.96,89.1,172.7,46.25
EMP0293,2023-12,25,0.0,96.12,91.9,182.3,53.69
EMP0294,2023-01,62,0.0,83.67,91.5,143.1,44.84
EMP0294,2023-02,66,0.0,83.49,99.8,176.8,65.39
EMP0294,2023-03,79,0.0,92.88,85.7,184.8,53.8
EMP0294,2023-04,50,0.0,88.94,90.5,132.7,47.23
EMP0294,2023-05,75,0.0,94.89,94.5,148.0,76.35
EMP0294,2023-06,63,0.0,97.01,98.3,124.3,84.43
EMP0294,2023-07,66,0.0,98.68,92.3,140.0,74.47
EMP0294,2023-08,34,0.0,82.66,98.9,130.1,49.84
EMP0294,2023-09,38,0.0,87.06,96.6,147.7,53.67
EMP0294,2023-10,30,0.0,95.26,90.1,175.6,49.86
EMP0294,2023-11,54,0.0,86.01,91.2,172.1,45.23
EMP0294,2023-12,30,0.0,98.64,90.7,163.1,57.17
EMP0295,2023-01,49,0.0,88.48,98.7,162.5,65.18
EMP0295,2023-02,40,0.0,93.91,91.5,132.4,54.51
EMP0295,2023-03,59,0.0,87.69,95.6,143.1,60.32
EMP0295,2023-04,46,0.0,85.85,93.4,150.5,47.09
EMP0295,2023-05,44,0.0,95.46,93.0,178.0,62.22
EMP0295,2023-06,31,0.0,92.98,94.9,172.8,57.44
EMP0295,2023-07,49,0.0,84.03,85.3,150.5,26.13
EMP0295,2023-08,45,0.0,89.41,88.6,141.5,41.74
EMP0295,2023-09,20,0.0,83.7,95.7,164.9,38.94
EMP0295,2023-10,35,0.0,85.77,86.4,131.0,26.49
EMP0295,2023-11,60,0.0,87.3,99.2,148.2,68.41
EMP0295,2023-12,28,0.0,96.48,90.1,175.1,51.24
EMP0296,2023-01,54,0.0,95.38,98.0,169.3,77.5
EMP0296,2023-02,59,0.0,86.3,96.6,155.2,60.22
EMP0296,2023-03,23,0.0,95.22,90.7,161.0,48.56
EMP0296,2023-04,48,0.0,90.88,91.1,175.2,51.27
EMP0296,2023-05,29,0.0,95.83,96.6,136.7,65.64
EMP0296,2023-06,67,0.0,88.02,85.8,135.5,41.03
EMP0296,2023-07,44,0.0,84.53,85.7,141.0,26.06
EMP0296,2023-08,59,0.0,83.79,97.5,126.6,57.92
EMP0296,2023-09,80,0.0,99.44,95.3,149.9,88.05
EMP0296,2023-10,45,0.0,99.21,96.7,177.1,77.79
EMP0296,2023-11,72,0.0,88.09,99.0,155.9,73.82
EMP0296,2023-12,75,0.0,96.01,89.2,157.1,65.94
EMP0297,2023-01,68,0.0,91.3,99.1,142.1,78.17
EMP0297,2023-02,76,0.0,84.3,91.9,154.7,52.12
EMP0297,2023-03,21,0.0,96.11,94.9,158.0,59.17
EMP0297,2023-04,61,0.0,91.02,91.2,174.1,56.63
EMP0297,2023-05,32,0.0,82.44,89.3,133.4,26.3
EMP0297,2023-06,25,0.0,89.75,91.6,171.9,41.84
EMP0297,2023-07,23,0.0,89.46,91.9,148.1,41.28
EMP0297,2023-08,66,0.0,90.95,86.0,180.9,46.25
EMP0297,2023-09,48,0.0,96.77,98.2,135.8,78.15
EMP0297,2023-10,21,0.0,82.12,90.5,181.4,24.42
EMP0297,2023-11,52,0.0,84.92,91.1,122.7,42.34
EMP0297,2023-12,32,0.0,84.95,98.4,132.3,51.93
EMP0298,2023-01,28,932857.5,90.18,95.6,175.5,53.05
EMP0298,2023-02,44,481135.78,89.02,91.0,127.5,46.28
EMP0298,2023-03,50,628864.0,88.6,89.4,155.4,44.07
EMP0298,2023-04,21,296248.47,93.75,95.7,134.3,56.9
EMP0298,2023-05,60,643373.16,84.15,98.7,138.1,61.73
EMP0298,2023-06,35,1166025.15,90.0,88.2,152.0,38.09
EMP0298,2023-07,63,219854.7,94.96,94.3,166.9,71.5
EMP0298,2023-08,53,218476.98,89.65,96.8,147.1,64.3
EMP0298,2023-09,55,889936.71,96.65,97.6,153.2,79.16
EMP0298,2023-10,62,916644.68,84.29,87.9,177.2,37.52
EMP0298,2023-11,50,310945.13,93.8,85.1,172.1,43.13
EMP0298,2023-12,41,906652.22,91.37,91.9,161.2,51.37
EMP0299,2023-01,24,0.0,93.67,91.4,127.5,47.86
EMP0299,2023-02,72,0.0,84.26,94.1,163.2,55.69
EMP0299,2023-03,43,0.0,87.91,89.8,165.0,41.17
EMP0299,2023-04,71,0.0,95.46,87.2,168.8,58.81
EMP0299,2023-05,32,0.0,84.36,96.6,165.7,46.7
EMP0299,2023-06,28,0.0,86.27,88.7,174.5,30.11
EMP0299,2023-07,79,0.0,88.2,95.3,180.3,68.01
EMP0299,2023-08,20,0.0,90.27,91.3,162.5,40.17
EMP0299,2023-09,58,0.0,94.54,90.7,144.5,60.5
EMP0299,2023-10,60,0.0,89.59,86.4,171.6,42.55
EMP0299,2023-11,53,0.0,84.13,91.1,123.9,41.34
EMP0299,2023-12,70,0.0,98.0,87.4,131.2,63.35
EMP0300,2023-01,69,0.0,95.29,93.4,180.1,72.23
EMP0300,2023-02,54,0.0,97.14,95.6,173.0,74.98
EMP0300,2023-03,26,0.0,83.71,88.0,140.7,23.24
EMP0300,2023-04,59,0.0,82.65,97.6,159.7,56.16
EMP0300,2023-05,61,0.0,95.55,97.2,130.6,78.55
EMP0300,2023-06,66,0.0,82.79,99.7,141.2,63.93
EMP0300,2023-07,67,0.0,99.09,91.8,135.7,74.4
EMP0300,2023-08,50,0.0,85.92,96.6,162.3,56.18
EMP0300,2023-09,55,0.0,94.82,86.1,143.1,49.13
EMP0300,2023-10,40,0.0,97.8,89.0,146.5,55.48
EMP0300,2023-11,41,0.0,99.17,87.4,120.5,54.52
EMP0300,2023-12,33,0.0,94.31,90.8,137.3,50.95
EMP0301,2023-01,73,0.0,91.47,90.4,121.4,60.05
EMP0301,2023-02,35,0.0,86.14,98.0,133.6,54.2
EMP0301,2023-03,23,0.0,90.47,96.2,151.5,53.08
EMP0301,2023-04,41,0.0,86.02,89.0,143.4,35.24
EMP0301,2023-05,22,0.0,83.19,85.8,143.4,15.7
EMP0301,2023-06,72,0.0,83.61,89.3,139.8,43.35
EMP0301,2023-07,54,0.0,95.17,96.7,144.3,74.1
EMP0301,2023-08,33,0.0,84.48,87.2,170.2,25.35
EMP0301,2023-09,77,0.0,83.41,99.4,138.2,68.44
EMP0301,2023-10,74,0.0,94.71,99.6,126.5,87.56
EMP0301,2023-11,74,0.0,85.13,93.8,183.5,57.26
EMP0301,2023-12,30,0.0,88.79,92.7,169.2,44.6
EMP0302,2023-01,73,0.0,98.9,91.2,148.4,74.92
EMP0302,2023-02,50,0.0,88.05,97.9,182.0,62.94
EMP0302,2023-03,29,0.0,96.38,89.8,166.5,50.74
EMP0302,2023-04,43,0.0,88.66,87.9,149.4,38.05
EMP0302,2023-05,46,0.0,91.23,86.2,128.4,39.7
EMP0302,2023-06,34,0.0,97.27,98.6,184.4,74.71
EMP0302,2023-07,39,0.0,93.02,87.5,139.3,43.24
EMP0302,2023-08,77,0.0,97.8,97.6,124.4,89.42
EMP0302,2023-09,75,0.0,94.99,86.5,163.6,57.86
EMP0302,2023-10,40,0.0,88.21,93.3,123.6,48.73
EMP0302,2023-11,42,0.0,89.6,93.4,169.7,52.15
EMP0302,2023-12,45,0.0,95.69,99.4,155.2,77.93
EMP0303,2023-01,28,0.0,91.82,87.4,151.6,36.79
EMP0303,2023-02,24,0.0,95.09,88.6,166.7,43.81
EMP0303,2023-03,34,0.0,96.97,97.9,150.0,72.55
EMP0303,2023-04,55,0.0,91.17,88.0,175.1,47.17
EMP0303,2023-05,27,0.0,90.65,95.2,184.7,52.56
EMP0303,2023-06,76,0.0,82.15,86.0,122.9,34.6
EMP0303,2023-07,66,0.0,91.9,95.2,181.5,69.38
EMP0303,2023-08,70,0.0,98.66,92.8,156.2,77.1
EMP0303,2023-09,50,0.0,99.44,92.9,130.9,71.2
EMP0303,2023-10,50,0.0,92.25,95.7,180.6,65.15
EMP0303,2023-11,39,0.0,92.72,90.9,158.6,50.65
EMP0303,2023-12,62,0.0,84.21,96.4,139.9,57.22
EMP0304,2023-01,72,0.0,85.96,94.3,159.1,59.13
EMP0304,2023-02,34,0.0,92.88,88.1,152.4,42.52
EMP0304,2023-03,49,0.0,95.53,98.0,165.1,75.89
EMP0304,2023-04,75,0.0,97.78,92.4,133.5,76.51
EMP0304,2023-05,43,0.0,88.38,90.5,178.8,43.62
EMP0304,2023-06,44,0.0,92.36,88.3,178.1,45.83
EMP0304,2023-07,24,0.0,89.35,87.1,169.3,30.26
EMP0304,2023-08,20,0.0,90.8,87.0,177.4,31.07
EMP0304,2023-09,54,0.0,85.14,90.6,131.4,42.31
EMP0304,2023-10,57,0.0,97.56,89.3,137.6,62.14
EMP0304,2023-11,80,0.0,92.47,91.6,133.1,67.22
EMP0304,2023-12,40,0.0,95.94,98.6,180.1,74.63
EMP0305,2023-01,59,0.0,92.63,91.7,159.1,59.86
EMP0305,2023-02,74,0.0,83.44,100.0,128.6,68.77
EMP0305,2023-03,49,0.0,99.11,99.6,181.8,85.88
EMP0305,2023-04,36,0.0,90.19,88.8,151.3,40.2
EMP0305,2023-05,22,0.0,94.3,98.1,156.0,63.84
EMP0305,2023-06,41,0.0,88.99,93.0,142.6,49.77
EMP0305,2023-07,45,0.0,97.59,85.3,146.2,48.36
EMP0305,2023-08,80,0.0,88.09,90.3,172.1,56.52
EMP0305,2023-09,27,0.0,97.35,88.4,152.3,48.42
EMP0305,2023-10,64,0.0,83.59,94.3,129.7,51.98
EMP0305,2023-11,60,0.0,85.57,93.8,176.6,52.78
EMP0305,2023-12,38,0.0,95.32,85.6,177.1,42.46
EMP0306,2023-01,80,925660.02,98.73,97.6,163.8,92.18
EMP0306,2023-02,70,1041706.72,96.75,98.4,151.1,86.83
EMP0306,2023-03,33,635288.43,85.62,98.2,154.3,53.01
EMP0306,2023-04,50,513410.24,82.11,86.1,130.3,25.01
EMP0306,2023-05,53,452358.17,94.57,88.7,130.9,54.01
EMP0306,2023-06,50,533877.99,96.75,94.9,120.1,71.16
EMP0306,2023-07,41,1168872.12,89.83,96.2,150.5,58.71
EMP0306,2023-08,39,570173.75,96.47,99.0,151.7,76.11
EMP0306,2023-09,57,995902.13,90.92,92.4,151.5,57.75
EMP0306,2023-10,40,386014.48,85.64,89.2,128.7,34.67
EMP0306,2023-11,70,314727.27,97.11,98.6,132.3,87.93
EMP0306,2023-12,69,762802.57,94.16,85.7,162.4,52.29
EMP0307,2023-01,23,0.0,90.54,98.7,128.5,59.04
EMP0307,2023-02,46,0.0,98.99,100.0,179.2,85.48
EMP0307,2023-03,40,0.0,86.1,90.0,127.4,37.34
EMP0307,2023-04,52,0.0,86.63,95.9,155.5,56.54
EMP0307,2023-05,73,0.0,88.09,89.1,120.0,51.1
EMP0307,2023-06,37,0.0,86.19,89.4,168.9,34.97
EMP0307,2023-07,29,0.0,94.31,96.8,171.0,63.45
EMP0307,2023-08,40,0.0,94.23,88.8,151.4,48.77
EMP0307,2023-09,23,0.0,98.96,99.6,169.0,75.87
EMP0307,2023-10,42,0.0,95.06,99.4,182.8,75.71
EMP0307,2023-11,65,0.0,84.24,95.1,182.0,55.36
EMP0307,2023-12,24,0.0,98.83,93.2,160.2,61.09
EMP0308,2023-01,61,0.0,85.52,96.0,122.4,58.2
EMP0308,2023-02,80,0.0,87.55,89.7,123.6,54.18
EMP0308,2023-03,66,0.0,91.28,94.6,181.9,66.89
EMP0308,2023-04,56,0.0,99.64,98.5,170.0,86.87
EMP0308,2023-05,27,0.0,83.03,93.8,158.7,35.96
EMP0308,2023-06,64,0.0,84.68,87.1,164.4,37.09
EMP0308,2023-07,28,0.0,93.83,89.6,161.0,45.44
EMP0308,2023-08,52,0.0,84.78,85.8,150.5,29.73
EMP0308,2023-09,77,0.0,83.82,93.3,130.9,54.93
EMP0308,2023-10,46,0.0,93.71,96.7,157.0,68.54
EMP0308,2023-11,79,0.0,84.66,93.6,140.7,57.85
EMP0308,2023-12,70,0.0,90.97,96.5,123.8,72.28
EMP0309,2023-01,48,0.0,96.38,96.3,150.2,73.03
EMP0309,2023-02,20,0.0,95.12,95.9,149.9,59.39
EMP0309,2023-03,75,0.0,94.09,85.8,163.1,54.65
EMP0309,2023-04,77,0.0,89.66,88.4,145.9,53.71
EMP0309,2023-05,56,0.0,84.63,87.3,157.1,34.47
EMP0309,2023-06,40,0.0,87.74,85.2,156.8,29.01
EMP0309,2023-07,71,0.0,84.57,97.5,126.0,63.79
EMP0309,2023-08,62,0.0,88.58,95.0,175.5,61.6
EMP0309,2023-09,28,0.0,92.33,90.7,148.5,45.38
EMP0309,2023-10,77,0.0,89.13,85.9,144.6,46.95
EMP0309,2023-11,28,0.0,90.41,99.9,124.1,63.48
EMP0309,2023-12,48,0.0,97.38,90.1,156.8,60.31
EMP0310,2023-01,51,0.0,95.76,87.7,165.3,53.01
EMP0310,2023-02,32,0.0,86.08,91.6,123.7,38.04
EMP0310,2023-03,57,0.0,91.77,89.8,168.5,53.17
EMP0310,2023-04,51,0.0,89.02,89.4,139.3,45.18
EMP0310,2023-05,35,0.0,93.94,88.3,181.5,45.22
EMP0310,2023-06,53,0.0,82.92,90.9,172.8,38.75
EMP0310,2023-07,55,0.0,84.24,85.0,172.5,28.04
EMP0310,2023-08,36,0.0,95.5,88.0,128.4,47.62
EMP0310,2023-09,39,0.0,99.03,96.2,160.0,74.06
EMP0310,2023-10,72,0.0,89.36,89.5,153.9,53.88
EMP0310,2023-11,63,0.0,97.9,94.7,162.9,77.58
EMP0310,2023-12,45,0.0,87.17,90.0,161.7,41.09
EMP0311,2023-01,33,0.0,88.23,88.1,157.0,34.01
EMP0311,2023-02,73,0.0,84.1,98.3,149.7,65.58
EMP0311,2023-03,50,0.0,89.76,90.8,176.1,49.36
EMP0311,2023-04,27,0.0,93.8,85.2,176.4,34.74
EMP0311,2023-05,23,0.0,89.92,92.0,131.2,42.32
EMP0311,2023-06,66,0.0,88.33,94.6,165.4,61.73
EMP0311,2023-07,37,0.0,83.94,97.6,150.5,50.17
EMP0311,2023-08,72,0.0,88.02,91.5,183.3,56.2
EMP0311,2023-09,41,0.0,94.52,89.4,177.2,51.05
EMP0311,2023-10,45,0.0,93.25,88.4,165.2,48.0
EMP0311,2023-11,21,0.0,92.17,85.2,180.0,29.64
EMP0311,2023-12,79,0.0,87.4,95.7,164.1,67.54
EMP0312,2023-01,59,0.0,88.95,95.8,122.1,62.99
EMP0312,2023-02,72,0.0,83.77,99.9,127.0,68.36
EMP0312,2023-03,23,0.0,86.1,96.4,179.8,45.9
EMP0312,2023-04,72,0.0,92.15,90.6,124.3,61.33
EMP0312,2023-05,77,0.0,96.51,89.0,148.6,67.1
EMP0312,2023-06,66,0.0,98.32,87.9,161.3,63.58
EMP0312,2023-07,65,0.0,85.58,87.9,160.2,40.91
EMP0312,2023-08,52,0.0,88.06,86.8,175.4,37.8
EMP0312,2023-09,72,0.0,91.65,87.7,152.2,53.69
EMP0312,2023-10,34,0.0,90.34,90.7,149.2,44.15
EMP0312,2023-11,24,0.0,99.52,90.1,150.2,55.06
EMP0312,2023-12,51,0.0,96.5,95.1,160.5,71.57
EMP0313,2023-01,62,0.0,99.11,89.5,142.6,67.19
EMP0313,2023-02,64,0.0,92.97,98.6,155.4,78.43
EMP0313,2023-03,65,0.0,93.92,92.8,168.9,66.93
EMP0313,2023-04,64,0.0,88.99,87.2,163.7,44.87
EMP0313,2023-05,74,0.0,88.94,91.6,158.3,58.79
EMP0313,2023-06,52,0.0,83.98,94.1,161.2,47.7
EMP0313,2023-07,37,0.0,91.49,86.7,170.0,37.95
EMP0313,2023-08,33,0.0,98.88,98.7,140.0,77.38
EMP0313,2023-09,36,0.0,95.01,93.9,180.6,60.53
EMP0313,2023-10,44,0.0,93.64,95.8,146.5,65.57
EMP0313,2023-11,55,0.0,98.46,91.9,163.8,69.03
EMP0313,2023-12,35,0.0,99.09,89.2,120.3,56.33
EMP0314,2023-01,33,0.0,96.46,89.3,142.0,51.21
EMP0314,2023-02,68,0.0,97.15,85.6,166.2,56.91
EMP0314,2023-03,49,0.0,88.89,98.3,132.4,64.97
EMP0314,2023-04,50,0.0,88.59,98.7,134.8,65.75
EMP0314,2023-05,53,0.0,83.25,86.1,173.1,28.13
EMP0314,2023-06,68,0.0,87.34,92.6,171.7,56.08
EMP0314,2023-07,47,0.0,95.7,86.9,147.6,49.53
EMP0314,2023-08,70,0.0,95.31,93.9,176.9,73.81
EMP0314,2023-09,45,0.0,91.23,95.4,158.5,60.79
EMP0314,2023-10,60,0.0,87.85,92.2,179.8,53.04
EMP0314,2023-11,39,0.0,83.73,89.9,167.7,32.59
EMP0314,2023-12,38,0.0,98.71,97.5,132.1,76.16
EMP0315,2023-01,24,485206.01,93.46,99.9,150.4,67.32
EMP0315,2023-02,24,218111.56,91.64,88.3,146.9,37.07
EMP0315,2023-03,50,655632.17,95.55,90.2,152.2,58.1
EMP0315,2023-04,57,1194903.9,93.64,99.2,144.2,78.38
EMP0315,2023-05,74,872700.15,93.41,97.9,128.1,81.32
EMP0315,2023-06,54,592314.99,86.61,85.2,154.8,32.28
EMP0315,2023-07,23,653829.13,94.74,89.8,120.2,45.62
EMP0315,2023-08,42,1010497.59,98.65,95.1,130.0,71.95
EMP0315,2023-09,47,984894.64,86.86,93.7,167.8,49.93
EMP0315,2023-10,25,1158310.46,86.27,95.9,167.3,45.78
EMP0315,2023-11,62,933522.69,89.63,93.9,125.4,60.87
EMP0315,2023-12,80,320393.69,89.21,94.3,172.1,67.82
EMP0316,2023-01,49,0.0,93.01,86.1,138.8,43.71
EMP0316,2023-02,30,0.0,91.4,96.5,134.6,58.03
EMP0316,2023-03,31,0.0,82.15,91.5,176.4,30.55
EMP0316,2023-04,29,0.0,91.75,90.6,176.6,44.5
EMP0316,2023-05,30,0.0,98.19,94.1,120.1,64.32
EMP0316,2023-06,51,0.0,84.3,88.4,164.9,34.58
EMP0316,2023-07,57,0.0,93.95,93.7,181.5,66.09
EMP0316,2023-08,58,0.0,91.3,85.7,170.2,43.16
EMP0316,2023-09,67,0.0,92.0,89.9,138.2,57.56
EMP0316,2023-10,49,0.0,90.69,97.2,167.3,65.55
EMP0316,2023-11,75,0.0,94.03,85.9,183.5,54.78
EMP0316,2023-12,56,0.0,94.1,90.4,174.3,58.28
EMP0317,2023-01,30,0.0,84.35,99.8,160.6,53.4
EMP0317,2023-02,39,0.0,94.93,93.9,126.0,61.52
EMP0317,2023-03,22,0.0,98.94,95.3,153.8,65.43
EMP0317,2023-04,33,0.0,88.15,93.8,161.8,47.17
EMP0317,2023-05,64,0.0,88.36,95.8,134.4,63.83
EMP0317,2023-06,73,0.0,83.86,92.5,153.2,51.63
EMP0317,2023-07,80,0.0,88.01,86.3,147.8,47.05
EMP0317,2023-08,66,0.0,94.69,90.4,125.2,63.06
EMP0317,2023-09,22,0.0,92.57,95.1,169.0,53.81
EMP0317,2023-10,34,0.0,90.81,95.8,161.8,56.87
EMP0317,2023-11,24,0.0,83.43,96.9,152.8,42.77
EMP0317,2023-12,59,0.0,83.83,87.3,137.2,34.19
EMP0318,2023-01,36,0.0,92.21,94.7,170.5,57.5
EMP0318,2023-02,35,0.0,87.1,96.5,168.1,52.38
EMP0318,2023-03,20,0.0,87.48,92.1,134.9,37.16
EMP0318,2023-04,31,0.0,95.41,98.1,147.9,69.16
EMP0318,2023-05,61,0.0,85.76,96.0,127.1,58.62
EMP0318,2023-06,25,0.0,95.71,89.2,134.1,46.67
EMP0318,2023-07,63,0.0,92.91,89.4,141.0,56.48
EMP0318,2023-08,63,0.0,86.78,89.4,152.3,45.76
EMP0318,2023-09,29,0.0,82.78,86.2,123.7,18.54
EMP0318,2023-10,47,0.0,93.14,92.4,129.1,57.89
EMP0318,2023-11,23,0.0,91.02,98.4,161.8,59.18
EMP0318,2023-12,51,0.0,93.61,86.9,127.8,47.38
EMP0319,2023-01,59,0.0,98.06,99.0,161.2,86.4
EMP0319,2023-02,40,0.0,94.16,85.5,160.3,40.95
EMP0319,2023-03,64,0.0,84.0,89.9,163.8,42.43
EMP0319,2023-04,77,0.0,90.56,98.5,156.2,78.86
EMP0319,2023-05,54,0.0,87.19,92.0,134.1,49.17
EMP0319,2023-06,22,0.0,84.25,99.9,159.3,50.45
EMP0319,2023-07,47,0.0,97.2,94.7,177.8,70.36
EMP0319,2023-08,72,0.0,88.17,90.6,178.8,54.36
EMP0319,2023-09,73,0.0,96.82,94.4,176.1,78.74
EMP0319,2023-10,38,0.0,94.96,97.7,137.7,70.06
EMP0319,2023-11,45,0.0,92.38,86.5,142.5,42.04
EMP0319,2023-12,20,0.0,88.53,99.2,149.3,55.56
EMP0320,2023-01,58,1082078.75,88.24,88.1,145.2,43.4
EMP0320,2023-02,51,344937.27,83.8,96.2,157.8,51.91
EMP0320,2023-03,58,851747.18,92.77,88.6,169.4,52.5
EMP0320,2023-04,65,866960.91,97.26,86.0,120.7,56.91
EMP0320,2023-05,21,1176264.06,83.93,99.8,177.4,49.29
EMP0320,2023-06,39,745419.34,93.89,86.5,153.4,42.43
EMP0320,2023-07,66,868090.49,94.04,93.9,131.0,70.09
EMP0320,2023-08,27,529842.33,92.85,90.1,160.2,44.51
EMP0320,2023-09,64,607006.66,97.13,88.2,151.3,61.44
EMP0320,2023-10,27,1126531.0,83.9,94.8,140.6,39.82
EMP0320,2023-11,35,607005.86,86.49,87.7,167.6,30.78
EMP0320,2023-12,65,1060977.94,95.39,97.9,174.6,81.41
EMP0321,2023-01,29,0.0,89.01,87.8,171.4,33.18
EMP0321,2023-02,62,0.0,86.3,86.4,177.0,37.54
EMP0321,2023-03,62,0.0,89.51,98.5,146.9,71.39
EMP0321,2023-04,49,0.0,83.12,88.3,151.6,31.54
EMP0321,2023-05,54,0.0,94.99,90.0,169.2,58.15
EMP0321,2023-06,42,0.0,90.51,88.7,129.9,42.78
EMP0321,2023-07,57,0.0,92.3,98.4,166.8,74.17
EMP0321,2023-08,46,0.0,95.58,97.6,170.3,73.91
EMP0321,2023-09,48,0.0,88.49,97.1,171.9,61.09
EMP0321,2023-10,76,0.0,86.77,99.7,132.9,74.65
EMP0321,2023-11,31,0.0,84.68,85.6,125.2,21.21
EMP0321,2023-12,65,0.0,97.84,93.9,151.7,76.36
EMP0322,2023-01,64,0.0,98.57,89.6,135.8,67.23
EMP0322,2023-02,64,0.0,82.98,92.2,131.9,46.02
EMP0322,2023-03,27,0.0,82.82,96.9,162.4,42.83
EMP0322,2023-04,38,0.0,98.88,94.1,176.7,68.52
EMP0322,2023-05,78,0.0,93.28,85.4,136.1,53.42
EMP0322,2023-06,29,0.0,94.62,86.6,165.8,40.19
EMP0322,2023-07,48,0.0,98.45,91.1,178.9,64.52
EMP0322,2023-08,66,0.0,95.06,89.5,182.3,61.61
EMP0322,2023-09,50,0.0,85.66,99.0,170.0,61.32
EMP0322,2023-10,70,0.0,94.42,98.1,182.0,82.05
EMP0322,2023-11,28,0.0,89.37,89.8,125.0,38.1
EMP0322,2023-12,35,0.0,96.37,86.6,177.5,45.51
EMP0323,2023-01,35,0.0,91.08,97.6,145.5,61.91
EMP0323,2023-02,80,0.0,86.21,85.1,127.0,41.1
EMP0323,2023-03,44,0.0,95.4,96.8,156.5,70.98
EMP0323,2023-04,41,0.0,91.32,100.0,155.3,70.18
EMP0323,2023-05,67,0.0,98.91,95.5,156.8,82.72
EMP0323,2023-06,34,0.0,89.14,92.3,157.0,45.78
EMP0323,2023-07,40,0.0,93.57,92.4,134.9,56.01
EMP0323,2023-08,24,0.0,86.74,85.7,164.6,22.43
EMP0323,2023-09,31,0.0,99.52,91.6,167.4,61.18
EMP0323,2023-10,32,0.0,88.04,86.7,160.7,30.04
EMP0323,2023-11,71,0.0,99.78,86.4,158.3,64.51
EMP0323,2023-12,69,0.0,90.09,85.6,157.7,44.93
EMP0324,2023-01,74,1074870.77,90.79,92.5,143.6,64.13
EMP0324,2023-02,64,755821.31,96.47,88.0,145.3,59.82
EMP0324,2023-03,74,392568.01,88.23,97.8,160.0,72.02
EMP0324,2023-04,32,739143.14,86.66,89.5,140.9,34.15
EMP0324,2023-05,29,771667.76,84.62,90.4,122.6,31.56
EMP0324,2023-06,66,615312.95,92.47,89.0,145.1,55.91
EMP0324,2023-07,29,381807.62,97.56,96.8,150.1,69.14
EMP0324,2023-08,66,710062.8,83.11,91.4,138.0,45.13
EMP0324,2023-09,69,1046290.38,97.22,88.0,168.6,63.01
EMP0324,2023-10,37,1074631.28,90.2,86.8,162.0,35.92
EMP0324,2023-11,46,1058423.84,82.26,91.5,131.4,36.37
EMP0324,2023-12,66,610605.31,92.55,98.7,164.7,78.68
EMP0325,2023-01,59,0.0,93.36,95.2,137.4,69.31
EMP0325,2023-02,75,0.0,86.66,98.5,148.0,71.28
EMP0325,2023-03,35,0.0,96.66,87.2,174.5,47.41
EMP0325,2023-04,39,0.0,87.02,97.3,144.8,55.61
EMP0325,2023-05,56,0.0,92.29,86.5,163.3,46.01
EMP0325,2023-06,54,0.0,96.47,89.1,183.2,58.64
EMP0325,2023-07,22,0.0,95.16,91.4,178.1,49.71
EMP0325,2023-08,76,0.0,85.72,98.6,126.0,70.24
EMP0325,2023-09,50,0.0,82.32,95.0,147.3,46.14
EMP0325,2023-10,80,0.0,88.49,94.9,137.1,67.96
EMP0325,2023-11,48,0.0,91.71,94.5,127.4,60.66
EMP0325,2023-12,64,0.0,92.75,98.3,183.9,77.35
EMP0326,2023-01,49,0.0,93.92,96.3,165.7,69.1
EMP0326,2023-02,36,0.0,86.33,93.0,141.8,43.24
EMP0326,2023-03,68,0.0,91.45,89.1,148.6,55.1
EMP0326,2023-04,34,0.0,99.51,87.6,154.8,52.96
EMP0326,2023-05,20,0.0,86.32,90.7,161.8,31.86
EMP0326,2023-06,24,0.0,95.75,89.8,134.8,47.76
EMP0326,2023-07,21,0.0,86.66,96.9,146.5,47.3
EMP0326,2023-08,20,0.0,99.07,88.3,139.8,48.57
EMP0326,2023-09,21,0.0,92.32,97.9,160.7,59.54
EMP0326,2023-10,20,0.0,91.43,86.7,142.0,31.47
EMP0326,2023-11,50,0.0,83.27,86.0,145.1,26.81
EMP0326,2023-12,53,0.0,91.77,99.1,127.0,73.37
EMP0327,2023-01,80,0.0,93.14,87.8,159.7,59.53
EMP0327,2023-02,45,0.0,94.08,94.0,150.3,62.52
EMP0327,2023-03,32,0.0,96.65,97.3,180.7,69.84
EMP0327,2023-04,26,0.0,92.17,94.2,176.8,52.51
EMP0327,2023-05,56,0.0,95.28,90.7,121.4,61.04
EMP0327,2023-06,70,0.0,87.42,86.1,164.5,41.8
EMP0327,2023-07,63,0.0,88.5,99.5,154.9,72.33
EMP0327,2023-08,34,0.0,93.61,92.6,128.6,54.3
EMP0327,2023-09,50,0.0,87.38,92.2,123.6,48.47
EMP0327,2023-10,41,0.0,95.49,93.4,163.6,62.08
EMP0327,2023-11,71,0.0,98.44,91.5,146.5,74.06
EMP0327,2023-12,49,0.0,82.64,87.6,136.7,29.06
EMP0328,2023-01,57,0.0,97.38,90.4,178.9,64.39
EMP0328,2023-02,34,0.0,92.66,87.1,130.9,39.8
EMP0328,2023-03,57,0.0,91.81,85.5,126.0,43.21
EMP0328,2023-04,49,0.0,90.77,86.7,152.9,41.19
EMP0328,2023-05,50,0.0,85.62,86.2,157.1,31.39
EMP0328,2023-06,23,0.0,92.52,91.8,148.4,46.4
EMP0328,2023-07,56,0.0,93.68,86.8,145.4,49.14
EMP0328,2023-08,35,0.0,82.45,99.6,135.7,51.48
EMP0328,2023-09,57,0.0,82.5,85.5,154.1,26.92
EMP0328,2023-10,61,0.0,99.79,90.1,157.3,69.41
EMP0328,2023-11,76,0.0,92.58,90.3,145.8,62.88
EMP0328,2023-12,24,0.0,98.05,99.0,171.5,73.25
EMP0329,2023-01,65,0.0,97.76,98.3,145.9,86.49
EMP0329,2023-02,54,0.0,98.66,87.7,123.5,59.2
EMP0329,2023-03,59,0.0,96.89,90.3,172.3,64.05
EMP0329,2023-04,52,0.0,91.52,89.8,161.9,50.86
EMP0329,2023-05,44,0.0,87.07,93.8,160.9,49.41
EMP0329,2023-06,57,0.0,87.06,94.0,136.0,54.73
EMP0329,2023-07,33,0.0,87.29,98.3,136.7,56.17
EMP0329,2023-08,22,0.0,92.25,86.9,128.9,34.12
EMP0329,2023-09,40,0.0,83.85,88.2,126.6,29.2
EMP0329,2023-10,24,0.0,98.54,89.8,127.8,52.64
EMP0329,2023-11,48,0.0,95.23,89.6,122.7,55.39
EMP0329,2023-12,58,0.0,96.47,96.2,131.1,76.71
EMP0330,2023-01,20,0.0,87.25,97.6,179.2,49.59
EMP0330,2023-02,76,0.0,84.51,97.3,167.7,65.09
EMP0330,2023-03,28,0.0,95.2,87.7,153.6,43.4
EMP0330,2023-04,47,0.0,93.48,86.7,125.5,45.18
EMP0330,2023-05,47,0.0,93.78,98.2,160.9,72.54
EMP0330,2023-06,63,0.0,92.67,89.8,164.7,57.0
EMP0330,2023-07,22,0.0,92.43,93.9,159.9,50.77
EMP0330,2023-08,72,0.0,98.4,98.5,120.3,90.7
EMP0330,2023-09,71,0.0,95.4,97.6,172.3,82.97
EMP0330,2023-10,26,0.0,93.13,93.0,169.1,51.39
EMP0330,2023-11,69,0.0,99.39,97.3,164.7,88.51
EMP0330,2023-12,79,0.0,92.29,97.5,147.9,80.3
EMP0331,2023-01,24,0.0,90.44,91.8,149.1,43.14
EMP0331,2023-02,74,0.0,96.0,86.6,169.3,59.48
EMP0331,2023-03,48,0.0,94.94,90.8,157.1,57.68
EMP0331,2023-04,49,0.0,91.01,90.3,137.6,50.01
EMP0331,2023-05,74,0.0,98.02,97.2,132.6,87.75
EMP0331,2023-06,28,0.0,82.9,97.3,147.7,44.28
EMP0331,2023-07,72,0.0,98.29,86.3,134.6,62.04
EMP0331,2023-08,60,0.0,84.72,93.7,145.3,51.06
EMP0331,2023-09,45,0.0,84.72,98.2,149.1,55.94
EMP0331,2023-10,58,0.0,96.69,95.4,178.4,75.22
EMP0331,2023-11,20,0.0,88.32,86.7,145.8,26.03
EMP0331,2023-12,58,0.0,94.14,85.7,168.2,48.13
EMP0332,2023-01,23,0.0,82.81,90.5,138.6,26.38
EMP0332,2023-02,22,0.0,82.8,92.0,127.4,29.48
EMP0332,2023-03,21,0.0,93.44,87.5,130.9,37.23
EMP0332,2023-04,39,0.0,90.3,90.2,136.8,44.78
EMP0332,2023-05,50,0.0,85.86,91.2,130.0,43.47
EMP0332,2023-06,64,0.0,86.36,90.2,120.0,47.26
EMP0332,2023-07,28,0.0,88.74,87.0,123.3,30.46
EMP0332,2023-08,53,0.0,86.74,97.3,163.0,60.37
EMP0332,2023-09,26,0.0,86.99,97.3,175.3,50.68
EMP0332,2023-10,54,0.0,88.78,98.6,145.7,67.35
EMP0332,2023-11,31,0.0,87.48,85.4,156.1,25.65
EMP0332,2023-12,23,0.0,97.23,92.4,170.5,56.04
EMP0333,2023-01,47,0.0,88.99,96.8,132.9,60.89
EMP0333,2023-02,49,0.0,89.22,88.0,140.5,41.51
EMP0333,2023-03,79,0.0,93.66,90.4,127.1,66.13
EMP0333,2023-04,29,0.0,84.95,88.1,144.4,26.77
EMP0333,2023-05,21,0.0,98.01,87.6,157.6,45.46
EMP0333,2023-06,65,0.0,85.07,87.0,142.5,37.91
EMP0333,2023-07,56,0.0,82.53,93.0,123.3,44.09
EMP0333,2023-08,23,0.0,86.34,90.1,161.4,31.62
EMP0333,2023-09,66,0.0,83.85,89.0,183.7,40.82
EMP0333,2023-10,23,0.0,86.45,87.9,124.0,26.68
EMP0333,2023-11,21,0.0,91.31,91.9,168.4,43.77
EMP0333,2023-12,47,0.0,92.48,92.7,130.8,57.43
EMP0334,2023-01,50,0.0,87.35,94.8,146.9,54.48
EMP0334,2023-02,31,0.0,93.72,93.5,152.6,55.47
EMP0334,2023-03,58,0.0,94.64,85.7,182.3,49.0
EMP0334,2023-04,20,0.0,94.37,96.4,155.6,59.25
EMP0334,2023-05,65,0.0,89.49,87.5,128.9,46.82
EMP0334,2023-06,68,0.0,98.35,87.7,177.1,63.91
EMP0334,2023-07,55,0.0,83.36,87.2,183.2,31.64
EMP0334,2023-08,57,0.0,86.77,90.3,143.6,45.59
EMP0334,2023-09,27,0.0,97.4,87.1,165.3,45.47
EMP0334,2023-10,70,0.0,83.11,93.7,181.1,51.99
EMP0334,2023-11,56,0.0,90.22,97.6,183.2,68.28
EMP0334,2023-12,70,0.0,97.01,94.9,138.6,79.12
EMP0335,2023-01,68,0.0,87.0,95.4,148.0,62.02
EMP0335,2023-02,60,0.0,90.68,95.4,133.5,65.46
EMP0335,2023-03,70,0.0,84.18,98.1,183.7,64.13
EMP0335,2023-04,22,0.0,88.17,90.3,153.5,34.91
EMP0335,2023-05,28,0.0,97.23,85.1,164.6,40.89
EMP0335,2023-06,36,0.0,88.17,90.7,120.7,41.1
EMP0335,2023-07,41,0.0,82.85,98.2,162.9,51.16
EMP0335,2023-08,57,0.0,91.16,86.4,130.1,44.17
EMP0335,2023-09,64,0.0,92.31,87.4,177.4,51.14
EMP0335,2023-10,26,0.0,87.09,93.9,138.8,42.92
EMP0335,2023-11,65,0.0,96.77,85.1,144.8,53.96
EMP0335,2023-12,80,0.0,82.36,92.2,127.5,50.93
EMP0336,2023-01,57,0.0,88.28,99.6,184.7,69.93
EMP0336,2023-02,49,0.0,94.99,94.9,123.8,67.71
EMP0336,2023-03,76,0.0,87.05,92.4,152.8,58.1
EMP0336,2023-04,67,0.0,99.26,88.4,138.6,66.76
EMP0336,2023-05,38,0.0,94.14,87.5,142.9,44.83
EMP0336,2023-06,39,0.0,95.56,93.2,139.9,60.99
EMP0336,2023-07,53,0.0,92.37,92.5,174.3,59.02
EMP0336,2023-08,61,0.0,87.53,99.3,183.8,69.42
EMP0336,2023-09,67,0.0,92.19,87.0,152.9,51.12
EMP0336,2023-10,43,0.0,93.01,86.8,135.6,43.09
EMP0336,2023-11,51,0.0,96.42,87.1,139.2,52.76
EMP0336,2023-12,41,0.0,85.9,92.4,184.4,42.97
EMP0337,2023-01,48,0.0,84.81,90.3,155.6,38.78
EMP0337,2023-02,72,0.0,93.82,93.2,140.9,70.32
EMP0337,2023-03,50,0.0,87.51,93.9,140.9,52.66
EMP0337,2023-04,71,0.0,86.69,86.9,121.5,42.77
EMP0337,2023-05,74,0.0,82.73,90.7,157.2,45.83
EMP0337,2023-06,59,0.0,89.22,96.6,150.9,65.33
EMP0337,2023-07,55,0.0,91.58,90.9,184.4,54.66
EMP0337,2023-08,38,0.0,89.1,93.2,138.8,49.31
EMP0337,2023-09,75,0.0,94.27,89.7,130.3,64.06
EMP0337,2023-10,21,0.0,97.5,96.7,134.8,65.8
EMP0337,2023-11,20,0.0,90.59,96.5,131.3,52.87
EMP0337,2023-12,53,0.0,93.58,88.4,182.4,51.57
EMP0338,2023-01,22,0.0,91.79,97.1,123.7,57.12
EMP0338,2023-02,73,0.0,97.89,97.0,182.8,86.68
EMP0338,2023-03,65,0.0,83.88,97.5,122.8,60.33
EMP0338,2023-04,70,0.0,86.57,91.5,183.0,52.91
EMP0338,2023-05,53,0.0,92.16,97.5,156.6,70.32
EMP0338,2023-06,44,0.0,93.05,95.5,180.6,63.84
EMP0338,2023-07,60,0.0,84.6,86.2,180.4,33.35
EMP0338,2023-08,43,0.0,83.01,89.6,137.4,32.13
EMP0338,2023-09,40,0.0,99.65,99.6,153.7,83.45
EMP0338,2023-10,48,0.0,96.59,98.8,124.6,79.23
EMP0338,2023-11,27,0.0,95.13,94.3,141.4,58.3
EMP0338,2023-12,67,0.0,97.44,88.6,143.4,64.04
EMP0339,2023-01,75,0.0,85.78,95.3,148.1,62.27
EMP0339,2023-02,71,0.0,89.37,90.4,143.2,55.62
EMP0339,2023-03,47,0.0,98.27,85.5,143.3,50.76
EMP0339,2023-04,46,0.0,92.93,91.3,144.0,54.58
EMP0339,2023-05,33,0.0,96.06,95.9,182.9,65.91
EMP0339,2023-06,73,0.0,82.32,88.4,146.9,39.37
EMP0339,2023-07,28,0.0,96.44,86.8,173.6,43.47
EMP0339,2023-08,56,0.0,86.11,89.0,121.6,41.03
EMP0339,2023-09,69,0.0,92.17,86.0,129.6,49.51
EMP0339,2023-10,38,0.0,97.34,90.6,143.6,57.66
EMP0339,2023-11,23,0.0,83.85,88.5,123.1,23.53
EMP0339,2023-12,45,0.0,98.53,98.8,120.1,81.5
EMP0340,2023-01,37,0.0,98.41,87.9,137.0,52.86
EMP0340,2023-02,47,0.0,97.7,97.4,152.8,77.53
EMP0340,2023-03,44,0.0,95.4,99.3,132.5,76.82
EMP0340,2023-04,38,0.0,89.82,85.7,160.4,33.07
EMP0340,2023-05,68,0.0,92.31,91.9,144.4,63.14
EMP0340,2023-06,37,0.0,95.87,85.0,137.8,41.65
EMP0340,2023-07,52,0.0,97.57,98.3,172.0,81.28
EMP0340,2023-08,39,0.0,98.18,96.4,173.3,73.04
EMP0340,2023-09,59,0.0,93.99,87.4,146.4,52.21
EMP0340,2023-10,33,0.0,83.47,96.7,169.9,45.75
EMP0340,2023-11,56,0.0,83.78,89.0,158.6,36.95
EMP0340,2023-12,52,0.0,96.62,92.0,169.5,64.92
EMP0341,2023-01,61,336220.43,93.46,94.5,126.5,68.6
EMP0341,2023-02,31,987258.5,98.67,87.0,143.0,48.96
EMP0341,2023-03,63,567686.92,95.36,94.4,121.4,72.44
EMP0341,2023-04,61,715143.91,93.01,91.6,144.8,61.04
EMP0341,2023-05,69,589864.49,95.64,96.3,154.6,79.61
EMP0341,2023-06,23,1064458.57,86.28,94.8,144.3,42.48
EMP0341,2023-07,74,756667.18,84.71,89.2,153.2,45.79
EMP0341,2023-08,47,1030788.39,91.21,98.5,183.4,68.74
EMP0341,2023-09,54,636957.0,84.65,94.6,184.1,50.79
EMP0341,2023-10,28,1007788.52,91.26,92.6,155.6,47.94
EMP0341,2023-11,52,905221.66,94.46,95.4,146.2,69.07
EMP0341,2023-12,67,458741.02,90.34,91.9,130.8,59.32
EMP0342,2023-01,65,0.0,89.42,92.4,121.8,58.13
EMP0342,2023-02,21,0.0,85.53,91.0,145.2,31.55
EMP0342,2023-03,55,0.0,85.6,86.2,122.5,33.22
EMP0342,2023-04,41,0.0,90.78,99.0,122.8,66.91
EMP0342,2023-05,37,0.0,90.29,88.1,181.5,39.12
EMP0342,2023-06,28,0.0,93.83,87.3,152.2,40.07
EMP0342,2023-07,70,0.0,86.75,93.8,123.5,58.6
EMP0342,2023-08,46,0.0,94.27,90.2,158.6,54.36
EMP0342,2023-09,46,0.0,90.46,86.3,131.1,38.59
EMP0342,2023-10,42,0.0,96.2,93.9,169.4,64.87
EMP0342,2023-11,73,0.0,91.16,99.8,148.5,81.44
EMP0342,2023-12,42,0.0,90.9,93.3,121.2,54.19
EMP0343,2023-01,21,0.0,83.45,86.6,152.6,17.65
EMP0343,2023-02,56,0.0,92.97,90.6,180.1,56.76
EMP0343,2023-03,26,0.0,86.79,93.5,161.0,41.47
EMP0343,2023-04,74,0.0,83.09,94.9,127.0,56.26
EMP0343,2023-05,72,0.0,90.9,85.2,161.8,46.54
EMP0343,2023-06,73,0.0,96.51,87.9,167.8,63.03
EMP0343,2023-07,49,0.0,96.86,96.2,182.3,74.01
EMP0343,2023-08,34,0.0,94.96,92.6,120.5,56.66
EMP0343,2023-09,72,0.0,96.83,90.9,125.9,70.22
EMP0343,2023-10,60,0.0,93.2,98.7,120.9,77.57
EMP0343,2023-11,25,0.0,88.72,94.1,153.9,45.87
EMP0343,2023-12,78,0.0,99.13,93.1,127.2,81.63
EMP0344,2023-01,52,0.0,86.17,97.8,175.5,60.16
EMP0344,2023-02,60,0.0,92.55,93.3,129.8,63.83
EMP0344,2023-03,46,0.0,96.87,89.1,136.1,56.34
EMP0344,2023-04,43,0.0,98.06,96.1,182.8,73.63
EMP0344,2023-05,54,0.0,93.39,98.0,135.9,74.02
EMP0344,2023-06,70,0.0,95.03,86.5,160.9,56.05
EMP0344,2023-07,39,0.0,88.48,87.4,146.4,35.07
EMP0344,2023-08,79,0.0,84.56,85.6,150.8,39.0
EMP0344,2023-09,33,0.0,92.16,97.1,166.2,61.89
EMP0344,2023-10,80,0.0,98.09,89.6,121.9,72.39
EMP0344,2023-11,68,0.0,82.96,97.1,168.0,58.91
EMP0344,2023-12,37,0.0,99.16,94.1,173.2,68.64
EMP0345,2023-01,36,0.0,98.6,85.3,134.2,46.75
EMP0345,2023-02,75,0.0,93.66,87.2,162.3,57.16
EMP0345,2023-03,57,0.0,87.08,89.0,130.2,43.1
EMP0345,2023-04,69,0.0,86.47,93.1,161.0,56.1
EMP0345,2023-05,37,0.0,99.54,94.7,136.5,70.7
EMP0345,2023-06,46,0.0,98.92,93.0,139.9,69.03
EMP0345,2023-07,76,0.0,86.83,97.6,130.0,69.85
EMP0345,2023-08,75,0.0,84.22,94.7,159.4,58.14
EMP0345,2023-09,79,0.0,98.77,95.1,126.7,86.04
EMP0345,2023-10,73,0.0,99.55,92.7,156.2,79.55
EMP0345,2023-11,72,0.0,83.96,92.7,156.8,51.9
EMP0345,2023-12,69,0.0,93.6,93.2,171.5,68.81
EMP0346,2023-01,72,0.0,83.55,92.6,137.2,50.95
EMP0346,2023-02,66,0.0,83.17,97.9,184.7,60.4
EMP0346,2023-03,34,0.0,85.34,87.2,160.5,27.23
EMP0346,2023-04,64,0.0,86.36,92.9,183.9,53.56
EMP0346,2023-05,79,0.0,82.83,96.3,128.8,60.94
EMP0346,2023-06,67,0.0,87.18,90.1,178.8,49.59
EMP0346,2023-07,55,0.0,94.86,86.6,171.8,50.36
EMP0346,2023-08,61,0.0,83.91,96.8,144.9,57.25
EMP0346,2023-09,80,0.0,87.47,95.6,153.3,67.81
EMP0346,2023-10,54,0.0,92.01,91.9,175.9,57.37
EMP0346,2023-11,77,0.0,93.25,89.5,152.5,62.56
EMP0346,2023-12,35,0.0,88.99,95.7,148.6,53.82
EMP0347,2023-01,20,0.0,97.9,96.7,151.3,66.13
EMP0347,2023-02,55,0.0,91.99,92.2,135.2,58.41
EMP0347,2023-03,53,0.0,86.67,86.5,140.1,35.05
EMP0347,2023-04,74,0.0,99.45,100.0,169.2,96.79
EMP0347,2023-05,44,0.0,93.21,85.4,132.8,40.55
EMP0347,2023-06,59,0.0,92.42,95.2,161.2,67.66
EMP0347,2023-07,44,0.0,86.88,94.6,129.5,50.94
EMP0347,2023-08,67,0.0,97.09,90.4,154.8,67.63
EMP0347,2023-09,61,0.0,92.86,95.2,146.0,69.18
EMP0347,2023-10,74,0.0,92.29,85.9,156.3,51.36
EMP0347,2023-11,79,0.0,85.9,99.0,169.1,72.62
EMP0347,2023-12,56,0.0,84.47,90.9,173.2,42.59
EMP0348,2023-01,60,0.0,85.25,98.7,142.5,63.65
EMP0348,2023-02,67,0.0,86.89,96.3,153.9,63.55
EMP0348,2023-03,56,0.0,94.31,85.9,129.5,48.14
EMP0348,2023-04,56,0.0,84.64,89.5,166.4,39.62
EMP0348,2023-05,65,0.0,97.16,91.6,155.5,69.8
EMP0348,2023-06,50,0.0,92.47,88.3,156.5,48.27
EMP0348,2023-07,43,0.0,83.86,94.7,128.0,45.51
EMP0348,2023-08,45,0.0,93.5,98.3,176.4,71.53
EMP0348,2023-09,77,0.0,95.91,89.6,137.4,67.45
EMP0348,2023-10,35,0.0,82.69,94.4,141.0,39.77
EMP0348,2023-11,32,0.0,95.76,95.1,180.7,63.15
EMP0348,2023-12,36,0.0,93.49,97.6,165.5,66.51
EMP0349,2023-01,20,0.0,88.79,86.7,128.3,26.85
EMP0349,2023-02,80,0.0,82.93,88.1,145.2,42.36
EMP0349,2023-03,35,0.0,94.24,91.9,156.8,54.14
EMP0349,2023-04,31,0.0,98.61,87.1,178.7,49.09
EMP0349,2023-05,68,0.0,93.95,99.9,146.7,84.68
EMP0349,2023-06,32,0.0,92.43,94.1,136.7,54.99
EMP0349,2023-07,72,0.0,89.84,89.5,132.6,54.72
EMP0349,2023-08,52,0.0,90.9,85.2,121.1,39.04
EMP0349,2023-09,43,0.0,99.07,87.8,140.4,56.03
EMP0349,2023-10,69,0.0,97.66,99.5,160.6,90.61
EMP0349,2023-11,41,0.0,91.25,99.2,154.8,68.2
EMP0349,2023-12,22,0.0,91.72,86.6,182.2,32.49
EMP0350,2023-01,72,0.0,87.97,85.6,160.6,42.35
EMP0350,2023-02,21,0.0,99.35,86.5,147.1,45.24
EMP0350,2023-03,35,0.0,95.23,89.2,140.4,49.58
EMP0350,2023-04,48,0.0,90.42,90.1,140.3,48.13
EMP0350,2023-05,76,0.0,84.25,96.4,150.2,62.54
EMP0350,2023-06,76,0.0,84.15,97.9,170.7,65.86
EMP0350,2023-07,59,0.0,91.79,90.1,133.5,54.66
EMP0350,2023-08,20,0.0,96.69,95.2,177.9,60.51
EMP0350,2023-09,38,0.0,82.99,85.2,169.4,19.95
EMP0350,2023-10,50,0.0,95.13,86.0,135.6,47.56
EMP0350,2023-11,24,0.0,83.15,97.8,155.8,44.38
EMP0350,2023-12,73,0.0,94.1,98.5,123.4,83.55
EMP0351,2023-01,41,0.0,88.54,87.4,171.6,35.92
EMP0351,2023-02,48,0.0,85.95,86.5,143.2,31.91
EMP0351,2023-03,37,0.0,95.93,98.8,166.9,73.95
EMP0351,2023-04,40,0.0,88.01,100.0,155.6,64.02
EMP0351,2023-05,60,0.0,99.35,99.4,168.9,89.96
EMP0351,2023-06,76,0.0,90.42,87.9,140.9,53.5
EMP0351,2023-07,49,0.0,98.37,96.5,166.1,77.36
EMP0351,2023-08,55,0.0,91.91,91.1,130.9,55.7
EMP0351,2023-09,43,0.0,92.28,92.2,163.7,54.42
EMP0351,2023-10,47,0.0,98.4,93.2,154.4,68.96
EMP0351,2023-11,44,0.0,98.19,94.9,175.7,71.43
EMP0351,2023-12,36,0.0,82.28,98.8,180.6,49.69
EMP0352,2023-01,80,0.0,89.69,85.5,145.4,48.12
EMP0352,2023-02,49,0.0,86.07,92.5,174.8,46.5
EMP0352,2023-03,75,0.0,96.71,95.4,153.6,81.63
EMP0352,2023-04,79,0.0,92.34,89.4,143.5,61.49
EMP0352,2023-05,48,0.0,88.68,91.3,135.0,47.89
EMP0352,2023-06,58,0.0,94.1,92.5,127.4,63.92
EMP0352,2023-07,49,0.0,96.69,99.2,174.2,80.72
EMP0352,2023-08,54,0.0,87.1,89.9,143.1,44.11
EMP0352,2023-09,26,0.0,94.94,92.9,153.8,54.33
EMP0352,2023-10,75,0.0,90.42,98.9,122.2,78.79
EMP0352,2023-11,32,0.0,82.07,100.0,157.4,50.62
EMP0352,2023-12,51,0.0,83.58,98.6,163.9,57.12
EMP0353,2023-01,33,0.0,92.84,85.1,158.5,35.08
EMP0353,2023-02,46,0.0,98.92,96.1,183.3,76.26
EMP0353,2023-03,45,0.0,91.83,93.6,136.6,57.64
EMP0353,2023-04,40,0.0,90.21,95.9,170.4,58.3
EMP0353,2023-05,68,0.0,96.35,88.1,176.4,61.35
EMP0353,2023-06,57,0.0,88.43,98.9,167.1,68.56
EMP0353,2023-07,48,0.0,85.15,99.1,155.0,59.91
EMP0353,2023-08,46,0.0,94.58,94.2,138.3,64.23
EMP0353,2023-09,47,0.0,93.03,96.6,120.5,67.49
EMP0353,2023-10,69,0.0,98.01,92.1,137.9,73.96
EMP0353,2023-11,54,0.0,85.04,85.6,175.8,30.47
EMP0353,2023-12,79,0.0,84.23,86.9,131.3,41.46
EMP0354,2023-01,48,0.0,82.31,93.4,176.7,41.64
EMP0354,2023-02,68,0.0,86.86,90.8,174.7,51.04
EMP0354,2023-03,54,0.0,98.16,86.8,159.1,56.23
EMP0354,2023-04,45,0.0,93.13,86.0,127.1,42.19
EMP0354,2023-05,72,0.0,90.11,88.5,131.2,52.86
EMP0354,2023-06,53,0.0,86.78,93.7,128.7,52.04
EMP0354,2023-07,33,0.0,87.94,91.4,164.3,41.2
EMP0354,2023-08,21,0.0,90.58,86.7,148.8,30.36
EMP0354,2023-09,57,0.0,97.25,99.2,162.3,84.7
EMP0354,2023-10,20,0.0,83.66,88.4,179.5,21.84
EMP0354,2023-11,64,0.0,87.39,98.7,173.3,68.9
EMP0354,2023-12,42,0.0,89.22,92.3,167.1,48.92
EMP0355,2023-01,51,0.0,84.66,93.9,177.2,48.05
EMP0355,2023-02,68,0.0,99.28,86.3,179.8,62.27
EMP0355,2023-03,48,0.0,87.15,97.5,181.7,59.68
EMP0355,2023-04,65,0.0,97.47,93.1,132.2,73.85
EMP0355,2023-05,51,0.0,86.71,94.7,131.3,53.5
EMP0355,2023-06,56,0.0,86.28,87.8,161.6,38.52
EMP0355,2023-07,69,0.0,85.83,95.0,145.6,59.41
EMP0355,2023-08,34,0.0,87.15,94.8,144.5,48.13
EMP0355,2023-09,23,0.0,83.53,96.4,179.8,41.4
EMP0355,2023-10,78,0.0,85.02,91.3,134.1,52.73
EMP0355,2023-11,60,0.0,90.18,85.4,157.6,41.25
EMP0355,2023-12,27,0.0,90.61,96.9,179.1,56.46
EMP0356,2023-01,63,0.0,93.38,99.1,153.4,79.94
EMP0356,2023-02,64,0.0,98.14,90.9,179.6,69.51
EMP0356,2023-03,41,0.0,90.04,86.4,161.9,36.21
EMP0356,2023-04,55,0.0,94.31,93.9,151.9,66.43
EMP0356,2023-05,27,0.0,89.3,89.0,161.6,35.73
EMP0356,2023-06,41,0.0,91.69,98.9,122.6,68.27
EMP0356,2023-07,74,0.0,88.95,95.4,129.4,67.68
EMP0356,2023-08,41,0.0,90.13,87.9,142.0,39.87
EMP0356,2023-09,33,0.0,83.33,89.9,162.6,29.64
EMP0356,2023-10,21,0.0,84.47,99.3,134.7,49.06
EMP0356,2023-11,34,0.0,91.91,97.8,134.6,63.46
EMP0356,2023-12,79,0.0,87.17,93.9,181.6,62.94
EMP0357,2023-01,44,0.0,83.88,91.2,147.8,37.76
EMP0357,2023-02,50,0.0,87.32,88.8,137.3,40.43
EMP0357,2023-03,48,0.0,93.8,92.0,138.2,58.48
EMP0357,2023-04,54,0.0,86.46,97.3,163.7,60.25
EMP0357,2023-05,23,0.0,94.8,99.1,142.3,67.42
EMP0357,2023-06,66,0.0,93.34,91.8,161.5,63.96
EMP0357,2023-07,55,0.0,89.17,85.5,162.6,37.84
EMP0357,2023-08,62,0.0,85.18,85.3,173.1,33.02
EMP0357,2023-09,23,0.0,99.42,88.4,174.0,50.54
EMP0357,2023-10,24,0.0,98.2,99.6,146.1,74.92
EMP0357,2023-11,72,0.0,98.28,87.3,167.1,64.36
EMP0357,2023-12,43,0.0,84.52,86.2,167.6,26.84
EMP0358,2023-01,67,0.0,98.98,96.9,141.1,86.11
EMP0358,2023-02,71,0.0,83.4,93.0,123.3,51.24
EMP0358,2023-03,30,0.0,94.4,92.7,121.6,54.42
EMP0358,2023-04,34,0.0,99.05,87.5,138.3,51.92
EMP0358,2023-05,77,0.0,85.98,90.6,178.8,52.41
EMP0358,2023-06,75,0.0,84.53,89.6,183.0,46.79
EMP0358,2023-07,39,0.0,91.16,96.9,181.1,61.92
EMP0358,2023-08,53,0.0,82.49,87.2,120.4,29.37
EMP0358,2023-09,23,0.0,96.84,93.9,180.4,58.86
EMP0358,2023-10,42,0.0,99.25,89.4,167.2,59.7
EMP0358,2023-11,43,0.0,87.0,86.3,123.8,31.41
EMP0358,2023-12,28,0.0,99.12,86.5,162.6,47.46
EMP0359,2023-01,62,0.0,86.48,96.4,154.9,61.19
EMP0359,2023-02,54,0.0,99.56,93.0,122.6,73.15
EMP0359,2023-03,35,0.0,94.94,96.3,181.4,65.64
EMP0359,2023-04,59,0.0,97.4,86.8,132.3,56.78
EMP0359,2023-05,75,0.0,84.45,98.0,184.3,66.25
EMP0359,2023-06,75,0.0,90.16,94.3,123.9,67.6
EMP0359,2023-07,63,0.0,83.31,92.1,157.6,45.98
EMP0359,2023-08,27,0.0,90.0,86.0,123.7,29.96
EMP0359,2023-09,26,0.0,89.33,89.6,132.1,36.81
EMP0359,2023-10,47,0.0,96.23,93.4,181.5,65.63
EMP0359,2023-11,62,0.0,82.05,94.0,173.6,47.84
EMP0359,2023-12,45,0.0,95.45,86.9,154.0,48.35
EMP0360,2023-01,62,0.0,92.9,91.1,170.0,60.06
EMP0360,2023-02,39,0.0,91.73,96.2,165.8,61.29
EMP0360,2023-03,25,0.0,96.72,86.0,160.7,40.97
EMP0360,2023-04,53,0.0,82.93,87.6,145.1,31.07
EMP0360,2023-05,59,0.0,97.99,88.6,184.0,62.01
EMP0360,2023-06,69,0.0,93.07,94.4,124.8,70.68
EMP0360,2023-07,70,0.0,94.86,90.8,126.1,65.79
EMP0360,2023-08,20,0.0,83.58,96.8,177.7,41.3
EMP0360,2023-09,40,0.0,85.92,91.0,123.4,39.36
EMP0360,2023-10,30,0.0,86.21,93.8,175.3,42.65
EMP0360,2023-11,49,0.0,90.42,89.3,159.0,46.64
EMP0360,2023-12,39,0.0,97.76,98.9,148.8,78.14
EMP0361,2023-01,69,0.0,91.4,95.6,169.1,70.56
EMP0361,2023-02,57,0.0,90.07,95.7,174.1,63.96
EMP0361,2023-03,32,0.0,92.45,99.4,148.0,67.39
EMP0361,2023-04,67,0.0,88.17,89.3,122.6,49.46
EMP0361,2023-05,69,0.0,98.24,86.1,140.2,60.36
EMP0361,2023-06,20,0.0,96.93,95.0,140.6,60.46
EMP0361,2023-07,43,0.0,94.84,88.5,125.0,50.26
EMP0361,2023-08,40,0.0,96.09,96.7,165.6,70.46
EMP0361,2023-09,67,0.0,84.8,90.3,127.9,45.89
EMP0361,2023-10,60,0.0,96.67,98.3,142.6,82.71
EMP0361,2023-11,41,0.0,85.57,86.4,170.7,28.39
EMP0361,2023-12,51,0.0,86.72,98.9,145.3,63.32
EMP0362,2023-01,64,0.0,83.99,98.1,122.2,61.55
EMP0362,2023-02,65,0.0,90.64,97.2,180.2,71.46
EMP0362,2023-03,52,0.0,87.84,89.2,166.9,43.02
EMP0362,2023-04,75,0.0,84.67,99.2,144.7,69.43
EMP0362,2023-05,59,0.0,92.62,90.8,157.0,57.74
EMP0362,2023-06,77,0.0,95.49,98.5,167.6,87.48
EMP0362,2023-07,54,0.0,85.45,98.8,161.8,61.99
EMP0362,2023-08,55,0.0,95.23,86.4,150.3,50.54
EMP0362,2023-09,45,0.0,88.0,91.4,159.5,45.81
EMP0362,2023-10,34,0.0,90.67,92.9,120.2,49.86
EMP0362,2023-11,49,0.0,98.13,98.1,162.7,80.67
EMP0362,2023-12,61,0.0,93.05,99.6,162.2,79.78
EMP0363,2023-01,50,0.0,95.48,99.3,172.1,79.21
EMP0363,2023-02,39,0.0,97.25,93.2,164.6,63.95
EMP0363,2023-03,72,0.0,96.0,93.2,145.7,74.13
EMP0363,2023-04,77,0.0,85.18,95.9,172.6,63.37
EMP0363,2023-05,40,0.0,87.6,89.0,125.3,37.63
EMP0363,2023-06,41,0.0,99.12,94.6,175.5,71.23
EMP0363,2023-07,42,0.0,82.93,87.6,159.5,26.94
EMP0363,2023-08,78,0.0,97.51,86.8,140.5,64.09
EMP0363,2023-09,60,0.0,89.9,99.2,167.8,72.96
EMP0363,2023-10,71,0.0,97.62,85.2,182.4,57.93
EMP0363,2023-11,76,0.0,90.08,87.9,156.9,52.91
EMP0363,2023-12,73,0.0,91.26,96.4,173.1,73.68
EMP0364,2023-01,72,0.0,91.83,96.4,159.2,74.3
EMP0364,2023-02,28,0.0,87.22,99.5,157.9,56.97
EMP0364,2023-03,26,0.0,90.48,88.4,157.0,36.02
EMP0364,2023-04,42,0.0,84.83,93.5,146.1,44.04
EMP0364,2023-05,75,0.0,90.58,96.9,182.0,74.41
EMP0364,2023-06,59,0.0,87.36,87.0,138.8,39.67
EMP0364,2023-07,63,0.0,88.49,94.6,133.0,60.88
EMP0364,2023-08,51,0.0,95.61,89.4,129.1,56.71
EMP0364,2023-09,65,0.0,87.75,90.2,145.9,50.07
EMP0364,2023-10,67,0.0,97.61,94.1,178.5,77.18
EMP0364,2023-11,41,0.0,86.17,93.9,143.7,46.94
EMP0364,2023-12,45,0.0,99.04,92.5,170.5,67.7
EMP0365,2023-01,67,887515.21,82.81,91.8,142.9,45.91
EMP0365,2023-02,61,813863.44,87.18,95.7,136.6,60.41
EMP0365,2023-03,74,1154023.08,85.56,95.6,134.3,62.21
EMP0365,2023-04,32,224836.71,92.01,90.5,140.7,45.85
EMP0365,2023-05,42,883687.79,87.52,99.6,181.3,62.98
EMP0365,2023-06,71,1099955.19,97.71,92.8,183.0,75.82
EMP0365,2023-07,39,1138763.63,90.07,95.0,167.8,55.58
EMP0365,2023-08,24,538859.74,86.92,89.1,171.9,30.68
EMP0365,2023-09,72,1174962.42,92.89,99.3,135.1,82.92
EMP0365,2023-10,21,374973.32,86.42,94.5,144.3,41.28
EMP0365,2023-11,57,1186656.02,94.79,94.5,155.2,69.42
EMP0365,2023-12,77,1012853.81,86.32,98.3,150.8,70.97
EMP0366,2023-01,33,0.0,98.57,96.5,125.2,71.71
EMP0366,2023-02,68,0.0,94.27,90.8,147.2,64.01
EMP0366,2023-03,76,0.0,99.49,89.8,151.6,73.81
EMP0366,2023-04,24,0.0,95.14,94.0,170.7,56.5
EMP0366,2023-05,78,0.0,99.73,85.6,125.6,65.18
EMP0366,2023-06,57,0.0,87.02,92.3,150.2,50.69
EMP0366,2023-07,71,0.0,84.81,94.2,122.8,56.51
EMP0366,2023-08,30,0.0,95.68,99.8,120.7,73.22
EMP0366,2023-09,76,0.0,89.97,88.7,132.8,54.58
EMP0366,2023-10,22,0.0,94.15,90.5,155.8,45.85
EMP0366,2023-11,27,0.0,93.84,89.0,148.9,43.68
EMP0366,2023-12,35,0.0,91.87,99.0,155.8,66.56
EMP0367,2023-01,39,981700.6,90.01,93.9,153.2,52.91
EMP0367,2023-02,64,375380.98,91.68,85.1,134.1,44.67
EMP0367,2023-03,23,290357.79,86.2,85.9,184.9,21.58
EMP0367,2023-04,67,259497.34,96.32,95.0,157.0,77.02
EMP0367,2023-05,56,1198160.93,97.03,94.2,152.2,72.27
EMP0367,2023-06,60,941553.4,83.24,88.3,121.3,35.87
EMP0367,2023-07,47,450134.49,89.61,89.3,138.4,44.48
EMP0367,2023-08,52,225188.3,92.1,92.2,166.2,57.47
EMP0367,2023-09,29,396435.58,96.75,92.3,174.7,57.22
EMP0367,2023-10,36,245697.82,89.1,92.0,143.7,45.76
EMP0367,2023-11,64,283690.8,84.91,96.3,182.2,58.96
EMP0367,2023-12,73,506557.72,91.72,86.4,155.6,51.15
EMP0368,2023-01,22,0.0,85.38,90.5,151.9,30.5
EMP0368,2023-02,27,0.0,91.52,96.4,130.5,56.89
EMP0368,2023-03,55,0.0,94.19,98.4,149.3,76.72
EMP0368,2023-04,69,0.0,97.07,92.4,122.0,73.01
EMP0368,2023-05,79,0.0,83.76,86.1,176.6,38.77
EMP0368,2023-06,73,0.0,87.22,87.4,162.1,45.61
EMP0368,2023-07,71,0.0,97.92,99.2,135.0,91.12
EMP0368,2023-08,40,0.0,82.59,95.5,120.9,44.03
EMP0368,2023-09,38,0.0,83.0,93.7,158.1,39.8
EMP0368,2023-10,78,0.0,87.34,93.1,148.1,60.99
EMP0368,2023-11,35,0.0,87.75,92.2,149.8,43.49
EMP0368,2023-12,24,0.0,87.36,91.0,136.0,35.88
EMP0369,2023-01,43,0.0,92.7,97.8,171.3,68.22
EMP0369,2023-02,56,0.0,92.11,86.8,135.9,46.39
EMP0369,2023-03,63,0.0,93.81,94.0,184.3,68.79
EMP0369,2023-04,57,0.0,94.01,99.6,155.7,79.96
EMP0369,2023-05,68,0.0,90.29,95.8,170.3,68.71
EMP0369,2023-06,42,0.0,88.33,86.0,167.8,32.66
EMP0369,2023-07,40,0.0,84.74,91.9,180.6,39.4
EMP0369,2023-08,67,0.0,97.18,98.7,150.3,87.16
EMP0369,2023-09,25,0.0,98.95,91.5,160.7,57.7
EMP0369,2023-10,32,0.0,99.71,87.0,173.6,51.16
EMP0369,2023-11,47,0.0,84.95,93.3,168.3,45.65
EMP0369,2023-12,44,0.0,87.24,94.6,176.5,51.57
EMP0370,2023-01,29,0.0,99.31,99.7,168.4,78.97
EMP0370,2023-02,32,0.0,88.12,95.7,132.6,51.18
EMP0370,2023-03,43,0.0,99.29,92.8,155.3,68.08
EMP0370,2023-04,37,0.0,94.58,98.4,167.8,70.66
EMP0370,2023-05,51,0.0,93.65,85.3,157.4,43.71
EMP0370,2023-06,48,0.0,83.86,91.9,149.2,40.86
EMP0370,2023-07,64,0.0,93.33,98.6,143.8,79.06
EMP0370,2023-08,44,0.0,92.57,86.0,123.3,40.83
EMP0370,2023-09,40,0.0,92.36,86.3,126.2,39.66
EMP0370,2023-10,62,0.0,88.72,90.3,182.8,50.88
EMP0370,2023-11,66,0.0,99.11,90.8,124.1,71.73
EMP0370,2023-12,70,0.0,83.61,97.0,139.2,60.57
EMP0371,2023-01,27,0.0,87.49,85.1,170.4,23.47
EMP0371,2023-02,38,0.0,88.2,99.1,175.5,61.5
EMP0371,2023-03,68,0.0,98.2,88.1,161.7,64.58
EMP0371,2023-04,70,0.0,97.44,95.8,171.7,81.97
EMP0371,2023-05,46,0.0,84.09,94.2,164.4,45.87
EMP0371,2023-06,22,0.0,87.07,85.1,160.0,20.86
EMP0371,2023-07,50,0.0,95.15,86.4,156.4,48.53
EMP0371,2023-08,37,0.0,93.52,90.5,184.2,50.37
EMP0371,2023-09,25,0.0,87.86,89.8,144.6,34.33
EMP0371,2023-10,72,0.0,93.9,99.2,162.0,84.46
EMP0371,2023-11,48,0.0,89.44,90.0,177.6,46.19
EMP0371,2023-12,64,0.0,97.46,86.9,157.7,58.99
EMP0372,2023-01,64,0.0,94.58,88.2,127.0,56.98
EMP0372,2023-02,23,0.0,84.34,95.8,154.0,41.42
EMP0372,2023-03,78,0.0,97.14,89.6,132.0,69.98
EMP0372,2023-04,80,0.0,88.71,93.0,177.9,63.91
EMP0372,2023-05,76,0.0,89.05,95.4,166.6,68.6
EMP0372,2023-06,30,0.0,97.31,97.4,133.4,70.48
EMP0372,2023-07,71,0.0,95.36,96.4,139.0,80.11
EMP0372,2023-08,27,0.0,95.41,88.5,150.1,45.26
EMP0372,2023-09,42,0.0,97.71,95.4,136.6,71.01
EMP0372,2023-10,73,0.0,99.27,92.6,162.9,78.83
EMP0372,2023-11,45,0.0,85.59,87.9,158.0,33.42
EMP0372,2023-12,56,0.0,88.47,99.4,160.9,69.42
EMP0373,2023-01,54,0.0,93.09,93.0,120.3,61.82
EMP0373,2023-02,64,0.0,99.26,97.6,126.3,87.11
EMP0373,2023-03,57,0.0,98.08,94.4,146.2,74.95
EMP0373,2023-04,38,0.0,87.73,86.8,132.6,31.98
EMP0373,2023-05,63,0.0,86.31,96.5,179.0,61.5
EMP0373,2023-06,66,0.0,96.49,97.3,135.3,82.31
EMP0373,2023-07,57,0.0,88.6,87.2,184.5,41.56
EMP0373,2023-08,23,0.0,93.25,87.1,146.6,36.71
EMP0373,2023-09,51,0.0,94.63,91.4,126.6,59.66
EMP0373,2023-10,42,0.0,86.67,86.9,156.2,31.86
EMP0373,2023-11,65,0.0,83.86,92.2,168.0,47.93
EMP0373,2023-12,21,0.0,91.95,90.6,143.6,41.85
EMP0374,2023-01,54,0.0,83.11,97.1,122.6,53.93
EMP0374,2023-02,61,0.0,83.73,92.5,163.4,46.9
EMP0374,2023-03,34,0.0,94.29,98.5,121.3,69.26
EMP0374,2023-04,35,0.0,96.3,85.8,142.8,43.52
EMP0374,2023-05,20,0.0,82.6,96.4,130.1,38.65
EMP0374,2023-06,27,0.0,94.96,96.4,144.0,62.91
EMP0374,2023-07,68,0.0,85.41,90.1,127.4,46.87
EMP0374,2023-08,21,0.0,92.54,99.2,165.3,62.95
EMP0374,2023-09,50,0.0,93.35,89.9,131.7,53.55
EMP0374,2023-10,40,0.0,93.9,98.6,179.0,71.06
EMP0374,2023-11,22,0.0,96.13,96.2,153.5,62.61
EMP0374,2023-12,25,0.0,99.17,99.0,177.8,75.59
EMP0375,2023-01,66,0.0,99.69,91.4,180.1,74.14
EMP0375,2023-02,60,0.0,94.84,89.5,138.9,58.97
EMP0375,2023-03,37,0.0,83.29,91.3,161.2,34.33
EMP0375,2023-04,50,0.0,95.54,85.9,147.7,48.05
EMP0375,2023-05,48,0.0,83.05,95.6,171.8,48.07
EMP0375,2023-06,41,0.0,89.98,99.2,151.1,65.97
EMP0375,2023-07,66,0.0,93.34,95.1,127.1,71.66
EMP0375,2023-08,68,0.0,87.79,90.3,135.2,51.5
EMP0375,2023-09,44,0.0,89.47,89.4,164.6,43.34
EMP0375,2023-10,30,0.0,84.96,93.9,132.0,40.7
EMP0375,2023-11,38,0.0,91.18,94.8,158.3,56.68
EMP0375,2023-12,47,0.0,86.87,92.1,160.9,46.21
EMP0376,2023-01,60,0.0,86.1,92.6,149.6,50.91
EMP0376,2023-02,54,0.0,84.85,98.4,179.8,60.0
EMP0376,2023-03,40,0.0,98.59,90.8,166.7,61.07
EMP0376,2023-04,44,0.0,84.04,89.2,137.4,33.37
EMP0376,2023-05,71,0.0,86.18,85.4,139.9,38.37
EMP0376,2023-06,75,0.0,86.96,95.8,144.5,65.5
EMP0376,2023-07,36,0.0,85.39,92.1,142.3,39.5
EMP0376,2023-08,65,0.0,86.68,91.6,160.6,51.46
EMP0376,2023-09,22,0.0,96.1,95.3,167.3,60.46
EMP0376,2023-10,57,0.0,86.3,85.1,128.1,32.63
EMP0376,2023-11,21,0.0,93.82,96.1,173.6,57.96
EMP0376,2023-12,42,0.0,94.64,99.3,124.6,74.74
EMP0377,2023-01,65,0.0,92.36,96.9,148.9,73.77
EMP0377,2023-02,77,0.0,94.3,93.7,124.2,74.2
EMP0377,2023-03,36,0.0,85.46,96.1,183.7,48.95
EMP0377,2023-04,52,0.0,91.99,99.0,161.3,73.15
EMP0377,2023-05,69,0.0,94.97,85.7,143.9,53.71
EMP0377,2023-06,77,0.0,94.05,85.9,168.5,55.56
EMP0377,2023-07,70,0.0,96.84,89.2,147.1,65.52
EMP0377,2023-08,54,0.0,89.37,91.0,120.1,50.65
EMP0377,2023-09,55,0.0,96.75,97.0,126.0,77.94
EMP0377,2023-10,55,0.0,92.78,94.9,158.0,66.09
EMP0377,2023-11,62,0.0,83.61,99.1,174.4,62.47
EMP0377,2023-12,67,0.0,99.51,85.8,138.2,61.13
EMP0378,2023-01,53,709790.74,98.18,87.7,183.1,57.99
EMP0378,2023-02,64,262590.6,92.52,89.1,170.4,55.48
EMP0378,2023-03,43,222402.91,93.05,92.0,175.0,55.3
EMP0378,2023-04,76,404288.82,96.41,89.7,130.2,68.18
EMP0378,2023-05,43,1094813.03,84.61,89.1,155.5,33.76
EMP0378,2023-06,22,640061.05,97.51,87.3,128.7,44.26
EMP0378,2023-07,67,755089.09,93.18,90.8,131.1,61.72
EMP0378,2023-08,36,911801.36,90.79,99.1,134.3,65.28
EMP0378,2023-09,23,394961.46,90.59,85.3,144.7,27.86
EMP0378,2023-10,22,362439.95,84.99,86.1,174.4,19.55
EMP0378,2023-11,66,1091856.44,84.85,95.5,121.4,57.74
EMP0378,2023-12,80,335210.64,86.02,98.9,155.7,72.97
EMP0379,2023-01,65,0.0,91.17,93.9,136.0,64.69
EMP0379,2023-02,43,0.0,87.44,89.8,179.1,40.34
EMP0379,2023-03,53,0.0,88.06,92.1,149.4,50.55
EMP0379,2023-04,76,0.0,86.61,92.0,138.2,56.4
EMP0379,2023-05,72,0.0,94.08,85.4,145.0,52.57
EMP0379,2023-06,35,0.0,82.18,89.3,132.6,26.97
EMP0379,2023-07,76,0.0,82.21,92.8,144.9,50.57
EMP0379,2023-08,48,0.0,94.56,93.6,137.1,63.55
EMP0379,2023-09,57,0.0,98.73,85.6,156.8,55.55
EMP0379,2023-10,27,0.0,88.87,96.8,134.5,53.18
EMP0379,2023-11,27,0.0,87.29,91.8,174.0,38.75
EMP0379,2023-12,65,0.0,89.03,87.6,174.2,46.24
EMP0380,2023-01,72,305422.22,90.54,98.5,163.9,76.95
EMP0380,2023-02,38,1146838.2,98.39,96.5,129.0,73.27
EMP0380,2023-03,57,411741.57,99.02,92.6,136.3,72.39
EMP0380,2023-04,63,1013775.92,87.96,94.4,156.0,59.49
EMP0380,2023-05,31,778189.85,89.91,93.2,138.1,48.1
EMP0380,2023-06,50,933585.42,94.34,86.7,132.8,47.81
EMP0380,2023-07,50,1185049.27,92.9,91.8,131.6,57.19
EMP0380,2023-08,31,931353.14,82.93,98.2,150.3,47.55
EMP0380,2023-09,20,1028819.69,88.79,89.9,166.2,34.32
EMP0380,2023-10,22,870190.48,93.18,99.4,177.6,64.92
EMP0380,2023-11,63,850664.96,86.77,89.8,173.1,46.67
EMP0380,2023-12,29,1031015.21,88.59,88.2,125.7,33.37
EMP0381,2023-01,41,0.0,88.36,87.9,151.8,36.77
EMP0381,2023-02,47,0.0,92.56,92.1,159.9,56.17
EMP0381,2023-03,58,0.0,97.06,86.1,165.7,54.17
EMP0381,2023-04,22,0.0,91.96,93.1,130.6,48.08
EMP0381,2023-05,35,0.0,92.71,90.8,145.4,48.9
EMP0381,2023-06,42,0.0,82.64,99.0,168.4,53.04
EMP0381,2023-07,48,0.0,91.55,85.4,154.4,39.15
EMP0381,2023-08,38,0.0,88.76,93.7,141.7,49.88
EMP0381,2023-09,57,0.0,91.97,100.0,137.1,77.32
EMP0381,2023-10,48,0.0,92.83,85.7,157.9,42.09
EMP0381,2023-11,62,0.0,87.89,91.7,162.4,52.69
EMP0381,2023-12,27,0.0,93.22,93.8,182.1,53.79
EMP0382,2023-01,79,0.0,99.42,97.8,157.3,93.48
EMP0382,2023-02,47,0.0,98.35,92.0,159.2,66.07
EMP0382,2023-03,24,0.0,84.67,86.0,184.2,19.51
EMP0382,2023-04,53,0.0,89.87,92.3,181.7,54.18
EMP0382,2023-05,56,0.0,86.05,95.4,175.8,55.85
EMP0382,2023-06,23,0.0,94.55,92.6,176.1,51.82
EMP0382,2023-07,55,0.0,84.16,87.3,182.3,33.27
EMP0382,2023-08,40,0.0,83.57,97.9,166.7,51.35
EMP0382,2023-09,71,0.0,89.38,95.1,136.1,66.61
EMP0382,2023-10,80,0.0,88.45,85.4,142.3,45.72
EMP0382,2023-11,74,0.0,88.03,88.4,182.2,49.74
EMP0382,2023-12,61,0.0,92.77,90.6,168.4,58.29
EMP0383,2023-01,20,0.0,88.36,93.3,132.0,41.5
EMP0383,2023-02,38,0.0,91.71,96.6,156.1,61.81
EMP0383,2023-03,23,0.0,98.89,96.1,171.8,67.58
EMP0383,2023-04,26,0.0,85.6,86.3,183.9,22.58
EMP0383,2023-05,36,0.0,91.17,95.5,170.5,57.55
EMP0383,2023-06,36,0.0,83.58,86.0,182.2,22.1
EMP0383,2023-07,75,0.0,87.39,90.4,172.5,53.66
EMP0383,2023-08,33,0.0,93.21,90.9,141.0,49.26
EMP0383,2023-09,36,0.0,93.2,86.7,124.6,40.57
EMP0383,2023-10,63,0.0,97.19,90.1,183.1,65.61
EMP0383,2023-11,25,0.0,85.92,91.7,144.6,35.37
EMP0383,2023-12,37,0.0,95.19,91.0,123.9,54.46
EMP0384,2023-01,49,0.0,92.7,92.7,142.7,58.57
EMP0384,2023-02,57,0.0,94.03,87.9,153.0,52.69
EMP0384,2023-03,61,0.0,95.08,92.7,161.7,67.23
EMP0384,2023-04,23,0.0,91.33,87.3,166.3,33.82
EMP0384,2023-05,67,0.0,97.78,94.2,152.5,77.71
EMP0384,2023-06,62,0.0,93.18,90.3,173.8,58.68
EMP0384,2023-07,69,0.0,95.53,99.2,175.5,86.19
EMP0384,2023-08,39,0.0,95.59,99.3,152.4,75.27
EMP0384,2023-09,33,0.0,87.63,86.8,144.8,29.93
EMP0384,2023-10,46,0.0,96.38,98.7,128.1,77.88
EMP0384,2023-11,58,0.0,90.0,92.5,179.2,56.75
EMP0384,2023-12,23,0.0,90.99,99.4,151.5,61.46
EMP0385,2023-01,76,0.0,86.45,88.7,184.2,48.42
EMP0385,2023-02,57,0.0,93.69,97.7,134.7,74.97
EMP0385,2023-03,44,0.0,90.98,91.8,162.7,51.58
EMP0385,2023-04,72,0.0,85.83,90.9,146.9,50.97
EMP0385,2023-05,68,0.0,94.21,85.6,134.4,51.77
EMP0385,2023-06,21,0.0,94.26,89.6,131.3,43.56
EMP0385,2023-07,78,0.0,93.12,91.2,165.4,66.68
EMP0385,2023-08,73,0.0,98.8,88.4,159.5,68.21
EMP0385,2023-09,26,0.0,89.09,89.6,157.1,36.39
EMP0385,2023-10,54,0.0,83.68,96.9,152.9,54.46
EMP0385,2023-11,52,0.0,94.31,94.5,125.4,66.71
EMP0385,2023-12,36,0.0,86.82,88.9,127.3,34.54
EMP0386,2023-01,27,0.0,95.68,98.3,177.9,68.6
EMP0386,2023-02,56,0.0,89.42,86.8,126.1,41.68
EMP0386,2023-03,49,0.0,94.68,97.2,150.0,72.53
EMP0386,2023-04,74,0.0,82.39,88.5,159.5,40.1
EMP0386,2023-05,44,0.0,99.46,99.6,143.5,84.62
EMP0386,2023-06,23,0.0,94.46,85.6,183.6,35.33
EMP0386,2023-07,27,0.0,94.39,86.7,129.5,39.27
EMP0386,2023-08,73,0.0,90.87,93.7,126.7,66.7
EMP0386,2023-09,61,0.0,87.78,97.5,139.1,65.66
EMP0386,2023-10,60,0.0,92.67,90.6,137.7,57.74
EMP0386,2023-11,21,0.0,84.47,86.1,168.4,18.26
EMP0386,2023-12,56,0.0,88.42,92.8,142.8,53.93
EMP0387,2023-01,32,0.0,82.8,94.3,135.3,38.6
EMP0387,2023-02,35,0.0,82.08,85.0,154.9,16.76
EMP0387,2023-03,77,0.0,95.32,93.7,143.8,75.98
EMP0387,2023-04,46,0.0,85.91,98.2,121.1,58.39
EMP0387,2023-05,53,0.0,91.99,96.1,136.1,66.76
EMP0387,2023-06,56,0.0,97.56,93.9,179.1,72.5
EMP0387,2023-07,21,0.0,89.57,90.0,136.7,36.29
EMP0387,2023-08,43,0.0,95.99,90.1,163.8,56.01
EMP0387,2023-09,43,0.0,92.36,97.7,135.2,67.39
EMP0387,2023-10,30,0.0,93.99,95.3,129.2,59.77
EMP0387,2023-11,33,0.0,92.06,98.7,176.2,65.45
EMP0387,2023-12,63,0.0,98.09,96.7,169.6,82.58
EMP0388,2023-01,35,0.0,89.15,95.8,171.5,54.34
EMP0388,2023-02,53,0.0,92.93,94.0,129.9,63.5
EMP0388,2023-03,58,0.0,92.9,96.7,178.3,71.63
EMP0388,2023-04,22,0.0,92.62,88.7,166.6,38.97
EMP0388,2023-05,49,0.0,98.14,89.1,129.6,59.69
EMP0388,2023-06,80,0.0,97.04,88.3,156.5,67.52
EMP0388,2023-07,69,0.0,94.46,87.5,169.8,57.01
EMP0388,2023-08,35,0.0,87.52,93.5,130.6,46.12
EMP0388,2023-09,26,0.0,92.9,90.0,161.1,43.99
EMP0388,2023-10,25,0.0,94.07,92.6,146.0,51.73
EMP0388,2023-11,55,0.0,93.17,96.1,154.3,69.57
EMP0388,2023-12,76,0.0,99.39,86.4,183.0,65.7
EMP0389,2023-01,73,0.0,87.59,89.2,156.4,50.46
EMP0389,2023-02,54,0.0,97.84,88.7,135.6,60.1
EMP0389,2023-03,45,0.0,87.67,94.4,123.9,52.23
EMP0389,2023-04,27,0.0,87.12,93.2,175.8,41.72
EMP0389,2023-05,27,0.0,84.89,96.9,171.6,46.45
EMP0389,2023-06,69,0.0,91.09,91.2,163.8,59.75
EMP0389,2023-07,51,0.0,94.42,95.9,143.8,69.79
EMP0389,2023-08,25,0.0,98.7,89.1,164.6,51.67
EMP0389,2023-09,55,0.0,84.54,97.4,156.4,57.5
EMP0389,2023-10,60,0.0,85.28,97.0,150.1,59.74
EMP0389,2023-11,77,0.0,84.89,96.6,125.7,64.5
EMP0389,2023-12,21,0.0,92.19,88.8,142.3,38.07
EMP0390,2023-01,28,0.0,87.5,86.6,126.1,27.36
EMP0390,2023-02,23,0.0,85.18,87.7,146.6,23.99
EMP0390,2023-03,46,0.0,93.98,99.0,178.5,74.38
EMP0390,2023-04,64,0.0,91.72,88.1,166.0,51.74
EMP0390,2023-05,52,0.0,94.08,95.5,181.8,68.64
EMP0390,2023-06,78,0.0,92.76,100.0,136.2,86.58
EMP0390,2023-07,40,0.0,94.48,94.2,169.1,61.81
EMP0390,2023-08,52,0.0,95.67,92.4,121.4,64.19
EMP0390,2023-09,51,0.0,85.2,94.7,153.8,50.86
EMP0390,2023-10,23,0.0,98.09,85.9,162.0,42.38
EMP0390,2023-11,52,0.0,99.55,91.4,157.4,68.65
EMP0390,2023-12,77,0.0,85.35,93.2,133.2,57.37
EMP0391,2023-01,63,1152448.68,91.49,90.2,167.1,55.87
EMP0391,2023-02,42,328458.67,82.19,94.6,173.2,41.98
EMP0391,2023-03,48,337015.12,89.32,88.4,145.4,42.24
EMP0391,2023-04,24,756382.06,84.39,85.2,127.3,17.15
EMP0391,2023-05,60,348522.52,83.4,85.0,138.8,28.45
EMP0391,2023-06,55,390106.84,92.0,85.5,120.0,42.79
EMP0391,2023-07,53,950852.01,85.85,88.2,131.8,37.58
EMP0391,2023-08,51,613037.27,98.08,87.5,138.2,56.6
EMP0391,2023-09,55,1165515.62,92.54,94.1,135.7,63.8
EMP0391,2023-10,68,975118.53,84.12,98.6,170.3,64.44
EMP0391,2023-11,76,402870.18,82.3,89.2,148.3,42.32
EMP0391,2023-12,42,271222.28,85.15,85.3,152.8,25.46
EMP0392,2023-01,44,1072584.13,82.26,91.9,134.8,36.56
EMP0392,2023-02,73,1089002.96,98.88,90.0,136.9,72.08
EMP0392,2023-03,70,1045388.01,96.05,95.0,168.5,77.67
EMP0392,2023-04,24,335130.64,91.69,91.6,128.7,44.86
EMP0392,2023-05,29,825000.83,85.39,88.9,153.1,29.41
EMP0392,2023-06,20,332672.11,84.97,97.2,154.1,44.66
EMP0392,2023-07,41,858297.8,88.96,98.8,134.1,63.25
EMP0392,2023-08,44,768747.9,91.99,99.8,179.9,72.02
EMP0392,2023-09,67,240596.49,90.58,96.1,181.7,69.54
EMP0392,2023-10,45,1025433.07,85.31,97.2,129.8,54.63
EMP0392,2023-11,29,1016237.01,82.6,90.6,182.2,28.49
EMP0392,2023-12,36,992834.64,90.22,92.1,181.0,47.95
EMP0393,2023-01,68,866480.2,92.61,98.4,133.3,78.83
EMP0393,2023-02,26,776558.55,84.47,94.4,180.7,39.51
EMP0393,2023-03,43,691521.61,93.71,92.7,155.3,58.08
EMP0393,2023-04,33,516709.09,84.49,91.9,155.3,36.33
EMP0393,2023-05,73,919717.69,88.38,95.0,148.3,65.37
EMP0393,2023-06,60,676542.07,85.55,94.5,160.0,54.38
EMP0393,2023-07,56,856226.23,87.87,90.0,179.5,46.44
EMP0393,2023-08,39,279727.66,88.99,90.2,162.5,42.49
EMP0393,2023-09,53,983406.05,88.14,97.1,139.0,62.35
EMP0393,2023-10,79,1178068.98,94.17,90.4,165.9,67.02
EMP0393,2023-11,77,355316.58,88.51,89.5,133.0,54.27
EMP0393,2023-12,34,821179.02,87.96,92.9,146.0,45.11
EMP0394,2023-01,56,1186048.17,96.22,97.5,141.3,78.55
EMP0394,2023-02,33,566940.1,98.54,95.4,146.6,69.09
EMP0394,2023-03,59,258714.11,89.54,96.1,120.9,64.72
EMP0394,2023-04,44,894873.9,94.38,97.7,121.1,71.3
EMP0394,2023-05,54,665757.53,82.65,93.2,178.6,44.02
EMP0394,2023-06,51,849696.8,87.66,85.2,129.6,33.0
EMP0394,2023-07,75,334812.37,82.6,97.5,131.3,61.84
EMP0394,2023-08,49,947955.69,84.83,93.3,166.0,46.19
EMP0394,2023-09,26,525210.36,91.49,85.2,173.1,30.32
EMP0394,2023-10,38,427505.75,95.92,86.6,120.5,45.84
EMP0394,2023-11,38,440898.49,95.72,88.7,149.9,50.39
EMP0394,2023-12,22,333976.28,99.11,90.0,167.6,53.36
EMP0395,2023-01,63,0.0,93.86,86.8,178.9,52.08
EMP0395,2023-02,44,0.0,97.98,92.6,143.6,65.7
EMP0395,2023-03,33,0.0,83.38,87.3,176.4,23.66
EMP0395,2023-04,70,0.0,89.6,86.9,161.2,47.48
EMP0395,2023-05,22,0.0,90.06,89.2,160.3,35.66
EMP0395,2023-06,37,0.0,90.13,94.2,143.0,53.07
EMP0395,2023-07,36,0.0,91.89,88.6,127.5,42.71
EMP0395,2023-08,34,0.0,96.51,89.1,183.3,51.21
EMP0395,2023-09,66,0.0,95.72,97.5,155.8,81.43
EMP0395,2023-10,63,0.0,98.44,91.6,134.0,71.29
EMP0395,2023-11,26,0.0,94.56,97.2,180.5,63.7
EMP0395,2023-12,40,0.0,99.71,95.9,124.1,74.93
EMP0396,2023-01,28,770256.17,92.54,92.9,137.4,50.88
EMP0396,2023-02,58,378054.04,94.6,90.4,171.7,59.9
EMP0396,2023-03,69,211984.46,91.93,86.1,163.2,49.32
EMP0396,2023-04,20,649408.77,84.18,93.1,150.6,33.71
EMP0396,2023-05,30,1008655.15,94.13,97.6,176.7,65.38
EMP0396,2023-06,24,682911.53,93.74,96.5,163.0,59.88
EMP0396,2023-07,71,770942.89,89.17,92.7,147.3,60.64
EMP0396,2023-08,71,879419.28,88.21,95.1,128.1,64.56
EMP0396,2023-09,26,917415.61,98.16,87.1,168.2,46.43
EMP0396,2023-10,42,510516.61,96.71,89.8,148.1,56.19
EMP0396,2023-11,43,1119773.46,86.51,92.0,125.1,43.85
EMP0396,2023-12,74,786817.37,92.28,99.1,172.7,82.14
EMP0397,2023-01,50,0.0,87.58,96.1,154.9,57.91
EMP0397,2023-02,48,0.0,94.83,85.0,121.4,43.95
EMP0397,2023-03,43,0.0,91.3,87.4,175.0,41.5
EMP0397,2023-04,80,0.0,90.32,91.4,127.7,62.99
EMP0397,2023-05,33,0.0,82.4,95.5,159.3,41.08
EMP0397,2023-06,43,0.0,89.86,93.1,183.8,52.28
EMP0397,2023-07,60,0.0,84.87,89.7,126.2,41.99
EMP0397,2023-08,59,0.0,96.16,92.5,129.5,67.91
EMP0397,2023-09,76,0.0,84.27,89.7,165.0,46.94
EMP0397,2023-10,48,0.0,83.98,95.5,144.2,49.47
EMP0397,2023-11,27,0.0,93.86,86.4,172.7,37.65
EMP0397,2023-12,23,0.0,96.34,86.3,144.4,40.25
EMP0398,2023-01,29,0.0,95.83,92.4,162.0,55.84
EMP0398,2023-02,36,0.0,84.48,89.7,143.6,32.31
EMP0398,2023-03,53,0.0,87.01,97.6,159.4,61.54
EMP0398,2023-04,64,0.0,85.23,89.7,165.6,44.12
EMP0398,2023-05,67,0.0,89.13,99.5,174.0,74.94
EMP0398,2023-06,77,0.0,83.77,85.4,120.9,36.41
EMP0398,2023-07,35,0.0,82.68,92.9,144.7,36.25
EMP0398,2023-08,61,0.0,96.28,95.0,161.2,74.7
EMP0398,2023-09,71,0.0,95.32,95.3,175.3,77.47
EMP0398,2023-10,69,0.0,93.55,92.7,148.7,67.55
EMP0398,2023-11,49,0.0,92.24,97.7,162.8,69.43
EMP0398,2023-12,35,0.0,86.34,90.3,138.9,36.59
EMP0399,2023-01,49,0.0,99.44,90.9,174.0,66.16
EMP0399,2023-02,48,0.0,94.08,85.4,147.3,43.57
EMP0399,2023-03,76,0.0,94.53,97.3,160.8,82.63
EMP0399,2023-04,67,0.0,87.29,92.1,177.4,54.45
EMP0399,2023-05,63,0.0,91.65,89.4,180.2,54.28
EMP0399,2023-06,35,0.0,87.67,87.7,152.0,32.85
EMP0399,2023-07,51,0.0,82.75,92.9,180.4,42.37
EMP0399,2023-08,44,0.0,99.21,87.7,164.3,56.42
EMP0399,2023-09,21,0.0,98.81,98.0,163.0,71.13
EMP0399,2023-10,58,0.0,83.03,92.6,122.8,44.79
EMP0399,2023-11,22,0.0,93.64,98.9,159.0,64.55
EMP0399,2023-12,25,0.0,93.33,89.3,172.7,42.74
EMP0400,2023-01,42,0.0,92.0,86.5,140.8,40.25
EMP0400,2023-02,60,0.0,86.55,85.6,165.2,35.36
EMP0400,2023-03,56,0.0,96.53,92.1,159.1,66.49
EMP0400,2023-04,43,0.0,87.75,98.2,121.0,60.49
EMP0400,2023-05,74,0.0,98.78,96.5,134.1,87.45
EMP0400,2023-06,42,0.0,87.64,86.9,172.6,33.55
EMP0400,2023-07,45,0.0,94.42,88.7,159.6,50.74
EMP0400,2023-08,52,0.0,90.72,96.8,172.5,65.79
EMP0400,2023-09,76,0.0,90.03,93.8,122.2,66.59
EMP0400,2023-10,43,0.0,87.0,99.4,125.0,61.98
EMP0400,2023-11,25,0.0,98.71,99.8,129.3,76.65
EMP0400,2023-12,27,0.0,86.65,95.3,120.9,45.8
EMP0401,2023-01,69,0.0,91.7,95.0,181.5,69.68
EMP0401,2023-02,32,0.0,90.94,87.1,173.8,36.04
EMP0401,2023-03,73,0.0,97.98,96.1,128.2,84.74
EMP0401,2023-04,33,0.0,99.37,88.9,143.9,55.37
EMP0401,2023-05,41,0.0,97.13,88.2,133.3,52.82
EMP0401,2023-06,64,0.0,92.73,96.7,141.2,73.58
EMP0401,2023-07,40,0.0,97.44,99.8,152.2,80.05
EMP0401,2023-08,44,0.0,84.13,89.2,129.3,33.53
EMP0401,2023-09,40,0.0,86.45,95.0,132.0,49.62
EMP0401,2023-10,23,0.0,92.52,90.7,162.8,43.84
EMP0401,2023-11,47,0.0,96.49,88.4,159.6,54.42
EMP0401,2023-12,53,0.0,93.56,96.8,161.1,71.14
EMP0402,2023-01,37,746629.03,94.75,85.1,184.1,39.92
EMP0402,2023-02,22,524273.92,85.0,95.7,140.4,41.97
EMP0402,2023-03,54,525769.52,95.95,85.7,150.1,49.8
EMP0402,2023-04,63,757279.5,91.08,85.7,173.3,44.65
EMP0402,2023-05,27,577406.55,90.02,86.9,172.7,32.09
EMP0402,2023-06,46,1077838.87,83.63,88.9,136.5,32.7
EMP0402,2023-07,37,804992.7,95.13,92.3,142.8,57.39
EMP0402,2023-08,65,528902.64,94.71,94.4,184.1,72.05
EMP0402,2023-09,30,520807.18,89.89,97.7,169.5,58.19
EMP0402,2023-10,61,896138.21,89.47,86.3,159.4,42.48
EMP0402,2023-11,75,911878.94,84.39,94.5,184.0,57.97
EMP0402,2023-12,24,830379.25,87.89,93.4,178.7,42.41
EMP0403,2023-01,20,0.0,90.53,90.8,122.2,39.46
EMP0403,2023-02,67,0.0,97.77,95.4,131.2,80.49
EMP0403,2023-03,50,0.0,97.08,88.0,130.0,55.64
EMP0403,2023-04,45,0.0,91.92,89.1,139.1,47.3
EMP0403,2023-05,59,0.0,99.52,85.1,145.1,56.52
EMP0403,2023-06,80,0.0,97.37,87.2,175.4,65.53
EMP0403,2023-07,72,0.0,86.42,85.9,147.6,40.34
EMP0403,2023-08,74,0.0,95.27,99.5,137.4,88.31
EMP0403,2023-09,76,0.0,91.22,90.1,173.9,60.03
EMP0403,2023-10,49,0.0,90.9,87.4,159.2,43.05
EMP0403,2023-11,79,0.0,99.64,88.5,165.8,72.16
EMP0403,2023-12,78,0.0,97.75,98.3,146.5,91.35
EMP0404,2023-01,20,0.0,99.77,91.1,155.5,56.33
EMP0404,2023-02,35,0.0,97.56,87.9,157.0,50.62
EMP0404,2023-03,23,0.0,83.89,88.5,126.6,23.6
EMP0404,2023-04,50,0.0,99.0,97.7,167.1,81.63
EMP0404,2023-05,46,0.0,83.53,89.8,147.3,34.63
EMP0404,2023-06,46,0.0,87.36,90.9,166.6,43.9
EMP0404,2023-07,32,0.0,91.86,92.2,154.6,49.56
EMP0404,2023-08,42,0.0,83.47,91.8,179.0,37.69
EMP0404,2023-09,49,0.0,99.6,90.1,168.0,64.57
EMP0404,2023-10,33,0.0,93.53,96.9,175.3,63.82
EMP0404,2023-11,60,0.0,93.4,88.3,134.5,53.65
EMP0404,2023-12,23,0.0,91.31,89.4,172.1,38.68
EMP0405,2023-01,77,0.0,86.26,86.1,135.0,42.4
EMP0405,2023-02,44,0.0,87.2,94.9,124.4,52.2
EMP0405,2023-03,26,0.0,86.94,85.8,178.4,23.76
EMP0405,2023-04,42,0.0,93.78,95.9,155.1,65.3
EMP0405,2023-05,51,0.0,89.47,92.6,143.3,53.43
EMP0405,2023-06,76,0.0,93.14,95.9,163.0,76.93
EMP0405,2023-07,31,0.0,90.54,96.2,180.6,56.2
EMP0405,2023-08,53,0.0,87.52,92.8,141.4,51.23
EMP0405,2023-09,41,0.0,98.83,92.1,135.3,64.89
EMP0405,2023-10,80,0.0,90.63,98.0,176.0,78.94
EMP0405,2023-11,46,0.0,97.22,95.2,181.8,71.19
EMP0405,2023-12,80,0.0,87.26,87.8,145.9,49.24
EMP0406,2023-01,27,0.0,96.31,98.2,134.3,69.47
EMP0406,2023-02,54,0.0,88.95,96.7,130.7,63.21
EMP0406,2023-03,73,0.0,90.42,98.0,141.1,75.94
EMP0406,2023-04,49,0.0,98.01,98.5,155.3,81.39
EMP0406,2023-05,78,0.0,84.19,95.5,120.7,61.08
EMP0406,2023-06,71,0.0,95.06,88.2,140.8,60.45
EMP0406,2023-07,49,0.0,92.69,99.8,169.5,75.12
EMP0406,2023-08,69,0.0,82.34,97.2,179.2,58.44
EMP0406,2023-09,62,0.0,92.66,95.5,138.0,69.91
EMP0406,2023-10,72,0.0,90.49,93.2,120.4,64.49
EMP0406,2023-11,20,0.0,82.78,95.7,123.5,37.33
EMP0406,2023-12,65,0.0,95.97,99.4,131.3,85.92
EMP0407,2023-01,56,750026.93,90.39,96.0,182.7,64.85
EMP0407,2023-02,73,577184.21,85.42,94.5,174.7,59.03
EMP0407,2023-03,76,947100.27,85.83,94.2,153.3,60.17
EMP0407,2023-04,42,760116.9,96.53,90.0,141.5,56.34
EMP0407,2023-05,33,923034.71,94.91,93.7,125.8,58.77
EMP0407,2023-06,56,882251.78,88.29,92.6,180.3,53.24
EMP0407,2023-07,57,780798.6,90.29,91.0,133.6,53.38
EMP0407,2023-08,21,802628.98,92.22,89.3,154.0,39.29
EMP0407,2023-09,59,779711.12,92.93,89.2,170.9,54.55
EMP0407,2023-10,66,768558.32,96.07,96.6,154.2,79.94
EMP0407,2023-11,48,426383.52,99.56,92.1,173.7,68.8
EMP0407,2023-12,24,679700.17,93.68,85.5,154.8,34.11
EMP0408,2023-01,63,0.0,92.12,86.0,138.3,47.17
EMP0408,2023-02,74,0.0,90.58,86.6,139.5,50.0
EMP0408,2023-03,52,0.0,84.35,87.2,162.2,32.25
EMP0408,2023-04,23,0.0,83.53,94.6,128.7,37.2
EMP0408,2023-05,31,0.0,93.12,88.2,172.4,42.05
EMP0408,2023-06,66,0.0,85.43,91.5,148.3,49.42
EMP0408,2023-07,79,0.0,97.96,92.4,127.6,78.32
EMP0408,2023-08,77,0.0,93.78,98.4,181.6,84.26
EMP0408,2023-09,61,0.0,88.63,86.8,138.3,42.18
EMP0408,2023-10,76,0.0,91.49,85.5,131.8,49.77
EMP0408,2023-11,21,0.0,98.21,86.0,121.4,42.08
EMP0408,2023-12,32,0.0,88.08,96.4,129.2,52.74
EMP0409,2023-01,37,0.0,86.21,98.2,166.7,55.54
EMP0409,2023-02,42,0.0,83.03,97.9,182.0,51.15
EMP0409,2023-03,44,0.0,84.92,90.8,151.2,38.64
EMP0409,2023-04,68,0.0,90.43,85.3,174.8,44.45
EMP0409,2023-05,50,0.0,85.57,88.1,154.1,35.73
EMP0409,2023-06,43,0.0,85.49,87.5,181.4,31.57
EMP0409,2023-07,45,0.0,99.76,94.1,169.3,72.69
EMP0409,2023-08,79,0.0,98.22,85.8,157.4,63.38
EMP0409,2023-09,46,0.0,88.02,90.7,182.6,44.59
EMP0409,2023-10,55,0.0,98.47,89.7,182.9,63.91
EMP0409,2023-11,56,0.0,84.52,97.6,149.3,58.31
EMP0409,2023-12,35,0.0,87.29,88.7,156.3,34.52
EMP0410,2023-01,45,1003960.22,86.47,86.1,132.9,30.76
EMP0410,2023-02,53,947756.37,86.53,97.1,179.3,59.54
EMP0410,2023-03,72,533127.46,90.79,90.1,138.2,57.78
EMP0410,2023-04,71,268877.0,96.54,94.8,147.2,78.44
EMP0410,2023-05,37,1122976.5,91.21,98.6,147.1,65.23
EMP0410,2023-06,53,420250.75,83.86,99.7,123.9,60.93
EMP0410,2023-07,65,540868.37,95.38,93.4,124.3,70.89
EMP0410,2023-08,57,501237.17,86.93,85.9,168.1,35.6
EMP0410,2023-09,43,717596.64,97.05,97.6,124.5,75.36
EMP0410,2023-10,68,236828.08,96.71,91.0,159.3,68.74
EMP0410,2023-11,58,1094929.2,95.98,85.4,149.4,50.65
EMP0410,2023-12,72,655345.87,89.72,87.0,124.0,48.68
EMP0411,2023-01,62,0.0,92.41,89.2,168.3,54.77
EMP0411,2023-02,26,0.0,83.31,86.3,172.9,18.58
EMP0411,2023-03,77,0.0,94.16,93.5,144.4,73.49
EMP0411,2023-04,36,0.0,98.88,88.5,129.9,54.71
EMP0411,2023-05,29,0.0,97.1,92.2,182.3,57.6
EMP0411,2023-06,78,0.0,95.37,91.1,180.1,70.38
EMP0411,2023-07,21,0.0,86.57,90.1,175.7,31.27
EMP0411,2023-08,40,0.0,89.69,99.9,147.6,66.72
EMP0411,2023-09,45,0.0,84.53,96.5,176.4,51.64
EMP0411,2023-10,33,0.0,82.2,87.9,167.3,22.99
EMP0411,2023-11,80,0.0,92.81,86.3,142.7,55.45
EMP0411,2023-12,31,0.0,97.0,98.3,129.3,72.41
EMP0412,2023-01,64,0.0,82.9,86.1,151.5,31.64
EMP0412,2023-02,47,0.0,82.07,87.7,146.7,27.55
EMP0412,2023-03,73,0.0,91.61,92.9,158.3,66.13
EMP0412,2023-04,46,0.0,93.02,93.3,178.1,59.4
EMP0412,2023-05,39,0.0,86.65,90.4,148.2,38.86
EMP0412,2023-06,33,0.0,88.7,88.5,173.9,35.77
EMP0412,2023-07,65,0.0,82.23,85.3,121.6,28.98
EMP0412,2023-08,64,0.0,86.4,90.1,162.6,47.1
EMP0412,2023-09,20,0.0,90.76,95.4,158.3,50.6
EMP0412,2023-10,63,0.0,86.46,87.5,157.9,40.76
EMP0412,2023-11,79,0.0,82.4,93.1,136.1,52.72
EMP0412,2023-12,49,0.0,88.6,87.8,132.5,39.96
EMP0413,2023-01,29,0.0,92.91,87.4,161.5,39.07
EMP0413,2023-02,76,0.0,95.8,88.8,134.1,65.02
EMP0413,2023-03,50,0.0,95.42,89.2,167.5,55.54
EMP0413,2023-04,77,0.0,85.02,88.8,123.9,46.53
EMP0413,2023-05,58,0.0,95.61,87.6,171.3,55.13
EMP0413,2023-06,60,0.0,94.27,90.5,181.6,60.31
EMP0413,2023-07,59,0.0,87.25,98.6,141.5,66.55
EMP0413,2023-08,61,0.0,87.52,89.3,182.2,46.07
EMP0413,2023-09,44,0.0,91.02,93.6,132.1,55.85
EMP0413,2023-10,20,0.0,94.24,91.4,171.6,47.35
EMP0413,2023-11,35,0.0,93.59,90.2,163.0,49.04
EMP0413,2023-12,57,0.0,92.47,97.7,135.3,72.83
EMP0414,2023-01,59,0.0,93.78,92.1,153.0,62.81
EMP0414,2023-02,80,0.0,89.45,89.1,128.5,56.1
EMP0414,2023-03,59,0.0,97.21,96.9,133.3,80.01
EMP0414,2023-04,53,0.0,97.41,94.1,167.5,71.58
EMP0414,2023-05,32,0.0,84.33,87.9,122.4,26.34
EMP0414,2023-06,57,0.0,90.69,92.9,160.3,58.52
EMP0414,2023-07,26,0.0,93.68,86.1,182.1,36.26
EMP0414,2023-08,43,0.0,95.4,97.5,176.4,72.24
EMP0414,2023-09,74,0.0,95.87,90.6,149.9,68.59
EMP0414,2023-10,25,0.0,84.56,92.0,139.3,33.69
EMP0414,2023-11,37,0.0,90.42,86.4,176.5,35.38
EMP0414,2023-12,70,0.0,86.66,99.7,122.3,72.2
EMP0415,2023-01,70,0.0,99.62,86.0,166.1,62.92
EMP0415,2023-02,53,0.0,85.26,85.2,128.4,29.55
EMP0415,2023-03,46,0.0,96.31,92.2,160.0,62.59
EMP0415,2023-04,29,0.0,88.63,91.6,179.9,41.38
EMP0415,2023-05,28,0.0,86.91,88.6,165.4,30.99
EMP0415,2023-06,72,0.0,94.62,96.5,127.5,79.42
EMP0415,2023-07,54,0.0,89.57,92.0,159.6,53.33
EMP0415,2023-08,41,0.0,82.2,92.6,130.0,36.96
EMP0415,2023-09,30,0.0,99.03,85.1,120.1,44.79
EMP0415,2023-10,69,0.0,98.94,92.9,121.0,77.45
EMP0415,2023-11,20,0.0,99.37,91.4,172.7,56.33
EMP0415,2023-12,60,0.0,84.49,92.2,135.4,47.16
EMP0416,2023-01,56,0.0,94.98,95.7,180.2,72.18
EMP0416,2023-02,39,0.0,97.75,91.7,172.6,61.32
EMP0416,2023-03,66,0.0,89.37,90.3,173.9,53.51
EMP0416,2023-04,80,0.0,92.29,99.8,143.3,86.04
EMP0416,2023-05,54,0.0,94.38,89.3,179.1,55.45
EMP0416,2023-06,23,0.0,85.18,99.8,160.7,52.22
EMP0416,2023-07,32,0.0,83.89,99.1,164.5,51.71
EMP0416,2023-08,80,0.0,92.49,93.6,181.7,71.92
EMP0416,2023-09,72,0.0,96.04,88.5,140.3,63.24
EMP0416,2023-10,54,0.0,94.81,90.9,153.6,59.93
EMP0416,2023-11,73,0.0,93.52,92.5,175.9,68.53
EMP0416,2023-12,60,0.0,87.73,89.2,146.8,45.83
EMP0417,2023-01,62,0.0,93.84,92.9,123.0,65.9
EMP0417,2023-02,78,0.0,82.02,98.3,162.6,63.82
EMP0417,2023-03,54,0.0,82.23,85.8,174.5,26.02
EMP0417,2023-04,62,0.0,93.76,93.9,145.0,68.1
EMP0417,2023-05,22,0.0,90.08,86.7,153.2,29.86
EMP0417,2023-06,25,0.0,98.43,86.1,166.0,44.19
EMP0417,2023-07,60,0.0,86.52,97.6,133.4,63.31
EMP0417,2023-08,50,0.0,82.94,89.7,164.8,34.86
EMP0417,2023-09,29,0.0,94.57,97.7,162.5,66.01
EMP0417,2023-10,59,0.0,85.19,93.9,132.9,51.97
EMP0417,2023-11,65,0.0,84.61,90.5,146.3,45.28
EMP0417,2023-12,27,0.0,84.19,90.7,175.2,30.76
EMP0418,2023-01,70,0.0,83.93,94.6,174.9,55.53
EMP0418,2023-02,31,0.0,97.64,89.6,150.0,53.23
EMP0418,2023-03,24,0.0,94.56,85.4,176.8,35.41
EMP0418,2023-04,39,0.0,95.42,90.8,126.5,55.14
EMP0418,2023-05,63,0.0,98.29,87.0,168.4,60.3
EMP0418,2023-06,39,0.0,91.01,95.5,126.1,58.39
EMP0418,2023-07,60,0.0,90.1,95.8,148.0,65.37
EMP0418,2023-08,36,0.0,89.83,89.0,125.9,40.04
EMP0418,2023-09,21,0.0,93.9,90.9,163.5,45.97
EMP0418,2023-10,56,0.0,91.73,97.5,157.2,70.69
EMP0418,2023-11,36,0.0,83.58,90.5,136.4,32.6
EMP0418,2023-12,69,0.0,82.1,87.9,161.5,36.32
EMP0419,2023-01,55,0.0,89.47,97.1,132.2,65.43
EMP0419,2023-02,43,0.0,82.89,92.5,144.8,38.68
EMP0419,2023-03,36,0.0,95.73,93.5,180.7,60.86
EMP0419,2023-04,73,0.0,96.41,98.2,154.6,86.89
EMP0419,2023-05,38,0.0,94.4,97.2,144.1,67.92
EMP0419,2023-06,71,0.0,96.72,98.3,123.6,86.92
EMP0419,2023-07,76,0.0,95.52,92.5,123.2,73.16
EMP0419,2023-08,43,0.0,84.76,95.7,154.9,49.42
EMP0419,2023-09,75,0.0,93.97,92.7,134.3,70.54
EMP0419,2023-10,72,0.0,85.45,88.2,136.0,44.0
EMP0419,2023-11,72,0.0,83.98,98.6,137.7,65.7
EMP0419,2023-12,40,0.0,82.92,89.5,166.6,30.61
EMP0420,2023-01,45,490953.07,84.13,86.6,123.2,27.84
EMP0420,2023-02,57,854737.81,87.35,86.6,175.6,37.97
EMP0420,2023-03,60,1063238.63,83.75,92.2,152.6,45.86
EMP0420,2023-04,45,1113992.2,97.55,92.6,184.3,65.32
EMP0420,2023-05,53,603889.82,86.34,99.2,161.2,64.1
EMP0420,2023-06,32,752552.57,90.6,95.6,122.9,55.28
EMP0420,2023-07,73,201963.53,87.17,98.6,155.3,71.66
EMP0420,2023-08,62,1106845.47,93.69,94.4,127.8,69.14
EMP0420,2023-09,59,316377.61,91.37,86.2,169.6,44.82
EMP0420,2023-10,68,731627.26,94.95,89.4,147.7,61.93
EMP0420,2023-11,52,709597.05,97.72,93.7,122.7,70.81
EMP0420,2023-12,43,1118293.79,96.38,92.8,150.9,62.99
EMP0421,2023-01,37,0.0,89.36,96.0,141.6,55.92
EMP0421,2023-02,28,0.0,96.25,87.8,136.7,45.47
EMP0421,2023-03,69,0.0,97.57,87.8,133.0,63.16
EMP0421,2023-04,70,0.0,98.6,93.7,182.3,79.1
EMP0421,2023-05,51,0.0,87.63,98.7,144.9,64.44
EMP0421,2023-06,62,0.0,89.71,99.9,138.9,75.01
EMP0421,2023-07,45,0.0,97.48,95.4,148.6,71.73
EMP0421,2023-08,49,0.0,94.67,88.7,147.6,52.68
EMP0421,2023-09,30,0.0,92.82,95.3,166.4,57.72
EMP0421,2023-10,57,0.0,89.01,88.5,150.8,45.31
EMP0421,2023-11,30,0.0,86.35,87.5,175.8,28.2
EMP0421,2023-12,64,0.0,89.87,91.3,184.4,55.97
EMP0422,2023-01,67,0.0,83.62,91.8,123.2,47.33
EMP0422,2023-02,27,0.0,97.88,92.1,160.7,57.98
EMP0422,2023-03,38,0.0,82.19,90.8,130.2,31.62
EMP0422,2023-04,32,0.0,95.4,87.2,175.8,44.08
EMP0422,2023-05,45,0.0,92.64,89.8,133.2,50.19
EMP0422,2023-06,20,0.0,90.15,92.5,149.3,42.76
EMP0422,2023-07,39,0.0,88.02,92.8,177.8,46.86
EMP0422,2023-08,63,0.0,84.14,90.3,167.2,43.24
EMP0422,2023-09,80,0.0,94.94,97.6,139.5,85.54
EMP0422,2023-10,70,0.0,85.17,86.3,156.3,38.33
EMP0422,2023-11,42,0.0,86.74,85.8,130.7,29.41
EMP0422,2023-12,56,0.0,93.18,96.6,152.0,71.13
EMP0423,2023-01,71,0.0,88.97,99.6,180.5,76.39
EMP0423,2023-02,41,0.0,94.01,92.9,159.4,58.33
EMP0423,2023-03,48,0.0,91.0,95.6,158.0,61.98
EMP0423,2023-04,67,0.0,95.82,85.9,178.7,54.91
EMP0423,2023-05,47,0.0,94.27,88.0,122.6,49.6
EMP0423,2023-06,34,0.0,93.75,99.8,160.7,71.35
EMP0423,2023-07,72,0.0,83.3,85.8,149.7,34.64
EMP0423,2023-08,68,0.0,90.01,87.8,136.6,49.55
EMP0423,2023-09,27,0.0,94.02,94.7,160.8,57.29
EMP0423,2023-10,26,0.0,95.37,89.5,175.2,47.15
EMP0423,2023-11,49,0.0,88.4,88.5,162.2,41.24
EMP0423,2023-12,47,0.0,92.11,86.3,137.6,41.85
EMP0424,2023-01,57,0.0,95.88,99.7,146.8,83.47
EMP0424,2023-02,31,0.0,88.23,91.2,184.6,40.49
EMP0424,2023-03,35,0.0,87.01,87.6,184.1,31.46
EMP0424,2023-04,41,0.0,95.21,98.2,126.6,72.79
EMP0424,2023-05,71,0.0,84.66,86.6,145.6,38.51
EMP0424,2023-06,72,0.0,96.01,92.0,158.2,71.35
EMP0424,2023-07,33,0.0,82.5,85.9,123.0,18.85
EMP0424,2023-08,57,0.0,87.53,89.0,169.4,43.89
EMP0424,2023-09,68,0.0,93.17,94.2,133.5,70.01
EMP0424,2023-10,52,0.0,84.79,86.1,127.1,30.45
EMP0424,2023-11,43,0.0,91.22,91.9,181.0,51.86
EMP0424,2023-12,74,0.0,83.88,85.3,140.4,35.24
EMP0425,2023-01,21,1017098.92,88.46,97.0,171.5,50.68
EMP0425,2023-02,51,973275.6,90.17,88.3,140.7,44.62
EMP0425,2023-03,55,1036450.94,84.76,90.9,126.3,42.72
EMP0425,2023-04,44,311348.06,82.77,90.8,140.2,34.88
EMP0425,2023-05,40,598473.06,92.98,93.5,162.4,57.55
EMP0425,2023-06,50,992024.34,93.92,93.6,129.6,63.18
EMP0425,2023-07,62,844587.03,94.43,97.3,183.2,77.2
EMP0425,2023-08,70,1078843.93,91.34,91.1,177.8,60.33
EMP0425,2023-09,40,1047987.44,82.99,95.3,162.4,44.27
EMP0425,2023-10,53,792120.46,92.79,87.5,181.1,48.09
EMP0425,2023-11,37,513940.4,85.03,96.8,134.1,50.21
EMP0425,2023-12,74,1045536.61,93.15,95.0,168.2,74.1
EMP0426,2023-01,70,535559.44,89.68,99.4,143.3,76.79
EMP0426,2023-02,44,350674.65,86.39,87.8,132.8,34.22
EMP0426,2023-03,56,434937.03,91.11,97.7,163.1,70.08
EMP0426,2023-04,69,827357.47,99.27,95.3,135.6,83.63
EMP0426,2023-05,72,1034160.83,90.15,96.6,170.5,71.83
EMP0426,2023-06,72,898432.86,90.67,98.3,149.4,76.71
EMP0426,2023-07,36,878055.44,87.66,97.6,181.0,56.3
EMP0426,2023-08,34,475208.2,84.18,99.5,126.5,53.9
EMP0426,2023-09,23,595826.15,95.25,92.7,175.5,53.28
EMP0426,2023-10,47,986348.06,86.71,95.8,142.2,54.57
EMP0426,2023-11,32,407361.96,83.96,87.9,140.2,25.7
EMP0426,2023-12,56,332361.37,91.54,88.8,181.4,50.06
EMP0427,2023-01,37,0.0,94.43,98.8,134.1,71.33
EMP0427,2023-02,41,0.0,89.2,96.5,150.1,58.31
EMP0427,2023-03,29,0.0,88.66,93.7,170.2,46.33
EMP0427,2023-04,49,0.0,98.45,89.0,175.0,60.0
EMP0427,2023-05,74,0.0,96.36,94.5,152.1,78.55
EMP0427,2023-06,29,0.0,91.61,89.1,122.1,40.76
EMP0427,2023-07,60,0.0,92.28,99.5,131.0,77.82
EMP0427,2023-08,59,0.0,86.28,88.2,181.4,40.58
EMP0427,2023-09,62,0.0,92.11,91.5,134.3,59.61
EMP0427,2023-10,35,0.0,83.81,91.3,161.0,34.49
EMP0427,2023-11,60,0.0,87.51,98.8,157.6,67.84
EMP0427,2023-12,21,0.0,99.14,98.7,138.0,73.34
EMP0428,2023-01,47,0.0,98.32,99.8,146.6,84.22
EMP0428,2023-02,64,0.0,84.05,98.1,156.2,61.65
EMP0428,2023-03,25,0.0,96.04,97.3,169.9,66.15
EMP0428,2023-04,69,0.0,92.24,93.1,184.8,66.19
EMP0428,2023-05,26,0.0,95.89,98.9,131.5,69.99
EMP0428,2023-06,58,0.0,89.88,87.3,168.0,44.41
EMP0428,2023-07,49,0.0,86.62,89.1,140.3,39.53
EMP0428,2023-08,23,0.0,92.61,86.0,151.4,33.03
EMP0428,2023-09,70,0.0,92.27,86.4,172.7,50.99
EMP0428,2023-10,74,0.0,84.25,90.1,160.0,47.09
EMP0428,2023-11,65,0.0,98.9,95.2,177.4,81.25
EMP0428,2023-12,40,0.0,92.77,88.5,179.6,45.51
EMP0429,2023-01,31,0.0,93.24,98.3,178.7,65.83
EMP0429,2023-02,21,0.0,93.79,89.9,151.5,43.44
EMP0429,2023-03,37,0.0,95.39,99.9,153.6,75.57
EMP0429,2023-04,31,0.0,96.39,88.8,131.4,49.17
EMP0429,2023-05,60,0.0,89.88,93.1,173.2,58.69
EMP0429,2023-06,31,0.0,85.94,95.7,179.1,46.99
EMP0429,2023-07,38,0.0,83.58,95.5,138.7,45.02
EMP0429,2023-08,74,0.0,82.95,91.4,152.7,47.85
EMP0429,2023-09,73,0.0,99.41,96.6,151.1,88.41
EMP0429,2023-10,20,0.0,98.49,91.8,120.5,55.72
EMP0429,2023-11,22,0.0,93.03,87.1,132.5,35.95
EMP0429,2023-12,24,0.0,89.45,92.2,172.9,42.34
EMP0430,2023-01,67,0.0,82.02,90.7,143.7,41.96
EMP0430,2023-02,31,0.0,83.96,96.3,130.1,44.92
EMP0430,2023-03,73,0.0,83.78,97.3,152.3,62.69
EMP0430,2023-04,35,0.0,92.89,93.2,129.9,54.82
EMP0430,2023-05,53,0.0,86.17,89.7,162.1,41.64
EMP0430,2023-06,70,0.0,83.13,96.6,151.7,58.79
EMP0430,2023-07,39,0.0,93.54,89.3,184.0,48.35
EMP0430,2023-08,75,0.0,89.3,96.1,139.4,70.3
EMP0430,2023-09,65,0.0,88.45,85.8,167.9,41.03
EMP0430,2023-10,74,0.0,82.13,90.1,171.4,43.38
EMP0430,2023-11,57,0.0,84.5,88.6,144.9,37.65
EMP0430,2023-12,31,0.0,90.16,87.7,170.2,35.7
EMP0431,2023-01,69,0.0,93.01,92.4,129.0,65.91
EMP0431,2023-02,21,0.0,92.54,95.4,180.6,54.09
EMP0431,2023-03,41,0.0,91.55,90.1,155.7,47.49
EMP0431,2023-04,65,0.0,92.56,97.7,159.2,75.99
EMP0431,2023-05,56,0.0,85.02,99.2,126.5,62.92
EMP0431,2023-06,56,0.0,98.1,85.9,145.9,54.78
EMP0431,2023-07,45,0.0,88.58,93.0,151.5,50.56
EMP0431,2023-08,20,0.0,91.92,89.6,178.1,39.09
EMP0431,2023-09,74,0.0,95.74,99.0,153.5,87.96
EMP0431,2023-10,47,0.0,84.57,90.1,165.8,37.52
EMP0431,2023-11,35,0.0,94.88,97.6,183.1,68.56
EMP0431,2023-12,49,0.0,93.56,95.8,183.5,67.31
EMP0432,2023-01,39,0.0,98.23,90.4,172.1,59.13
EMP0432,2023-02,44,0.0,98.7,95.3,136.2,73.26
EMP0432,2023-03,77,0.0,99.77,96.3,143.0,89.84
EMP0432,2023-04,67,0.0,98.3,97.6,144.3,86.55
EMP0432,2023-05,48,0.0,92.39,87.5,120.2,45.52
EMP0432,2023-06,71,0.0,84.98,90.1,143.2,47.24
EMP0432,2023-07,55,0.0,91.0,93.6,163.7,59.94
EMP0432,2023-08,57,0.0,88.12,91.2,125.1,50.05
EMP0432,2023-09,41,0.0,95.02,94.3,121.2,63.36
EMP0432,2023-10,21,0.0,93.96,98.2,167.7,63.11
EMP0432,2023-11,42,0.0,96.48,87.0,178.2,49.26
EMP0432,2023-12,42,0.0,85.35,85.3,155.4,25.81
EMP0433,2023-01,69,0.0,92.12,92.2,141.7,63.89
EMP0433,2023-02,23,0.0,96.6,86.1,150.7,40.24
EMP0433,2023-03,59,0.0,99.53,90.7,132.8,69.6
EMP0433,2023-04,68,0.0,99.32,98.4,141.6,90.58
EMP0433,2023-05,57,0.0,94.88,95.5,168.4,71.91
EMP0433,2023-06,32,0.0,92.08,93.7,162.4,53.44
EMP0433,2023-07,42,0.0,98.73,97.6,146.3,77.93
EMP0433,2023-08,30,0.0,97.82,89.5,145.9,52.93
EMP0433,2023-09,56,0.0,91.92,94.8,151.0,64.73
EMP0433,2023-10,56,0.0,89.92,96.2,141.2,64.49
EMP0433,2023-11,60,0.0,85.41,97.6,124.3,61.37
EMP0433,2023-12,65,0.0,99.78,97.0,128.7,86.99
EMP0434,2023-01,63,0.0,92.29,92.2,150.9,61.93
EMP0434,2023-02,48,0.0,85.62,87.4,123.5,33.44
EMP0434,2023-03,59,0.0,82.74,93.8,166.4,47.45
EMP0434,2023-04,80,0.0,88.55,95.3,156.0,69.0
EMP0434,2023-05,34,0.0,95.13,99.4,140.9,72.83
EMP0434,2023-06,76,0.0,92.08,85.3,155.7,50.34
EMP0434,2023-07,39,0.0,94.82,89.0,164.3,49.89
EMP0434,2023-08,67,0.0,96.61,95.5,161.3,78.69
EMP0434,2023-09,72,0.0,86.33,85.5,176.9,39.24
EMP0434,2023-10,77,0.0,86.1,94.2,140.1,61.02
EMP0434,2023-11,67,0.0,93.77,94.1,164.9,70.46
EMP0434,2023-12,40,0.0,96.31,88.8,175.7,52.41
EMP0435,2023-01,77,0.0,96.88,97.1,131.6,86.65
EMP0435,2023-02,68,0.0,98.65,92.4,165.0,75.4
EMP0435,2023-03,24,0.0,89.76,88.2,131.6,33.55
EMP0435,2023-04,50,0.0,95.49,89.8,125.2,57.06
EMP0435,2023-05,20,0.0,93.9,93.6,120.0,51.89
EMP0435,2023-06,40,0.0,99.24,95.4,172.1,72.94
EMP0435,2023-07,67,0.0,90.86,98.5,178.9,75.63
EMP0435,2023-08,54,0.0,90.97,99.3,123.1,72.81
EMP0435,2023-09,37,0.0,98.39,95.3,175.8,70.09
EMP0435,2023-10,36,0.0,93.57,89.4,133.1,47.51
EMP0435,2023-11,65,0.0,95.97,89.8,129.6,63.52
EMP0435,2023-12,49,0.0,86.43,90.4,183.9,42.23
EMP0436,2023-01,67,871111.74,87.11,99.8,167.2,72.1
EMP0436,2023-02,28,533424.4,85.84,99.9,167.7,55.49
EMP0436,2023-03,30,931146.46,90.22,100.0,156.1,64.13
EMP0436,2023-04,69,1189257.53,90.66,97.8,170.7,74.4
EMP0436,2023-05,55,690977.49,94.28,87.2,133.6,50.75
EMP0436,2023-06,34,738393.18,98.99,97.8,142.6,75.85
EMP0436,2023-07,79,531488.87,88.0,90.0,184.1,55.29
EMP0436,2023-08,39,1155534.71,91.02,89.6,173.2,44.64
EMP0436,2023-09,43,665857.94,94.21,95.1,156.8,64.56
EMP0436,2023-10,43,263458.41,83.05,94.3,132.9,43.16
EMP0436,2023-11,59,1031468.59,98.01,85.6,129.6,55.04
EMP0436,2023-12,71,232391.89,95.46,98.8,160.2,85.88
EMP0437,2023-01,44,602554.95,92.08,97.7,158.5,67.27
EMP0437,2023-02,62,519275.22,91.22,86.8,180.4,47.08
EMP0437,2023-03,20,969267.66,96.62,88.6,164.2,44.98
EMP0437,2023-04,77,584180.67,94.7,92.5,141.5,72.1
EMP0437,2023-05,44,579777.06,90.31,95.1,154.7,58.11
EMP0437,2023-06,74,999647.89,93.67,94.6,181.8,74.07
EMP0437,2023-07,50,736061.96,92.22,89.0,182.5,49.47
EMP0437,2023-08,51,809164.76,88.67,87.7,149.7,40.6
EMP0437,2023-09,21,421292.04,90.67,90.2,134.1,38.68
EMP0437,2023-10,68,640928.25,91.27,86.3,166.5,48.26
EMP0437,2023-11,27,594034.92,86.68,95.8,181.4,47.02
EMP0437,2023-12,21,968240.77,97.13,95.4,175.7,62.12
EMP0438,2023-01,60,0.0,85.11,95.3,183.4,55.48
EMP0438,2023-02,44,0.0,82.61,99.7,165.7,55.37
EMP0438,2023-03,56,0.0,95.39,91.0,182.0,61.93
EMP0438,2023-04,69,0.0,99.48,95.3,179.9,84.0
EMP0438,2023-05,49,0.0,86.86,85.6,159.0,31.78
EMP0438,2023-06,44,0.0,96.66,97.9,125.1,75.76
EMP0438,2023-07,32,0.0,87.87,99.8,169.8,60.31
EMP0438,2023-08,27,0.0,92.65,94.1,180.5,53.5
EMP0438,2023-09,78,0.0,90.61,98.1,136.4,78.38
EMP0438,2023-10,79,0.0,98.8,85.8,180.2,64.39
EMP0438,2023-11,40,0.0,93.68,92.3,137.1,55.97
EMP0438,2023-12,39,0.0,97.97,85.3,124.2,46.77
EMP0439,2023-01,34,544628.79,86.02,93.7,151.4,43.59
EMP0439,2023-02,63,945096.34,98.23,91.8,134.2,71.39
EMP0439,2023-03,36,1012044.02,85.19,90.9,169.8,36.35
EMP0439,2023-04,26,523231.62,91.92,90.1,134.1,42.51
EMP0439,2023-05,29,248649.24,98.49,93.7,172.5,63.53
EMP0439,2023-06,69,364802.07,95.14,94.6,147.4,74.77
EMP0439,2023-07,77,879242.35,83.5,85.2,152.6,35.47
EMP0439,2023-08,49,929678.56,93.36,98.0,178.8,72.09
EMP0439,2023-09,62,997196.33,83.25,87.8,151.5,35.47
EMP0439,2023-10,62,299413.43,85.02,88.3,158.0,39.73
EMP0439,2023-11,68,430445.42,84.34,92.1,182.6,49.66
EMP0439,2023-12,29,619141.76,83.66,98.2,167.1,48.08
EMP0440,2023-01,52,0.0,83.01,88.0,136.4,31.77
EMP0440,2023-02,36,0.0,94.98,93.6,153.2,59.78
EMP0440,2023-03,28,0.0,84.34,90.6,179.1,31.16
EMP0440,2023-04,59,0.0,92.31,99.3,128.3,77.03
EMP0440,2023-05,54,0.0,91.42,93.1,161.8,59.13
EMP0440,2023-06,35,0.0,82.52,91.7,124.7,33.17
EMP0440,2023-07,71,0.0,95.1,89.8,152.6,64.25
EMP0440,2023-08,78,0.0,92.25,91.6,166.3,66.09
EMP0440,2023-09,25,0.0,99.75,85.9,155.0,46.04
EMP0440,2023-10,51,0.0,83.39,99.3,167.6,58.42
EMP0440,2023-11,62,0.0,99.77,90.3,138.2,70.21
EMP0440,2023-12,31,0.0,91.94,94.1,161.0,53.75
EMP0441,2023-01,70,0.0,87.37,92.1,158.4,55.71
EMP0441,2023-02,60,0.0,86.18,90.3,126.4,45.68
EMP0441,2023-03,64,0.0,85.73,86.9,165.3,38.46
EMP0441,2023-04,72,0.0,92.64,87.1,148.6,54.02
EMP0441,2023-05,68,0.0,99.73,96.4,183.5,86.63
EMP0441,2023-06,66,0.0,99.57,100.0,154.9,94.0
EMP0441,2023-07,23,0.0,94.68,85.2,125.7,34.78
EMP0441,2023-08,70,0.0,90.19,94.4,150.9,66.02
EMP0441,2023-09,33,0.0,85.21,90.9,156.2,35.26
EMP0441,2023-10,72,0.0,83.02,89.2,126.5,42.09
EMP0441,2023-11,64,0.0,85.95,91.9,176.7,50.51
EMP0441,2023-12,53,0.0,90.27,87.8,157.6,44.38
EMP0442,2023-01,69,0.0,85.37,98.5,155.9,66.77
EMP0442,2023-02,28,0.0,89.46,90.4,168.5,39.66
EMP0442,2023-03,80,0.0,94.82,94.7,138.7,78.57
EMP0442,2023-04,36,0.0,87.23,92.9,170.5,44.59
EMP0442,2023-05,37,0.0,96.07,85.9,145.6,44.1
EMP0442,2023-06,50,0.0,89.71,88.4,150.3,43.68
EMP0442,2023-07,57,0.0,92.28,85.2,155.4,43.33
EMP0442,2023-08,65,0.0,84.68,89.1,148.4,42.13
EMP0442,2023-09,46,0.0,93.99,89.3,157.0,51.77
EMP0442,2023-10,65,0.0,92.74,86.2,164.4,49.47
EMP0442,2023-11,49,0.0,90.21,87.6,168.7,42.31
EMP0442,2023-12,38,0.0,84.21,90.7,142.7,34.92
EMP0443,2023-01,64,0.0,89.39,94.0,158.4,61.43
EMP0443,2023-02,72,0.0,90.68,85.7,153.2,47.32
EMP0443,2023-03,78,0.0,93.03,85.9,133.9,54.15
EMP0443,2023-04,63,0.0,92.88,88.2,180.9,53.63
EMP0443,2023-05,50,0.0,97.67,97.2,122.6,78.14
EMP0443,2023-06,56,0.0,92.21,99.9,149.7,77.13
EMP0443,2023-07,80,0.0,87.42,95.3,156.3,67.02
EMP0443,2023-08,60,0.0,82.43,97.6,169.0,56.15
EMP0443,2023-09,22,0.0,95.77,96.4,163.8,62.45
EMP0443,2023-10,72,0.0,89.05,96.7,153.2,70.14
EMP0443,2023-11,72,0.0,88.27,85.2,146.2,41.94
EMP0443,2023-12,49,0.0,84.38,94.5,170.1,48.21
EMP0444,2023-01,33,0.0,84.55,97.6,168.3,49.74
EMP0444,2023-02,43,0.0,91.86,88.6,147.6,45.28
EMP0444,2023-03,40,0.0,88.84,98.1,123.3,61.04
EMP0444,2023-04,24,0.0,95.37,93.8,148.4,56.43
EMP0444,2023-05,34,0.0,86.81,95.9,147.8,50.1
EMP0444,2023-06,35,0.0,88.52,98.4,175.0,59.3
EMP0444,2023-07,75,0.0,98.79,87.4,167.5,66.61
EMP0444,2023-08,68,0.0,96.1,97.4,140.7,82.61
EMP0444,2023-09,80,0.0,91.28,88.3,134.9,57.44
EMP0444,2023-10,46,0.0,86.54,87.4,158.0,34.3
EMP0444,2023-11,42,0.0,88.58,92.2,141.5,47.57
EMP0444,2023-12,30,0.0,97.55,89.1,177.9,51.53
EMP0445,2023-01,72,0.0,92.98,90.7,163.2,63.02
EMP0445,2023-02,57,0.0,97.55,95.3,166.1,76.12
EMP0445,2023-03,32,0.0,87.34,94.3,145.3,46.55
EMP0445,2023-04,80,0.0,97.51,97.6,160.3,90.04
EMP0445,2023-05,28,0.0,84.85,96.9,149.1,46.75
EMP0445,2023-06,57,0.0,83.58,86.1,173.0,30.21
EMP0445,2023-07,49,0.0,89.76,86.5,125.6,38.96
EMP0445,2023-08,68,0.0,83.61,97.3,149.6,60.52
EMP0445,2023-09,43,0.0,93.22,93.0,139.1,57.93
EMP0445,2023-10,41,0.0,98.72,93.7,143.8,68.44
EMP0445,2023-11,69,0.0,85.0,88.1,170.9,41.86
EMP0445,2023-12,38,0.0,93.87,88.7,165.1,47.16
EMP0446,2023-01,42,0.0,90.62,89.4,178.9,44.6
EMP0446,2023-02,20,0.0,93.07,100.0,121.5,65.37
EMP0446,2023-03,63,0.0,93.5,86.5,177.1,50.75
EMP0446,2023-04,74,0.0,92.2,92.7,155.1,67.07
EMP0446,2023-05,36,0.0,87.25,89.0,128.0,35.52
EMP0446,2023-06,39,0.0,96.6,96.1,147.0,69.57
EMP0446,2023-07,54,0.0,85.89,92.8,141.1,48.76
EMP0446,2023-08,55,0.0,97.28,87.5,170.9,56.7
EMP0446,2023-09,25,0.0,91.74,86.5,180.6,33.42
EMP0446,2023-10,40,0.0,86.51,93.2,138.8,45.53
EMP0446,2023-11,44,0.0,85.35,92.5,166.5,43.36
EMP0446,2023-12,35,0.0,94.65,97.8,151.7,68.63
EMP0447,2023-01,75,0.0,98.16,92.8,183.4,78.1
EMP0447,2023-02,40,0.0,96.04,91.3,178.5,57.77
EMP0447,2023-03,21,0.0,97.31,92.0,148.0,54.5
EMP0447,2023-04,58,0.0,89.74,96.4,122.1,65.39
EMP0447,2023-05,55,0.0,93.6,86.7,120.1,48.39
EMP0447,2023-06,47,0.0,94.4,88.2,143.3,50.29
EMP0447,2023-07,67,0.0,91.85,86.1,160.1,48.43
EMP0447,2023-08,26,0.0,88.37,87.9,144.9,31.16
EMP0447,2023-09,75,0.0,94.8,93.2,163.7,73.16
EMP0447,2023-10,33,0.0,97.46,86.7,174.6,46.9
EMP0447,2023-11,39,0.0,82.45,98.2,175.8,49.71
EMP0447,2023-12,28,0.0,87.33,95.2,142.9,47.13
EMP0448,2023-01,69,0.0,96.18,94.5,180.0,76.36
EMP0448,2023-02,33,0.0,87.09,89.6,169.9,35.52
EMP0448,2023-03,57,0.0,91.73,96.5,160.2,68.74
EMP0448,2023-04,21,0.0,87.68,93.2,148.4,40.45
EMP0448,2023-05,70,0.0,90.03,96.0,180.5,69.47
EMP0448,2023-06,39,0.0,98.28,94.1,176.2,67.85
EMP0448,2023-07,32,0.0,85.26,85.1,147.8,21.44
EMP0448,2023-08,80,0.0,86.41,89.3,124.9,51.25
EMP0448,2023-09,51,0.0,89.28,93.2,137.9,54.5
EMP0448,2023-10,70,0.0,83.61,86.9,156.0,37.0
EMP0448,2023-11,41,0.0,96.58,91.1,146.9,58.62
EMP0448,2023-12,43,0.0,83.07,95.7,166.0,46.46
EMP0449,2023-01,35,0.0,82.01,96.0,172.3,42.31
EMP0449,2023-02,68,0.0,92.96,92.5,134.1,65.68
EMP0449,2023-03,80,0.0,85.91,95.7,153.9,65.31
EMP0449,2023-04,42,0.0,93.11,98.5,122.0,70.19
EMP0449,2023-05,63,0.0,85.61,95.1,129.1,57.01
EMP0449,2023-06,22,0.0,85.71,88.0,178.6,25.24
EMP0449,2023-07,67,0.0,95.32,92.1,171.0,68.5
EMP0449,2023-08,36,0.0,96.9,86.3,141.7,46.11
EMP0449,2023-09,78,0.0,83.28,86.3,179.5,38.02
EMP0449,2023-10,34,0.0,93.62,92.0,159.7,52.92
EMP0449,2023-11,39,0.0,93.36,89.3,181.1,48.04
EMP0449,2023-12,78,0.0,98.04,87.3,180.1,66.19
EMP0450,2023-01,36,0.0,84.33,85.1,125.9,21.31
EMP0450,2023-02,32,0.0,94.98,90.8,139.1,51.75
EMP0450,2023-03,40,0.0,96.2,92.5,168.3,60.85
EMP0450,2023-04,58,0.0,85.31,95.4,180.0,55.31
EMP0450,2023-05,74,0.0,97.17,95.5,153.9,82.3
EMP0450,2023-06,41,0.0,82.82,94.3,152.2,42.01
EMP0450,2023-07,51,0.0,92.53,97.8,179.6,70.92
EMP0450,2023-08,45,0.0,82.04,87.2,140.1,25.58
EMP0450,2023-09,28,0.0,91.72,99.1,149.3,63.91
EMP0450,2023-10,56,0.0,89.49,88.5,145.4,45.77
EMP0450,2023-11,75,0.0,97.94,88.1,164.2,66.75
EMP0450,2023-12,30,0.0,91.24,93.7,166.0,51.22
EMP0451,2023-01,28,0.0,90.26,95.7,158.2,53.42
EMP0451,2023-02,30,0.0,95.46,89.7,138.4,49.27
EMP0451,2023-03,26,0.0,98.61,89.9,172.2,53.75
EMP0451,2023-04,49,0.0,95.7,98.4,173.3,77.12
EMP0451,2023-05,73,0.0,97.22,90.3,174.3,69.88
EMP0451,2023-06,64,0.0,82.75,88.8,166.2,37.68
EMP0451,2023-07,44,0.0,91.9,96.8,160.9,64.86
EMP0451,2023-08,22,0.0,89.91,91.5,151.5,40.76
EMP0451,2023-09,48,0.0,94.58,97.5,151.5,72.68
EMP0451,2023-10,51,0.0,87.11,94.8,161.8,54.43
EMP0451,2023-11,75,0.0,90.16,95.9,173.8,71.34
EMP0451,2023-12,79,0.0,88.54,93.9,145.4,65.34
EMP0452,2023-01,31,0.0,99.1,85.0,178.7,45.05
EMP0452,2023-02,20,0.0,97.09,95.2,139.8,61.21
EMP0452,2023-03,24,0.0,83.28,96.1,146.7,40.64
EMP0452,2023-04,31,0.0,97.57,91.6,145.2,57.77
EMP0452,2023-05,73,0.0,84.23,99.0,143.6,67.44
EMP0452,2023-06,36,0.0,97.13,88.4,157.8,51.41
EMP0452,2023-07,66,0.0,82.19,89.2,120.4,38.38
EMP0452,2023-08,66,0.0,83.67,99.0,121.1,63.84
EMP0452,2023-09,80,0.0,91.79,87.6,168.7,56.7
EMP0452,2023-10,32,0.0,96.28,93.9,163.3,61.26
EMP0452,2023-11,46,0.0,87.62,92.8,182.3,48.78
EMP0452,2023-12,35,0.0,85.85,89.9,171.5,34.8
EMP0453,2023-01,21,0.0,87.83,85.3,182.3,22.28
EMP0453,2023-02,32,0.0,97.44,88.6,122.7,50.92
EMP0453,2023-03,60,0.0,86.87,89.7,184.8,45.49
EMP0453,2023-04,35,0.0,97.99,98.6,157.2,76.34
EMP0453,2023-05,57,0.0,98.48,93.6,175.7,73.78
EMP0453,2023-06,71,0.0,94.55,88.9,165.3,61.19
EMP0453,2023-07,67,0.0,90.94,92.9,164.0,62.7
EMP0453,2023-08,21,0.0,89.82,97.2,168.0,53.53
EMP0453,2023-09,73,0.0,83.7,88.4,148.1,41.78
EMP0453,2023-10,29,0.0,96.52,89.6,172.6,50.52
EMP0453,2023-11,34,0.0,93.23,99.6,162.0,69.97
EMP0453,2023-12,26,0.0,86.92,89.7,128.1,32.83
EMP0454,2023-01,63,0.0,90.78,95.1,150.0,66.06
EMP0454,2023-02,43,0.0,89.05,92.0,149.3,48.3
EMP0454,2023-03,73,0.0,95.69,89.3,155.4,64.87
EMP0454,2023-04,26,0.0,98.94,94.1,184.1,64.13
EMP0454,2023-05,38,0.0,85.34,89.3,122.2,33.63
EMP0454,2023-06,26,0.0,94.48,99.9,176.8,69.86
EMP0454,2023-07,55,0.0,98.13,89.0,137.0,61.69
EMP0454,2023-08,22,0.0,85.92,94.4,155.7,40.54
EMP0454,2023-09,27,0.0,90.09,96.6,155.4,54.85
EMP0454,2023-10,60,0.0,93.62,96.2,124.6,72.47
EMP0454,2023-11,68,0.0,84.93,90.1,182.4,46.03
EMP0454,2023-12,45,0.0,89.17,98.1,156.9,63.49
EMP0455,2023-01,46,0.0,91.45,97.6,124.9,66.69
EMP0455,2023-02,29,0.0,86.48,97.0,155.8,50.22
EMP0455,2023-03,71,0.0,89.55,90.2,151.9,55.47
EMP0455,2023-04,56,0.0,84.92,90.6,138.4,42.68
EMP0455,2023-05,46,0.0,82.06,99.6,149.6,54.92
EMP0455,2023-06,37,0.0,89.03,93.6,120.5,49.74
EMP0455,2023-07,61,0.0,82.1,89.3,134.5,36.58
EMP0455,2023-08,35,0.0,90.75,90.5,120.7,44.77
EMP0455,2023-09,71,0.0,98.87,91.6,139.1,75.05
EMP0455,2023-10,41,0.0,83.85,86.2,138.0,24.91
EMP0455,2023-11,73,0.0,88.38,94.7,125.3,64.67
EMP0455,2023-12,69,0.0,87.34,94.3,122.5,60.42
EMP0456,2023-01,36,0.0,82.64,86.3,174.1,21.15
EMP0456,2023-02,42,0.0,86.97,91.2,184.0,42.41
EMP0456,2023-03,74,0.0,92.86,99.7,136.7,84.56
EMP0456,2023-04,52,0.0,89.15,85.6,158.0,36.91
EMP0456,2023-05,30,0.0,96.02,86.8,166.8,43.48
EMP0456,2023-06,47,0.0,83.51,86.2,182.0,26.57
EMP0456,2023-07,67,0.0,88.24,95.5,155.6,64.04
EMP0456,2023-08,67,0.0,85.0,96.7,162.9,61.18
EMP0456,2023-09,21,0.0,97.35,95.0,147.9,61.57
EMP0456,2023-10,31,0.0,88.94,95.6,161.8,52.0
EMP0456,2023-11,44,0.0,89.97,90.1,146.0,45.85
EMP0456,2023-12,58,0.0,88.86,88.4,168.9,45.19
EMP0457,2023-01,66,0.0,85.48,92.7,137.8,52.31
EMP0457,2023-02,61,0.0,98.54,94.5,128.9,77.49
EMP0457,2023-03,35,0.0,94.65,85.6,180.4,40.16
EMP0457,2023-04,60,0.0,99.42,87.1,146.4,61.38
EMP0457,2023-05,57,0.0,91.23,87.2,130.6,46.16
EMP0457,2023-06,39,0.0,84.25,97.7,150.4,51.7
EMP0457,2023-07,77,0.0,98.1,98.0,153.2,90.88
EMP0457,2023-08,42,0.0,90.12,90.6,176.7,46.53
EMP0457,2023-09,54,0.0,86.27,91.3,144.2,45.92
EMP0457,2023-10,76,0.0,83.63,93.7,179.9,55.15
EMP0457,2023-11,58,0.0,88.38,92.4,136.5,53.68
EMP0457,2023-12,20,0.0,87.95,93.2,158.6,40.55
EMP0458,2023-01,22,1176276.79,90.62,92.2,126.8,43.64
EMP0458,2023-02,57,1154432.04,86.61,87.6,167.4,39.01
EMP0458,2023-03,59,1012285.95,91.05,86.4,167.3,44.73
EMP0458,2023-04,45,375024.83,99.71,93.3,123.5,70.73
EMP0458,2023-05,72,257629.39,91.77,96.3,132.3,73.96
EMP0458,2023-06,65,856747.91,92.05,97.7,157.0,75.1
EMP0458,2023-07,51,685063.4,98.03,85.2,133.9,51.14
EMP0458,2023-08,42,351109.32,83.63,93.9,154.8,42.87
EMP0458,2023-09,29,940240.59,91.13,89.8,139.2,41.55
EMP0458,2023-10,49,629074.98,92.7,99.3,151.2,73.97
EMP0458,2023-11,55,406938.47,89.98,94.8,144.5,60.96
EMP0458,2023-12,77,481571.71,84.03,95.4,133.3,60.19
EMP0459,2023-01,72,0.0,98.57,90.2,150.3,71.63
EMP0459,2023-02,60,0.0,88.3,85.0,162.7,37.02
EMP0459,2023-03,60,0.0,88.48,95.1,122.6,60.91
EMP0459,2023-04,74,0.0,83.72,99.4,174.1,67.86
EMP0459,2023-05,73,0.0,86.03,93.1,142.1,56.83
EMP0459,2023-06,28,0.0,90.19,93.6,143.6,48.4
EMP0459,2023-07,49,0.0,92.15,88.5,167.3,47.8
EMP0459,2023-08,29,0.0,85.95,86.3,150.4,24.32
EMP0459,2023-09,69,0.0,87.13,87.4,127.9,43.95
EMP0459,2023-10,74,0.0,86.18,94.4,165.9,60.5
EMP0459,2023-11,39,0.0,98.27,88.7,159.9,55.23
EMP0459,2023-12,52,0.0,84.96,86.7,138.8,32.15
EMP0460,2023-01,56,1134431.43,89.95,93.4,166.5,58.01
EMP0460,2023-02,65,523997.54,89.51,92.8,143.0,59.22
EMP0460,2023-03,22,377340.02,89.8,94.0,141.0,46.4
EMP0460,2023-04,71,341114.0,94.37,95.2,170.3,75.57
EMP0460,2023-05,76,1129791.86,83.4,98.0,139.3,64.78
EMP0460,2023-06,57,775817.02,89.49,99.7,146.4,72.28
EMP0460,2023-07,43,763255.34,84.9,87.4,149.7,30.3
EMP0460,2023-08,64,1136192.43,86.94,86.6,143.6,39.88
EMP0460,2023-09,52,595998.08,93.62,89.5,169.7,53.84
EMP0460,2023-10,35,1154940.08,85.24,91.4,151.4,37.23
EMP0460,2023-11,47,473437.86,92.37,91.0,175.9,53.27
EMP0460,2023-12,49,892920.44,84.89,94.9,143.4,50.03
EMP0461,2023-01,80,0.0,94.03,89.0,143.7,63.89
EMP0461,2023-02,37,0.0,94.36,87.2,172.8,44.14
EMP0461,2023-03,36,0.0,98.05,96.2,153.0,71.22
EMP0461,2023-04,65,0.0,91.65,87.6,128.7,50.83
EMP0461,2023-05,26,0.0,96.25,92.6,173.1,55.92
EMP0461,2023-06,30,0.0,83.7,86.9,155.0,22.16
EMP0461,2023-07,52,0.0,93.51,98.8,178.9,75.34
EMP0461,2023-08,27,0.0,87.63,89.3,152.7,33.51
EMP0461,2023-09,45,0.0,84.52,94.1,124.8,46.02
EMP0461,2023-10,41,0.0,94.07,93.9,120.9,60.76
EMP0461,2023-11,37,0.0,93.27,93.3,134.7,56.46
EMP0461,2023-12,39,0.0,98.99,98.9,153.0,80.29
EMP0462,2023-01,64,0.0,91.52,98.9,143.2,76.59
EMP0462,2023-02,31,0.0,98.51,90.0,145.8,55.68
EMP0462,2023-03,78,0.0,88.69,90.0,134.1,56.12
EMP0462,2023-04,46,0.0,94.08,93.5,135.3,61.72
EMP0462,2023-05,70,0.0,97.37,94.3,134.1,78.35
EMP0462,2023-06,52,0.0,96.86,86.0,120.2,51.34
EMP0462,2023-07,52,0.0,99.47,88.0,153.1,60.57
EMP0462,2023-08,40,0.0,92.81,94.6,131.9,59.82
EMP0462,2023-09,21,0.0,98.86,85.2,129.5,41.35
EMP0462,2023-10,20,0.0,91.55,94.5,123.9,49.88
EMP0462,2023-11,70,0.0,86.99,98.8,150.5,70.68
EMP0462,2023-12,41,0.0,95.83,97.5,182.9,72.24
EMP0463,2023-01,59,0.0,83.28,90.5,174.7,40.7
EMP0463,2023-02,22,0.0,82.62,94.0,122.8,33.84
EMP0463,2023-03,69,0.0,83.07,95.2,129.8,55.05
EMP0463,2023-04,55,0.0,95.67,92.9,141.5,66.48
EMP0463,2023-05,65,0.0,86.69,90.9,180.6,49.85
EMP0463,2023-06,25,0.0,97.05,87.2,170.2,44.35
EMP0463,2023-07,69,0.0,85.6,99.0,174.7,68.34
EMP0463,2023-08,29,0.0,82.78,99.8,173.4,50.27
EMP0463,2023-09,76,0.0,84.09,99.7,133.9,69.96
EMP0463,2023-10,69,0.0,87.16,92.7,126.1,56.37
EMP0463,2023-11,66,0.0,86.47,94.6,180.0,58.47
EMP0463,2023-12,30,0.0,83.45,97.7,185.0,46.92
EMP0464,2023-01,74,0.0,83.95,93.2,150.5,53.8
EMP0464,2023-02,38,0.0,90.19,91.1,155.9,46.32
EMP0464,2023-03,40,0.0,86.27,87.3,142.1,31.34
EMP0464,2023-04,31,0.0,93.15,92.7,167.4,52.6
EMP0464,2023-05,31,0.0,98.67,90.4,178.5,56.9
EMP0464,2023-06,26,0.0,91.74,92.2,147.1,47.09
EMP0464,2023-07,41,0.0,91.42,98.7,146.4,67.33
EMP0464,2023-08,31,0.0,85.75,86.2,138.0,24.49
EMP0464,2023-09,29,0.0,87.72,93.3,167.1,43.75
EMP0464,2023-10,34,0.0,84.98,90.8,125.7,35.0
EMP0464,2023-11,33,0.0,93.58,100.0,151.5,71.14
EMP0464,2023-12,39,0.0,94.54,89.8,128.1,51.27
EMP0465,2023-01,65,469322.55,87.88,86.7,123.4,42.13
EMP0465,2023-02,39,820829.29,83.18,95.2,159.7,43.99
EMP0465,2023-03,43,1093773.48,89.35,91.2,174.0,46.95
EMP0465,2023-04,73,944873.64,90.09,99.8,165.8,79.57
EMP0465,2023-05,34,691604.55,83.82,92.9,184.0,37.87
EMP0465,2023-06,41,858388.65,83.34,98.8,129.6,53.42
EMP0465,2023-07,74,1085155.55,94.54,86.8,121.9,57.4
EMP0465,2023-08,41,1018411.39,96.77,91.5,146.7,59.89
EMP0465,2023-09,42,553277.94,95.01,96.6,166.1,69.08
EMP0465,2023-10,65,233334.99,93.54,85.1,175.2,48.3
EMP0465,2023-11,43,694559.0,89.03,93.3,172.6,51.29
EMP0465,2023-12,55,436471.52,86.54,87.0,161.8,36.74
EMP0466,2023-01,26,736607.15,88.35,91.8,177.6,40.23
EMP0466,2023-02,63,408205.17,86.01,98.6,161.7,65.88
EMP0466,2023-03,41,799495.4,90.39,93.3,129.2,52.92
EMP0466,2023-04,28,1155416.36,82.18,97.9,181.5,44.42
EMP0466,2023-05,57,821512.71,82.95,92.6,137.2,44.27
EMP0466,2023-06,59,224351.86,93.39,88.4,159.7,53.49
EMP0466,2023-07,42,905129.64,96.03,95.4,122.6,68.07
EMP0466,2023-08,68,687838.86,85.1,95.6,163.8,59.16
EMP0466,2023-09,55,288483.15,95.36,95.0,142.0,70.84
EMP0466,2023-10,66,404980.18,90.64,91.7,135.1,59.0
EMP0466,2023-11,44,769342.07,89.22,92.2,158.9,49.44
EMP0466,2023-12,50,313814.95,89.21,86.6,175.2,38.6
EMP0467,2023-01,48,0.0,93.49,96.4,167.5,68.21
EMP0467,2023-02,69,0.0,97.62,91.1,178.6,70.94
EMP0467,2023-03,27,0.0,98.74,97.0,155.4,70.92
EMP0467,2023-04,31,0.0,96.7,86.0,141.7,43.18
EMP0467,2023-05,79,0.0,97.67,99.0,178.3,93.21
EMP0467,2023-06,67,0.0,98.14,96.4,181.1,83.47
EMP0467,2023-07,66,0.0,97.24,96.0,164.8,80.59
EMP0467,2023-08,33,0.0,85.49,86.2,174.7,24.78
EMP0467,2023-09,80,0.0,82.49,86.4,174.6,37.62
EMP0467,2023-10,56,0.0,83.64,95.6,159.9,52.1
EMP0467,2023-11,41,0.0,94.92,87.0,141.2,46.15
EMP0467,2023-12,27,0.0,83.38,90.5,166.2,28.87
EMP0468,2023-01,77,0.0,94.35,88.3,176.3,61.69
EMP0468,2023-02,34,0.0,87.73,93.4,168.1,45.88
EMP0468,2023-03,77,0.0,94.67,99.5,125.2,88.38
EMP0468,2023-04,63,0.0,95.84,93.5,161.9,71.18
EMP0468,2023-05,71,0.0,96.25,96.1,160.5,80.96
EMP0468,2023-06,59,0.0,92.04,94.3,133.7,64.89
EMP0468,2023-07,55,0.0,85.36,97.8,132.9,59.87
EMP0468,2023-08,55,0.0,97.79,86.9,173.2,56.19
EMP0468,2023-09,74,0.0,98.32,93.9,145.9,80.58
EMP0468,2023-10,74,0.0,84.19,97.4,175.1,64.02
EMP0468,2023-11,61,0.0,95.69,89.5,136.1,60.83
EMP0468,2023-12,69,0.0,95.29,99.3,152.3,86.0
EMP0469,2023-01,60,0.0,94.47,89.8,184.3,59.02
EMP0469,2023-02,60,0.0,95.28,92.7,152.2,67.21
EMP0469,2023-03,27,0.0,88.91,93.8,122.9,46.25
EMP0469,2023-04,68,0.0,97.94,95.1,124.3,80.46
EMP0469,2023-05,75,0.0,87.39,85.1,144.7,41.29
EMP0469,2023-06,61,0.0,85.37,93.6,156.2,52.34
EMP0469,2023-07,30,0.0,94.96,89.6,157.6,48.16
EMP0469,2023-08,79,0.0,83.06,87.0,121.3,39.65
EMP0469,2023-09,27,0.0,88.88,86.5,160.9,29.16
EMP0469,2023-10,59,0.0,91.89,98.0,175.9,73.27
EMP0469,2023-11,48,0.0,86.19,86.5,170.5,32.33
EMP0469,2023-12,65,0.0,96.44,99.1,172.7,86.04
EMP0470,2023-01,44,0.0,89.07,91.6,137.6,47.77
EMP0470,2023-02,65,0.0,98.1,99.2,121.6,89.18
EMP0470,2023-03,29,0.0,95.78,85.2,128.0,38.96
EMP0470,2023-04,25,0.0,93.67,98.3,173.5,64.33
EMP0470,2023-05,23,0.0,98.43,96.0,127.8,66.54
EMP0470,2023-06,78,0.0,93.03,94.8,164.5,74.92
EMP0470,2023-07,62,0.0,83.24,97.7,150.7,58.55
EMP0470,2023-08,44,0.0,88.99,93.6,145.3,52.3
EMP0470,2023-09,79,0.0,88.86,95.3,132.9,69.16
EMP0470,2023-10,76,0.0,82.45,94.8,153.1,55.65
EMP0470,2023-11,28,0.0,88.16,98.5,183.8,56.28
EMP0470,2023-12,67,0.0,87.88,89.5,142.9,49.41
EMP0471,2023-01,76,0.0,82.49,90.8,147.2,46.39
EMP0471,2023-02,34,0.0,85.34,93.8,167.3,42.63
EMP0471,2023-03,80,0.0,91.09,90.8,137.7,62.94
EMP0471,2023-04,66,0.0,92.27,91.1,173.8,60.46
EMP0471,2023-05,46,0.0,91.72,98.8,177.0,69.96
EMP0471,2023-06,65,0.0,89.0,98.4,180.1,71.39
EMP0471,2023-07,55,0.0,82.71,99.7,131.4,59.67
EMP0471,2023-08,29,0.0,94.8,90.0,141.7,48.44
EMP0471,2023-09,56,0.0,97.29,95.2,177.8,75.06
EMP0471,2023-10,20,0.0,89.96,94.2,182.5,46.4
EMP0471,2023-11,58,0.0,92.22,86.2,167.6,45.94
EMP0471,2023-12,36,0.0,95.33,90.8,165.7,53.86
EMP0472,2023-01,57,1099787.31,84.22,94.5,171.5,50.93
EMP0472,2023-02,58,755463.54,93.2,94.2,159.9,66.32
EMP0472,2023-03,63,675004.93,96.37,86.7,177.3,56.24
EMP0472,2023-04,32,530912.29,92.33,89.9,133.2,45.01
EMP0472,2023-05,44,352013.44,90.56,91.3,177.6,49.68
EMP0472,2023-06,60,786267.86,98.14,97.2,168.5,82.71
EMP0472,2023-07,77,477463.66,94.66,99.8,181.7,89.06
EMP0472,2023-08,21,341902.06,84.65,87.6,159.7,22.08
EMP0472,2023-09,48,317990.88,89.52,91.7,153.9,50.29
EMP0472,2023-10,74,368466.25,85.19,87.4,176.8,42.43
EMP0472,2023-11,67,637797.14,86.8,92.6,127.1,54.76
EMP0472,2023-12,65,276960.98,83.88,93.3,158.4,50.53
EMP0473,2023-01,31,0.0,85.07,95.4,168.4,44.76
EMP0473,2023-02,67,0.0,85.98,87.4,169.5,41.19
EMP0473,2023-03,33,0.0,87.68,97.6,149.3,55.22
EMP0473,2023-04,75,0.0,84.06,92.5,172.2,52.73
EMP0473,2023-05,38,0.0,99.2,92.1,177.8,64.42
EMP0473,2023-06,51,0.0,82.71,89.4,170.1,34.13
EMP0473,2023-07,56,0.0,94.39,91.4,176.3,61.12
EMP0473,2023-08,80,0.0,94.61,92.6,182.8,73.3
EMP0473,2023-09,75,0.0,95.83,98.0,156.7,86.16
EMP0473,2023-10,44,0.0,87.41,91.9,142.9,45.57
EMP0473,2023-11,68,0.0,95.3,98.4,124.0,83.54
EMP0473,2023-12,51,0.0,85.98,99.8,178.9,64.12
EMP0474,2023-01,28,0.0,92.32,90.9,164.7,45.83
EMP0474,2023-02,55,0.0,86.95,100.0,178.3,67.79
EMP0474,2023-03,57,0.0,99.11,95.6,165.7,79.55
EMP0474,2023-04,69,0.0,97.96,92.2,155.9,74.11
EMP0474,2023-05,50,0.0,91.51,99.6,159.5,72.96
EMP0474,2023-06,54,0.0,89.92,86.6,141.9,41.34
EMP0474,2023-07,31,0.0,89.71,99.0,139.2,61.28
EMP0474,2023-08,80,0.0,83.36,95.6,122.3,60.61
EMP0474,2023-09,68,0.0,87.73,96.9,143.9,66.79
EMP0474,2023-10,45,0.0,97.27,85.1,125.8,47.33
EMP0474,2023-11,55,0.0,93.03,91.8,159.9,59.29
EMP0474,2023-12,69,0.0,99.42,97.8,178.6,89.73
EMP0475,2023-01,38,0.0,86.85,91.2,138.2,40.7
EMP0475,2023-02,61,0.0,85.87,87.7,120.1,39.45
EMP0475,2023-03,44,0.0,95.8,89.7,145.5,55.12
EMP0475,2023-04,68,0.0,87.35,89.0,131.1,47.7
EMP0475,2023-05,46,0.0,89.17,87.8,162.7,39.83
EMP0475,2023-06,23,0.0,96.48,99.7,169.5,71.77
EMP0475,2023-07,69,0.0,83.38,87.9,172.6,38.56
EMP0475,2023-08,43,0.0,94.4,89.6,146.2,52.06
EMP0475,2023-09,27,0.0,82.06,93.3,157.4,33.1
EMP0475,2023-10,80,0.0,92.89,91.4,139.7,67.49
EMP0475,2023-11,58,0.0,88.65,99.7,127.8,71.19
EMP0475,2023-12,40,0.0,89.67,90.9,171.1,45.69
EMP0476,2023-01,45,0.0,88.15,87.0,127.0,35.8
EMP0476,2023-02,48,0.0,93.95,91.4,138.4,57.35
EMP0476,2023-03,31,0.0,86.58,93.8,168.7,43.67
EMP0476,2023-04,45,0.0,83.09,91.6,146.0,37.68
EMP0476,2023-05,31,0.0,83.74,91.1,154.7,32.4
EMP0476,2023-06,42,0.0,86.12,85.9,179.7,28.56
EMP0476,2023-07,35,0.0,98.14,99.1,141.9,77.77
EMP0476,2023-08,58,0.0,88.68,88.4,138.5,44.87
EMP0476,2023-09,29,0.0,91.77,96.7,138.1,58.77
EMP0476,2023-10,26,0.0,97.17,99.9,172.7,74.56
EMP0476,2023-11,62,0.0,93.31,89.2,124.3,56.34
EMP0476,2023-12,62,0.0,89.05,96.2,122.6,65.22
EMP0477,2023-01,47,0.0,97.35,98.2,171.4,78.79
EMP0477,2023-02,46,0.0,93.44,87.9,162.4,47.54
EMP0477,2023-03,24,0.0,92.96,86.9,174.7,36.11
EMP0477,2023-04,50,0.0,86.24,93.0,128.8,48.34
EMP0477,2023-05,22,0.0,99.22,99.5,127.5,75.72
EMP0477,2023-06,52,0.0,96.17,93.1,151.9,66.7
EMP0477,2023-07,28,0.0,95.29,95.9,145.8,62.69
EMP0477,2023-08,22,0.0,94.79,85.2,123.7,34.6
EMP0477,2023-09,29,0.0,92.26,97.7,145.8,61.96
EMP0477,2023-10,75,0.0,89.89,91.1,164.9,59.67
EMP0477,2023-11,76,0.0,93.86,85.8,172.0,54.62
EMP0477,2023-12,41,0.0,85.98,85.2,177.8,26.31
EMP0478,2023-01,31,0.0,85.89,94.3,136.2,43.63
EMP0478,2023-02,45,0.0,90.64,98.5,183.3,67.0
EMP0478,2023-03,34,0.0,97.93,92.5,134.2,61.63
EMP0478,2023-04,43,0.0,97.35,87.8,167.9,53.02
EMP0478,2023-05,43,0.0,84.14,92.2,154.4,40.17
EMP0478,2023-06,49,0.0,91.6,85.4,147.0,39.61
EMP0478,2023-07,43,0.0,93.46,97.7,130.8,69.31
EMP0478,2023-08,20,0.0,82.98,85.8,156.0,14.58
EMP0478,2023-09,50,0.0,94.48,99.2,144.4,77.22
EMP0478,2023-10,73,0.0,82.43,96.4,155.8,58.23
EMP0478,2023-11,69,0.0,94.27,85.9,162.5,52.95
EMP0478,2023-12,45,0.0,83.59,95.1,126.2,46.72
EMP0479,2023-01,52,0.0,86.73,90.7,176.7,44.58
EMP0479,2023-02,69,0.0,98.96,94.2,147.3,80.52
EMP0479,2023-03,47,0.0,85.51,92.0,173.4,43.6
EMP0479,2023-04,42,0.0,90.98,90.7,166.8,48.27
EMP0479,2023-05,52,0.0,85.02,97.0,160.9,56.28
EMP0479,2023-06,57,0.0,93.28,87.4,167.3,50.22
EMP0479,2023-07,52,0.0,82.28,87.1,125.8,28.39
EMP0479,2023-08,69,0.0,85.34,97.9,153.8,65.32
EMP0479,2023-09,38,0.0,90.42,85.4,133.4,33.42
EMP0479,2023-10,21,0.0,86.58,95.4,157.3,43.66
EMP0479,2023-11,41,0.0,87.36,99.7,172.4,62.55
EMP0479,2023-12,51,0.0,85.63,87.6,175.1,35.04
EMP0480,2023-01,75,0.0,84.21,93.7,165.7,55.79
EMP0480,2023-02,32,0.0,95.11,93.3,142.9,57.81
EMP0480,2023-03,77,0.0,84.38,86.4,136.5,39.81
EMP0480,2023-04,36,0.0,97.26,86.8,158.7,47.91
EMP0480,2023-05,54,0.0,86.85,90.6,158.0,45.3
EMP0480,2023-06,80,0.0,86.78,92.3,125.7,58.9
EMP0480,2023-07,46,0.0,85.27,96.7,125.1,53.77
EMP0480,2023-08,53,0.0,95.89,97.8,172.2,77.55
EMP0480,2023-09,25,0.0,94.19,87.3,141.5,39.57
EMP0480,2023-10,50,0.0,91.51,92.9,162.1,57.33
EMP0480,2023-11,58,0.0,85.67,89.4,138.4,41.94
EMP0480,2023-12,44,0.0,91.36,99.5,166.7,70.21
EMP0481,2023-01,32,0.0,86.93,95.7,179.3,49.09
EMP0481,2023-02,52,0.0,93.03,99.6,154.8,76.37
EMP0481,2023-03,74,0.0,92.27,91.4,129.5,64.16
EMP0481,2023-04,24,0.0,87.37,98.3,149.4,52.93
EMP0481,2023-05,64,0.0,92.38,86.7,130.7,49.63
EMP0481,2023-06,25,0.0,85.5,90.5,140.2,31.83
EMP0481,2023-07,78,0.0,85.21,94.1,128.8,59.6
EMP0481,2023-08,52,0.0,84.79,99.2,150.5,61.02
EMP0481,2023-09,62,0.0,82.29,97.2,129.1,55.72
EMP0481,2023-10,26,0.0,92.93,99.9,130.8,67.14
EMP0481,2023-11,48,0.0,83.19,92.9,128.4,42.02
EMP0481,2023-12,63,0.0,97.4,91.2,158.7,68.54
EMP0482,2023-01,62,0.0,94.47,88.4,134.1,56.51
EMP0482,2023-02,48,0.0,98.71,86.2,132.4,53.54
EMP0482,2023-03,61,0.0,85.97,99.2,156.7,66.46
EMP0482,2023-04,69,0.0,95.35,85.4,128.3,53.67
EMP0482,2023-05,42,0.0,95.0,87.6,141.8,48.07
EMP0482,2023-06,75,0.0,99.18,87.7,175.3,67.99
EMP0482,2023-07,72,0.0,90.95,91.1,156.1,60.4
EMP0482,2023-08,49,0.0,95.18,94.5,170.0,67.11
EMP0482,2023-09,21,0.0,98.99,86.6,150.4,44.84
EMP0482,2023-10,58,0.0,88.76,99.8,177.7,71.61
EMP0482,2023-11,79,0.0,87.42,93.4,174.1,62.21
EMP0482,2023-12,38,0.0,95.21,99.7,125.5,75.17
EMP0483,2023-01,43,0.0,98.46,92.7,172.0,66.4
EMP0483,2023-02,59,0.0,89.33,90.4,163.6,51.05
EMP0483,2023-03,38,0.0,90.2,95.7,123.0,57.07
EMP0483,2023-04,24,0.0,98.99,97.0,163.7,70.23
EMP0483,2023-05,38,0.0,97.21,98.6,150.5,76.1
EMP0483,2023-06,35,0.0,84.53,97.7,128.1,50.69
EMP0483,2023-07,45,0.0,95.18,93.0,175.5,62.11
EMP0483,2023-08,40,0.0,84.14,86.3,133.0,25.28
EMP0483,2023-09,55,0.0,90.98,91.1,130.9,54.07
EMP0483,2023-10,31,0.0,87.21,96.0,142.1,49.91
EMP0483,2023-11,49,0.0,93.61,99.9,151.5,76.96
EMP0483,2023-12,60,0.0,83.4,91.2,143.5,42.92
EMP0484,2023-01,54,0.0,98.88,96.8,161.0,80.82
EMP0484,2023-02,23,0.0,94.09,87.7,140.6,39.58
EMP0484,2023-03,35,0.0,82.18,89.1,144.6,26.51
EMP0484,2023-04,80,0.0,95.07,87.3,122.9,61.74
EMP0484,2023-05,26,0.0,87.02,85.8,157.5,23.9
EMP0484,2023-06,79,0.0,91.97,95.3,180.4,74.61
EMP0484,2023-07,29,0.0,97.16,91.2,134.2,55.37
EMP0484,2023-08,65,0.0,94.76,94.2,147.8,71.67
EMP0484,2023-09,28,0.0,87.25,93.1,173.5,42.09
EMP0484,2023-10,32,0.0,94.89,94.8,152.4,60.92
EMP0484,2023-11,74,0.0,93.46,99.5,140.3,85.14
EMP0484,2023-12,75,0.0,87.02,97.4,132.7,69.34
EMP0485,2023-01,29,0.0,90.9,96.0,173.3,55.62
EMP0485,2023-02,27,0.0,96.58,91.1,161.9,53.37
EMP0485,2023-03,24,0.0,83.81,88.2,181.4,23.13
EMP0485,2023-04,66,0.0,82.23,87.9,149.9,35.42
EMP0485,2023-05,67,0.0,95.01,92.5,153.6,68.89
EMP0485,2023-06,20,0.0,94.35,97.6,177.5,62.01
EMP0485,2023-07,58,0.0,90.4,96.5,177.6,66.78
EMP0485,2023-08,21,0.0,85.29,99.5,145.8,50.97
EMP0485,2023-09,31,0.0,89.88,90.5,184.0,41.75
EMP0485,2023-10,25,0.0,85.89,93.5,168.7,39.52
EMP0485,2023-11,36,0.0,82.92,87.8,138.1,25.14
EMP0485,2023-12,61,0.0,89.27,86.6,130.8,42.83
EMP0486,2023-01,35,204809.57,90.12,97.7,145.6,60.47
EMP0486,2023-02,22,335035.26,96.44,93.0,120.9,55.69
EMP0486,2023-03,64,429687.98,88.23,86.2,139.2,41.2
EMP0486,2023-04,68,1169475.24,82.93,90.4,155.2,43.23
EMP0486,2023-05,63,799703.57,91.95,90.4,120.7,57.14
EMP0486,2023-06,38,873055.69,90.99,99.5,179.3,67.32
EMP0486,2023-07,34,616326.86,83.79,93.9,135.1,40.15
EMP0486,2023-08,35,367260.03,87.73,96.1,159.4,52.55
EMP0486,2023-09,34,276098.58,95.62,85.4,163.7,41.02
EMP0486,2023-10,78,908017.4,96.69,89.0,173.8,67.79
EMP0486,2023-11,39,955487.24,97.93,94.6,149.0,68.4
EMP0486,2023-12,53,261833.89,82.59,98.3,136.7,55.44
EMP0487,2023-01,60,0.0,85.78,97.0,141.7,60.62
EMP0487,2023-02,48,0.0,94.31,94.6,120.7,65.44
EMP0487,2023-03,36,0.0,85.47,92.7,149.1,41.04
EMP0487,2023-04,20,0.0,96.66,87.0,161.8,41.32
EMP0487,2023-05,73,0.0,88.84,98.8,133.5,75.05
EMP0487,2023-06,72,0.0,95.34,88.2,131.9,61.31
EMP0487,2023-07,33,0.0,94.46,91.7,174.6,53.31
EMP0487,2023-08,50,0.0,86.86,97.5,144.6,59.92
EMP0487,2023-09,44,0.0,98.32,88.9,125.9,57.66
EMP0487,2023-10,62,0.0,82.97,94.4,140.9,50.38
EMP0487,2023-11,70,0.0,94.87,92.3,130.6,69.31
EMP0487,2023-12,79,0.0,94.2,85.6,177.0,55.87
EMP0488,2023-01,41,0.0,98.27,88.5,153.3,55.51
EMP0488,2023-02,24,0.0,99.34,94.6,177.1,65.24
EMP0488,2023-03,27,0.0,89.66,99.7,146.7,61.33
EMP0488,2023-04,29,0.0,85.15,96.6,124.2,46.95
EMP0488,2023-05,72,0.0,94.21,90.6,134.0,64.93
EMP0488,2023-06,46,0.0,97.91,86.6,144.3,52.33
EMP0488,2023-07,66,0.0,93.27,87.9,134.8,54.74
EMP0488,2023-08,37,0.0,97.28,92.8,154.8,62.31
EMP0488,2023-09,27,0.0,95.12,94.5,164.7,58.75
EMP0488,2023-10,59,0.0,84.67,93.4,180.7,49.9
EMP0488,2023-11,45,0.0,93.8,97.9,124.0,71.12
EMP0488,2023-12,24,0.0,95.18,89.5,127.5,46.07
EMP0489,2023-01,52,0.0,86.42,93.7,167.7,51.04
EMP0489,2023-02,24,0.0,85.39,88.7,152.3,27.07
EMP0489,2023-03,65,0.0,84.0,95.9,169.8,56.81
EMP0489,2023-04,47,0.0,83.87,95.1,125.8,47.96
EMP0489,2023-05,59,0.0,95.9,99.2,123.1,83.08
EMP0489,2023-06,26,0.0,97.22,92.7,155.3,57.85
EMP0489,2023-07,54,0.0,90.81,89.3,150.5,49.2
EMP0489,2023-08,45,0.0,99.65,86.0,127.5,53.6
EMP0489,2023-09,41,0.0,91.4,97.0,126.7,63.33
EMP0489,2023-10,48,0.0,85.71,90.4,149.4,40.59
EMP0489,2023-11,41,0.0,84.16,94.2,125.9,44.12
EMP0489,2023-12,70,0.0,82.62,97.3,125.1,59.54
EMP0490,2023-01,69,0.0,85.95,96.7,179.0,63.59
EMP0490,2023-02,74,0.0,84.73,86.4,172.7,39.29
EMP0490,2023-03,53,0.0,97.53,90.4,152.6,63.15
EMP0490,2023-04,76,0.0,97.16,91.5,160.3,73.7
EMP0490,2023-05,71,0.0,88.45,90.3,176.7,53.78
EMP0490,2023-06,59,0.0,91.82,88.1,165.0,50.04
EMP0490,2023-07,65,0.0,98.88,89.4,171.4,67.68
EMP0490,2023-08,68,0.0,99.66,86.5,123.5,63.4
EMP0490,2023-09,36,0.0,96.4,99.3,132.4,75.57
EMP0490,2023-10,31,0.0,93.08,96.6,178.4,61.58
EMP0490,2023-11,53,0.0,95.0,98.7,127.1,78.09
EMP0490,2023-12,64,0.0,94.73,86.8,142.0,53.98
EMP0491,2023-01,54,0.0,85.9,94.5,161.7,52.74
EMP0491,2023-02,51,0.0,86.82,99.4,151.1,64.66
EMP0491,2023-03,73,0.0,96.58,91.4,166.0,71.32
EMP0491,2023-04,75,0.0,92.36,98.4,164.6,81.02
EMP0491,2023-05,32,0.0,95.66,96.0,184.1,65.07
EMP0491,2023-06,41,0.0,91.74,89.1,150.5,45.49
EMP0491,2023-07,25,0.0,98.52,94.4,171.4,63.72
EMP0491,2023-08,41,0.0,90.48,93.4,127.1,53.32
EMP0491,2023-09,35,0.0,96.15,87.9,180.0,48.15
EMP0491,2023-10,79,0.0,88.47,98.6,136.8,76.18
EMP0491,2023-11,23,0.0,93.24,94.6,169.9,54.19
EMP0491,2023-12,68,0.0,88.58,98.4,161.8,71.78
EMP0492,2023-01,62,0.0,84.79,86.3,171.1,34.67
EMP0492,2023-02,39,0.0,91.19,90.0,160.7,45.87
EMP0492,2023-03,79,0.0,85.56,90.8,135.7,52.89
EMP0492,2023-04,50,0.0,95.6,94.3,138.9,67.75
EMP0492,2023-05,29,0.0,89.57,92.4,131.5,44.89
EMP0492,2023-06,52,0.0,89.97,87.4,134.4,42.55
EMP0492,2023-07,52,0.0,97.66,93.1,124.2,69.3
EMP0492,2023-08,65,0.0,94.35,94.3,145.7,71.19
EMP0492,2023-09,74,0.0,92.76,89.0,124.4,59.41
EMP0492,2023-10,39,0.0,92.31,96.0,170.3,61.83
EMP0492,2023-11,60,0.0,92.92,92.3,150.2,62.14
EMP0492,2023-12,27,0.0,99.07,86.5,123.9,47.0
EMP0493,2023-01,74,0.0,92.83,95.2,158.6,74.0
EMP0493,2023-02,53,0.0,97.93,96.6,159.0,78.32
EMP0493,2023-03,41,0.0,86.56,99.6,144.1,60.92
EMP0493,2023-04,65,0.0,84.01,86.5,150.4,34.89
EMP0493,2023-05,67,0.0,88.09,90.5,161.5,52.12
EMP0493,2023-06,38,0.0,91.37,90.4,170.1,46.75
EMP0493,2023-07,29,0.0,92.74,87.0,151.7,37.84
EMP0493,2023-08,47,0.0,92.79,94.3,126.3,61.71
EMP0493,2023-09,48,0.0,82.35,93.0,137.0,40.78
EMP0493,2023-10,70,0.0,83.04,90.5,161.8,44.4
EMP0493,2023-11,32,0.0,94.39,92.2,147.5,53.98
EMP0493,2023-12,25,0.0,83.39,87.2,175.2,20.44
EMP0494,2023-01,67,0.0,96.03,99.4,135.6,86.78
EMP0494,2023-02,55,0.0,91.38,85.7,174.4,42.17
EMP0494,2023-03,50,0.0,84.83,95.3,150.2,51.24
EMP0494,2023-04,54,0.0,96.97,97.7,179.9,79.58
EMP0494,2023-05,32,0.0,91.42,99.7,132.2,66.29
EMP0494,2023-06,32,0.0,93.05,90.6,149.7,47.9
EMP0494,2023-07,71,0.0,91.74,95.3,172.4,71.2
EMP0494,2023-08,36,0.0,89.66,89.3,138.0,40.44
EMP0494,2023-09,22,0.0,85.66,92.7,153.0,36.12
EMP0494,2023-10,66,0.0,92.6,94.0,146.4,67.8
EMP0494,2023-11,22,0.0,87.78,95.9,123.9,47.3
EMP0494,2023-12,67,0.0,85.73,99.1,143.0,68.05
EMP0495,2023-01,28,0.0,82.47,98.1,122.0,45.39
EMP0495,2023-02,59,0.0,98.7,98.5,181.4,86.35
EMP0495,2023-03,30,0.0,99.27,86.2,181.1,47.77
EMP0495,2023-04,31,0.0,88.92,86.6,166.9,30.97
EMP0495,2023-05,64,0.0,85.38,99.0,151.0,66.08
EMP0495,2023-06,76,0.0,82.15,85.7,167.7,33.9
EMP0495,2023-07,32,0.0,95.86,96.7,166.4,67.06
EMP0495,2023-08,67,0.0,96.06,96.1,179.7,79.13
EMP0495,2023-09,28,0.0,86.3,97.2,165.7,49.99
EMP0495,2023-10,69,0.0,86.39,86.8,122.8,41.26
EMP0495,2023-11,71,0.0,84.74,97.7,135.0,64.55
EMP0495,2023-12,34,0.0,88.21,99.9,144.9,61.88
EMP0496,2023-01,77,1028658.72,92.18,98.3,176.6,81.22
EMP0496,2023-02,36,908167.03,99.53,98.9,182.2,80.11
EMP0496,2023-03,66,1065182.96,91.73,91.0,149.0,59.28
EMP0496,2023-04,35,1095507.14,94.75,96.9,179.6,66.7
EMP0496,2023-05,78,981680.86,98.83,97.1,148.7,90.44
EMP0496,2023-06,46,742419.44,93.98,93.1,166.2,60.61
EMP0496,2023-07,21,565916.27,93.43,92.3,179.7,48.41
EMP0496,2023-08,25,688715.61,96.36,91.5,138.4,53.17
EMP0496,2023-09,52,559628.81,89.75,93.0,125.8,55.23
EMP0496,2023-10,67,782242.07,84.51,88.6,145.4,41.42
EMP0496,2023-11,45,702974.84,96.21,87.3,157.0,50.61
EMP0496,2023-12,43,605990.78,93.62,86.9,136.8,44.39
EMP0497,2023-01,30,0.0,96.41,98.2,169.2,70.77
EMP0497,2023-02,73,0.0,93.08,99.0,184.5,82.93
EMP0497,2023-03,50,0.0,96.28,94.8,162.1,70.11
EMP0497,2023-04,20,0.0,84.48,94.8,120.0,38.21
EMP0497,2023-05,57,0.0,82.64,97.6,121.5,55.39
EMP0497,2023-06,38,0.0,86.3,87.4,168.1,30.88
EMP0497,2023-07,50,0.0,87.75,98.5,141.9,63.81
EMP0497,2023-08,29,0.0,88.32,92.4,174.2,42.7
EMP0497,2023-09,46,0.0,89.74,91.2,151.6,48.76
EMP0497,2023-10,29,0.0,88.18,93.8,175.6,45.72
EMP0497,2023-11,52,0.0,91.59,95.6,184.9,64.52
EMP0497,2023-12,58,0.0,86.62,85.8,177.6,35.2
EMP0498,2023-01,70,0.0,93.66,98.0,125.3,80.49
EMP0498,2023-02,51,0.0,82.11,91.1,132.6,37.05
EMP0498,2023-03,69,0.0,88.93,93.5,120.4,61.34
EMP0498,2023-04,62,0.0,86.52,98.5,171.8,66.16
EMP0498,2023-05,27,0.0,92.52,90.8,137.8,45.57
EMP0498,2023-06,32,0.0,88.67,86.1,168.8,29.74
EMP0498,2023-07,67,0.0,87.51,97.4,122.3,67.2
EMP0498,2023-08,65,0.0,87.96,90.5,180.8,51.14
EMP0498,2023-09,41,0.0,88.61,94.2,153.1,51.91
EMP0498,2023-10,48,0.0,99.31,92.7,156.4,69.76
EMP0498,2023-11,27,0.0,82.77,87.7,154.0,21.27
EMP0498,2023-12,78,0.0,96.13,91.7,162.9,73.11
EMP0499,2023-01,38,0.0,92.25,89.4,122.1,45.95
EMP0499,2023-02,23,0.0,94.72,88.8,138.5,43.25
EMP0499,2023-03,40,0.0,92.0,98.7,165.0,67.97
EMP0499,2023-04,69,0.0,97.69,89.0,145.4,66.17
EMP0499,2023-05,42,0.0,95.8,93.0,170.4,62.07
EMP0499,2023-06,72,0.0,88.19,89.7,143.6,52.3
EMP0499,2023-07,23,0.0,87.88,97.7,125.9,52.05
EMP0499,2023-08,21,0.0,85.04,89.6,136.7,27.43
EMP0499,2023-09,59,0.0,97.89,87.1,130.9,58.33
EMP0499,2023-10,31,0.0,82.92,90.9,168.7,30.5
EMP0499,2023-11,60,0.0,87.45,85.4,143.9,36.47
EMP0499,2023-12,25,0.0,92.79,93.3,137.4,51.12
EMP0500,2023-01,68,0.0,89.04,89.1,156.7,50.89
EMP0500,2023-02,63,0.0,93.06,87.9,156.7,53.25
EMP0500,2023-03,42,0.0,85.87,89.9,139.6,37.46
EMP0500,2023-04,53,0.0,84.78,91.0,144.6,42.24
EMP0500,2023-05,51,0.0,90.24,92.4,153.0,54.31
EMP0500,2023-06,65,0.0,83.3,90.8,174.4,43.68
EMP0500,2023-07,52,0.0,84.7,95.5,161.6,52.23
EMP0500,2023-08,63,0.0,94.29,92.9,127.6,67.07
EMP0500,2023-09,80,0.0,99.49,98.4,150.0,95.37
EMP0500,2023-10,42,0.0,92.54,98.7,125.0,69.66
EMP0500,2023-11,74,0.0,97.31,96.8,159.9,85.58
EMP0500,2023-12,33,0.0,95.14,97.5,175.3,68.04
