Employee_ID,Month,Base_Salary,Overtime_Hours,Overtime_Cost,Training_Hours,Training_Cost
EMP0001,2023-01,68500,0,0.0,4,2600.0
EMP0001,2023-02,68500,25,16054.69,0,0.0
EMP0001,2023-03,68500,0,0.0,0,0.0
EMP0001,2023-04,68500,19,12201.56,6,3900.0
EMP0001,2023-05,68500,0,0.0,0,0.0
EMP0001,2023-06,68500,0,0.0,16,10400.0
EMP0001,2023-07,68500,23,14770.31,11,7150.0
EMP0001,2023-08,68500,20,12843.75,0,0.0
EMP0001,2023-09,68500,0,0.0,13,8450.0
EMP0001,2023-10,68500,0,0.0,0,0.0
EMP0001,2023-11,68500,0,0.0,0,0.0
EMP0001,2023-12,68500,19,12201.56,0,0.0
EMP0002,2023-01,70500,21,13879.69,0,0.0
EMP0002,2023-02,70500,29,19167.19,0,0.0
EMP0002,2023-03,70500,0,0.0,0,0.0
EMP0002,2023-04,70500,0,0.0,11,7150.0
EMP0002,2023-05,70500,30,19828.12,0,0.0
EMP0002,2023-06,70500,0,0.0,0,0.0
EMP0002,2023-07,70500,0,0.0,0,0.0
EMP0002,2023-08,70500,9,5948.44,15,9750.0
EMP0002,2023-09,70500,21,13879.69,0,0.0
EMP0002,2023-10,70500,0,0.0,0,0.0
EMP0002,2023-11,70500,0,0.0,0,0.0
EMP0002,2023-12,70500,0,0.0,10,6500.0
EMP0003,2023-01,53500,0,0.0,4,2600.0
EMP0003,2023-02,53500,0,0.0,0,0.0
EMP0003,2023-03,53500,14,7021.88,8,5200.0
EMP0003,2023-04,53500,0,0.0,0,0.0
EMP0003,2023-05,53500,0,0.0,2,1300.0
EMP0003,2023-06,53500,7,3510.94,0,0.0
EMP0003,2023-07,53500,27,13542.19,7,4550.0
EMP0003,2023-08,53500,0,0.0,0,0.0
EMP0003,2023-09,53500,28,14043.75,0,0.0
EMP0003,2023-10,53500,0,0.0,13,8450.0
EMP0003,2023-11,53500,0,0.0,0,0.0
EMP0003,2023-12,53500,0,0.0,0,0.0
EMP0004,2023-01,70000,28,18375.0,3,1950.0
EMP0004,2023-02,70000,5,3281.25,0,0.0
EMP0004,2023-03,70000,0,0.0,0,0.0
EMP0004,2023-04,70000,0,0.0,0,0.0
EMP0004,2023-05,70000,7,4593.75,9,5850.0
EMP0004,2023-06,70000,0,0.0,15,9750.0
EMP0004,2023-07,70000,0,0.0,0,0.0
EMP0004,2023-08,70000,28,18375.0,13,8450.0
EMP0004,2023-09,70000,19,12468.75,9,5850.0
EMP0004,2023-10,70000,30,19687.5,11,7150.0
EMP0004,2023-11,70000,19,12468.75,12,7800.0
EMP0004,2023-12,70000,0,0.0,0,0.0
EMP0005,2023-01,55500,0,0.0,0,0.0
EMP0005,2023-02,55500,9,4682.81,0,0.0
EMP0005,2023-03,55500,13,6764.06,0,0.0
EMP0005,2023-04,55500,0,0.0,0,0.0
EMP0005,2023-05,55500,12,6243.75,4,2600.0
EMP0005,2023-06,55500,9,4682.81,10,6500.0
EMP0005,2023-07,55500,0,0.0,0,0.0
EMP0005,2023-08,55500,0,0.0,14,9100.0
EMP0005,2023-09,55500,22,11446.88,5,3250.0
EMP0005,2023-10,55500,0,0.0,15,9750.0
EMP0005,2023-11,55500,0,0.0,0,0.0
EMP0005,2023-12,55500,0,0.0,0,0.0
EMP0006,2023-01,82500,24,18562.5,0,0.0
EMP0006,2023-02,82500,0,0.0,7,4550.0
EMP0006,2023-03,82500,6,4640.62,0,0.0
EMP0006,2023-04,82500,0,0.0,11,7150.0
EMP0006,2023-05,82500,0,0.0,0,0.0
EMP0006,2023-06,82500,11,8507.81,0,0.0
EMP0006,2023-07,82500,0,0.0,0,0.0
EMP0006,2023-08,82500,0,0.0,0,0.0
EMP0006,2023-09,82500,22,17015.62,15,9750.0
EMP0006,2023-10,82500,12,9281.25,14,9100.0
EMP0006,2023-11,82500,10,7734.38,0,0.0
EMP0006,2023-12,82500,6,4640.62,12,7800.0
EMP0007,2023-01,40000,6,2250.0,4,2600.0
EMP0007,2023-02,40000,0,0.0,0,0.0
EMP0007,2023-03,40000,20,7500.0,0,0.0
EMP0007,2023-04,40000,0,0.0,0,0.0
EMP0007,2023-05,40000,22,8250.0,0,0.0
EMP0007,2023-06,40000,0,0.0,0,0.0
EMP0007,2023-07,40000,0,0.0,0,0.0
EMP0007,2023-08,40000,0,0.0,0,0.0
EMP0007,2023-09,40000,22,8250.0,7,4550.0
EMP0007,2023-10,40000,21,7875.0,0,0.0
EMP0007,2023-11,40000,0,0.0,0,0.0
EMP0007,2023-12,40000,0,0.0,0,0.0
EMP0008,2023-01,69500,0,0.0,0,0.0
EMP0008,2023-02,69500,15,9773.44,0,0.0
EMP0008,2023-03,69500,0,0.0,0,0.0
EMP0008,2023-04,69500,0,0.0,16,10400.0
EMP0008,2023-05,69500,0,0.0,0,0.0
EMP0008,2023-06,69500,0,0.0,0,0.0
EMP0008,2023-07,69500,0,0.0,0,0.0
EMP0008,2023-08,69500,0,0.0,0,0.0
EMP0008,2023-09,69500,0,0.0,11,7150.0
EMP0008,2023-10,69500,0,0.0,0,0.0
EMP0008,2023-11,69500,11,7167.19,0,0.0
EMP0008,2023-12,69500,16,10425.0,7,4550.0
EMP0009,2023-01,87500,0,0.0,0,0.0
EMP0009,2023-02,87500,0,0.0,15,9750.0
EMP0009,2023-03,87500,0,0.0,4,2600.0
EMP0009,2023-04,87500,20,16406.25,0,0.0
EMP0009,2023-05,87500,0,0.0,15,9750.0
EMP0009,2023-06,87500,0,0.0,0,0.0
EMP0009,2023-07,87500,0,0.0,0,0.0
EMP0009,2023-08,87500,8,6562.5,0,0.0
EMP0009,2023-09,87500,0,0.0,0,0.0
EMP0009,2023-10,87500,0,0.0,0,0.0
EMP0009,2023-11,87500,20,16406.25,0,0.0
EMP0009,2023-12,87500,0,0.0,0,0.0
EMP0010,2023-01,66500,0,0.0,0,0.0
EMP0010,2023-02,66500,17,10598.44,0,0.0
EMP0010,2023-03,66500,0,0.0,3,1950.0
EMP0010,2023-04,66500,0,0.0,0,0.0
EMP0010,2023-05,66500,0,0.0,0,0.0
EMP0010,2023-06,66500,0,0.0,0,0.0
EMP0010,2023-07,66500,0,0.0,0,0.0
EMP0010,2023-08,66500,0,0.0,0,0.0
EMP0010,2023-09,66500,0,0.0,0,0.0
EMP0010,2023-10,66500,7,4364.06,16,10400.0
EMP0010,2023-11,66500,0,0.0,0,0.0
EMP0010,2023-12,66500,0,0.0,0,0.0
EMP0011,2023-01,85000,12,9562.5,0,0.0
EMP0011,2023-02,85000,4,3187.5,6,3900.0
EMP0011,2023-03,85000,0,0.0,0,0.0
EMP0011,2023-04,85000,0,0.0,7,4550.0
EMP0011,2023-05,85000,13,10359.38,7,4550.0
EMP0011,2023-06,85000,0,0.0,0,0.0
EMP0011,2023-07,85000,0,0.0,0,0.0
EMP0011,2023-08,85000,4,3187.5,0,0.0
EMP0011,2023-09,85000,0,0.0,0,0.0
EMP0011,2023-10,85000,0,0.0,0,0.0
EMP0011,2023-11,85000,4,3187.5,0,0.0
EMP0011,2023-12,85000,19,15140.62,2,1300.0
EMP0012,2023-01,38000,0,0.0,10,6500.0
EMP0012,2023-02,38000,0,0.0,0,0.0
EMP0012,2023-03,38000,6,2137.5,14,9100.0
EMP0012,2023-04,38000,0,0.0,0,0.0
EMP0012,2023-05,38000,0,0.0,0,0.0
EMP0012,2023-06,38000,20,7125.0,5,3250.0
EMP0012,2023-07,38000,0,0.0,12,7800.0
EMP0012,2023-08,38000,0,0.0,0,0.0
EMP0012,2023-09,38000,0,0.0,0,0.0
EMP0012,2023-10,38000,0,0.0,0,0.0
EMP0012,2023-11,38000,18,6412.5,0,0.0
EMP0012,2023-12,38000,0,0.0,0,0.0
EMP0013,2023-01,41500,8,3112.5,0,0.0
EMP0013,2023-02,41500,0,0.0,0,0.0
EMP0013,2023-03,41500,4,1556.25,0,0.0
EMP0013,2023-04,41500,17,6614.06,0,0.0
EMP0013,2023-05,41500,0,0.0,0,0.0
EMP0013,2023-06,41500,0,0.0,9,5850.0
EMP0013,2023-07,41500,6,2334.38,0,0.0
EMP0013,2023-08,41500,10,3890.62,0,0.0
EMP0013,2023-09,41500,0,0.0,15,9750.0
EMP0013,2023-10,41500,0,0.0,10,6500.0
EMP0013,2023-11,41500,18,7003.12,10,6500.0
EMP0013,2023-12,41500,15,5835.94,0,0.0
EMP0014,2023-01,66500,16,9975.0,6,3900.0
EMP0014,2023-02,66500,0,0.0,8,5200.0
EMP0014,2023-03,66500,0,0.0,12,7800.0
EMP0014,2023-04,66500,21,13092.19,0,0.0
EMP0014,2023-05,66500,18,11221.88,4,2600.0
EMP0014,2023-06,66500,14,8728.12,0,0.0
EMP0014,2023-07,66500,10,6234.38,0,0.0
EMP0014,2023-08,66500,8,4987.5,3,1950.0
EMP0014,2023-09,66500,13,8104.69,0,0.0
EMP0014,2023-10,66500,0,0.0,16,10400.0
EMP0014,2023-11,66500,20,12468.75,0,0.0
EMP0014,2023-12,66500,7,4364.06,0,0.0
EMP0015,2023-01,86000,16,12900.0,0,0.0
EMP0015,2023-02,86000,0,0.0,0,0.0
EMP0015,2023-03,86000,24,19350.0,0,0.0
EMP0015,2023-04,86000,0,0.0,0,0.0
EMP0015,2023-05,86000,0,0.0,0,0.0
EMP0015,2023-06,86000,0,0.0,5,3250.0
EMP0015,2023-07,86000,24,19350.0,4,2600.0
EMP0015,2023-08,86000,0,0.0,0,0.0
EMP0015,2023-09,86000,0,0.0,0,0.0
EMP0015,2023-10,86000,0,0.0,0,0.0
EMP0015,2023-11,86000,0,0.0,14,9100.0
EMP0015,2023-12,86000,0,0.0,0,0.0
EMP0016,2023-01,44500,0,0.0,0,0.0
EMP0016,2023-02,44500,30,12515.62,10,6500.0
EMP0016,2023-03,44500,24,10012.5,0,0.0
EMP0016,2023-04,44500,17,7092.19,3,1950.0
EMP0016,2023-05,44500,0,0.0,0,0.0
EMP0016,2023-06,44500,21,8760.94,13,8450.0
EMP0016,2023-07,44500,29,12098.44,0,0.0
EMP0016,2023-08,44500,0,0.0,0,0.0
EMP0016,2023-09,44500,0,0.0,0,0.0
EMP0016,2023-10,44500,6,2503.12,0,0.0
EMP0016,2023-11,44500,23,9595.31,0,0.0
EMP0016,2023-12,44500,0,0.0,0,0.0
EMP0017,2023-01,72000,28,18900.0,0,0.0
EMP0017,2023-02,72000,10,6750.0,0,0.0
EMP0017,2023-03,72000,8,5400.0,0,0.0
EMP0017,2023-04,72000,29,19575.0,0,0.0
EMP0017,2023-05,72000,0,0.0,5,3250.0
EMP0017,2023-06,72000,6,4050.0,0,0.0
EMP0017,2023-07,72000,0,0.0,4,2600.0
EMP0017,2023-08,72000,0,0.0,0,0.0
EMP0017,2023-09,72000,0,0.0,7,4550.0
EMP0017,2023-10,72000,0,0.0,0,0.0
EMP0017,2023-11,72000,0,0.0,0,0.0
EMP0017,2023-12,72000,0,0.0,0,0.0
EMP0018,2023-01,54000,26,13162.5,0,0.0
EMP0018,2023-02,54000,13,6581.25,0,0.0
EMP0018,2023-03,54000,0,0.0,0,0.0
EMP0018,2023-04,54000,23,11643.75,4,2600.0
EMP0018,2023-05,54000,0,0.0,13,8450.0
EMP0018,2023-06,54000,0,0.0,0,0.0
EMP0018,2023-07,54000,0,0.0,0,0.0
EMP0018,2023-08,54000,7,3543.75,0,0.0
EMP0018,2023-09,54000,0,0.0,0,0.0
EMP0018,2023-10,54000,8,4050.0,0,0.0
EMP0018,2023-11,54000,15,7593.75,12,7800.0
EMP0018,2023-12,54000,0,0.0,0,0.0
EMP0019,2023-01,64500,27,16326.56,5,3250.0
EMP0019,2023-02,64500,0,0.0,6,3900.0
EMP0019,2023-03,64500,0,0.0,0,0.0
EMP0019,2023-04,64500,0,0.0,0,0.0
EMP0019,2023-05,64500,19,11489.06,0,0.0
EMP0019,2023-06,64500,0,0.0,0,0.0
EMP0019,2023-07,64500,11,6651.56,0,0.0
EMP0019,2023-08,64500,0,0.0,0,0.0
EMP0019,2023-09,64500,0,0.0,0,0.0
EMP0019,2023-10,64500,0,0.0,0,0.0
EMP0019,2023-11,64500,0,0.0,0,0.0
EMP0019,2023-12,64500,0,0.0,0,0.0
EMP0020,2023-01,68000,25,15937.5,0,0.0
EMP0020,2023-02,68000,18,11475.0,16,10400.0
EMP0020,2023-03,68000,0,0.0,0,0.0
EMP0020,2023-04,68000,25,15937.5,0,0.0
EMP0020,2023-05,68000,0,0.0,10,6500.0
EMP0020,2023-06,68000,28,17850.0,0,0.0
EMP0020,2023-07,68000,13,8287.5,0,0.0
EMP0020,2023-08,68000,0,0.0,10,6500.0
EMP0020,2023-09,68000,0,0.0,0,0.0
EMP0020,2023-10,68000,16,10200.0,0,0.0
EMP0020,2023-11,68000,10,6375.0,0,0.0
EMP0020,2023-12,68000,0,0.0,0,0.0
EMP0021,2023-01,52000,0,0.0,5,3250.0
EMP0021,2023-02,52000,0,0.0,11,7150.0
EMP0021,2023-03,52000,0,0.0,0,0.0
EMP0021,2023-04,52000,0,0.0,0,0.0
EMP0021,2023-05,52000,28,13650.0,3,1950.0
EMP0021,2023-06,52000,0,0.0,0,0.0
EMP0021,2023-07,52000,0,0.0,15,9750.0
EMP0021,2023-08,52000,28,13650.0,16,10400.0
EMP0021,2023-09,52000,0,0.0,15,9750.0
EMP0021,2023-10,52000,25,12187.5,0,0.0
EMP0021,2023-11,52000,0,0.0,0,0.0
EMP0021,2023-12,52000,0,0.0,0,0.0
EMP0022,2023-01,52500,0,0.0,0,0.0
EMP0022,2023-02,52500,6,2953.12,0,0.0
EMP0022,2023-03,52500,15,7382.81,0,0.0
EMP0022,2023-04,52500,22,10828.12,0,0.0
EMP0022,2023-05,52500,10,4921.88,0,0.0
EMP0022,2023-06,52500,0,0.0,0,0.0
EMP0022,2023-07,52500,0,0.0,0,0.0
EMP0022,2023-08,52500,0,0.0,5,3250.0
EMP0022,2023-09,52500,23,11320.31,0,0.0
EMP0022,2023-10,52500,6,2953.12,0,0.0
EMP0022,2023-11,52500,14,6890.62,0,0.0
EMP0022,2023-12,52500,19,9351.56,15,9750.0
EMP0023,2023-01,84500,0,0.0,0,0.0
EMP0023,2023-02,84500,8,6337.5,0,0.0
EMP0023,2023-03,84500,17,13467.19,0,0.0
EMP0023,2023-04,84500,26,20596.88,0,0.0
EMP0023,2023-05,84500,15,11882.81,0,0.0
EMP0023,2023-06,84500,21,16635.94,0,0.0
EMP0023,2023-07,84500,19,15051.56,0,0.0
EMP0023,2023-08,84500,18,14259.38,0,0.0
EMP0023,2023-09,84500,0,0.0,0,0.0
EMP0023,2023-10,84500,0,0.0,0,0.0
EMP0023,2023-11,84500,15,11882.81,13,8450.0
EMP0023,2023-12,84500,7,5545.31,0,0.0
EMP0024,2023-01,69000,0,0.0,0,0.0
EMP0024,2023-02,69000,9,5821.88,0,0.0
EMP0024,2023-03,69000,0,0.0,12,7800.0
EMP0024,2023-04,69000,0,0.0,14,9100.0
EMP0024,2023-05,69000,25,16171.88,0,0.0
EMP0024,2023-06,69000,28,18112.5,3,1950.0
EMP0024,2023-07,69000,0,0.0,0,0.0
EMP0024,2023-08,69000,22,14231.25,0,0.0
EMP0024,2023-09,69000,8,5175.0,0,0.0
EMP0024,2023-10,69000,5,3234.38,0,0.0
EMP0024,2023-11,69000,30,19406.25,0,0.0
EMP0024,2023-12,69000,0,0.0,0,0.0
EMP0025,2023-01,63500,0,0.0,0,0.0
EMP0025,2023-02,63500,25,14882.81,0,0.0
EMP0025,2023-03,63500,0,0.0,0,0.0
EMP0025,2023-04,63500,0,0.0,4,2600.0
EMP0025,2023-05,63500,0,0.0,0,0.0
EMP0025,2023-06,63500,0,0.0,6,3900.0
EMP0025,2023-07,63500,10,5953.12,0,0.0
EMP0025,2023-08,63500,25,14882.81,0,0.0
EMP0025,2023-09,63500,0,0.0,0,0.0
EMP0025,2023-10,63500,0,0.0,0,0.0
EMP0025,2023-11,63500,6,3571.88,0,0.0
EMP0025,2023-12,63500,0,0.0,0,0.0
EMP0026,2023-01,58500,0,0.0,12,7800.0
EMP0026,2023-02,58500,29,15904.69,16,10400.0
EMP0026,2023-03,58500,7,3839.06,0,0.0
EMP0026,2023-04,58500,16,8775.0,0,0.0
EMP0026,2023-05,58500,0,0.0,11,7150.0
EMP0026,2023-06,58500,0,0.0,8,5200.0
EMP0026,2023-07,58500,0,0.0,0,0.0
EMP0026,2023-08,58500,0,0.0,0,0.0
EMP0026,2023-09,58500,0,0.0,0,0.0
EMP0026,2023-10,58500,22,12065.62,0,0.0
EMP0026,2023-11,58500,6,3290.62,0,0.0
EMP0026,2023-12,58500,30,16453.12,0,0.0
EMP0027,2023-01,43500,9,3670.31,0,0.0
EMP0027,2023-02,43500,5,2039.06,0,0.0
EMP0027,2023-03,43500,0,0.0,4,2600.0
EMP0027,2023-04,43500,0,0.0,0,0.0
EMP0027,2023-05,43500,0,0.0,0,0.0
EMP0027,2023-06,43500,5,2039.06,0,0.0
EMP0027,2023-07,43500,0,0.0,0,0.0
EMP0027,2023-08,43500,0,0.0,2,1300.0
EMP0027,2023-09,43500,8,3262.5,6,3900.0
EMP0027,2023-10,43500,0,0.0,0,0.0
EMP0027,2023-11,43500,0,0.0,0,0.0
EMP0027,2023-12,43500,11,4485.94,11,7150.0
EMP0028,2023-01,51000,27,12909.38,0,0.0
EMP0028,2023-02,51000,0,0.0,0,0.0
EMP0028,2023-03,51000,16,7650.0,16,10400.0
EMP0028,2023-04,51000,0,0.0,0,0.0
EMP0028,2023-05,51000,0,0.0,2,1300.0
EMP0028,2023-06,51000,0,0.0,11,7150.0
EMP0028,2023-07,51000,0,0.0,0,0.0
EMP0028,2023-08,51000,0,0.0,0,0.0
EMP0028,2023-09,51000,0,0.0,0,0.0
EMP0028,2023-10,51000,16,7650.0,0,0.0
EMP0028,2023-11,51000,0,0.0,0,0.0
EMP0028,2023-12,51000,0,0.0,0,0.0
EMP0029,2023-01,57000,27,14428.12,0,0.0
EMP0029,2023-02,57000,26,13893.75,0,0.0
EMP0029,2023-03,57000,0,0.0,7,4550.0
EMP0029,2023-04,57000,0,0.0,0,0.0
EMP0029,2023-05,57000,8,4275.0,0,0.0
EMP0029,2023-06,57000,10,5343.75,0,0.0
EMP0029,2023-07,57000,0,0.0,4,2600.0
EMP0029,2023-08,57000,0,0.0,6,3900.0
EMP0029,2023-09,57000,0,0.0,0,0.0
EMP0029,2023-10,57000,7,3740.62,3,1950.0
EMP0029,2023-11,57000,16,8550.0,11,7150.0
EMP0029,2023-12,57000,11,5878.12,8,5200.0
EMP0030,2023-01,51000,0,0.0,0,0.0
EMP0030,2023-02,51000,0,0.0,0,0.0
EMP0030,2023-03,51000,30,14343.75,0,0.0
EMP0030,2023-04,51000,8,3825.0,9,5850.0
EMP0030,2023-05,51000,26,12431.25,0,0.0
EMP0030,2023-06,51000,0,0.0,0,0.0
EMP0030,2023-07,51000,6,2868.75,0,0.0
EMP0030,2023-08,51000,0,0.0,2,1300.0
EMP0030,2023-09,51000,0,0.0,0,0.0
EMP0030,2023-10,51000,0,0.0,0,0.0
EMP0030,2023-11,51000,0,0.0,0,0.0
EMP0030,2023-12,51000,0,0.0,0,0.0
EMP0031,2023-01,40000,0,0.0,0,0.0
EMP0031,2023-02,40000,16,6000.0,0,0.0
EMP0031,2023-03,40000,0,0.0,0,0.0
EMP0031,2023-04,40000,21,7875.0,5,3250.0
EMP0031,2023-05,40000,0,0.0,0,0.0
EMP0031,2023-06,40000,0,0.0,0,0.0
EMP0031,2023-07,40000,0,0.0,0,0.0
EMP0031,2023-08,40000,29,10875.0,0,0.0
EMP0031,2023-09,40000,0,0.0,0,0.0
EMP0031,2023-10,40000,0,0.0,0,0.0
EMP0031,2023-11,40000,0,0.0,6,3900.0
EMP0031,2023-12,40000,4,1500.0,2,1300.0
EMP0032,2023-01,52000,0,0.0,12,7800.0
EMP0032,2023-02,52000,0,0.0,0,0.0
EMP0032,2023-03,52000,0,0.0,12,7800.0
EMP0032,2023-04,52000,0,0.0,0,0.0
EMP0032,2023-05,52000,0,0.0,0,0.0
EMP0032,2023-06,52000,0,0.0,0,0.0
EMP0032,2023-07,52000,15,7312.5,0,0.0
EMP0032,2023-08,52000,0,0.0,0,0.0
EMP0032,2023-09,52000,10,4875.0,0,0.0
EMP0032,2023-10,52000,9,4387.5,15,9750.0
EMP0032,2023-11,52000,0,0.0,4,2600.0
EMP0032,2023-12,52000,21,10237.5,16,10400.0
EMP0033,2023-01,45000,0,0.0,0,0.0
EMP0033,2023-02,45000,24,10125.0,0,0.0
EMP0033,2023-03,45000,0,0.0,0,0.0
EMP0033,2023-04,45000,0,0.0,0,0.0
EMP0033,2023-05,45000,0,0.0,5,3250.0
EMP0033,2023-06,45000,8,3375.0,0,0.0
EMP0033,2023-07,45000,7,2953.12,0,0.0
EMP0033,2023-08,45000,0,0.0,0,0.0
EMP0033,2023-09,45000,0,0.0,0,0.0
EMP0033,2023-10,45000,0,0.0,0,0.0
EMP0033,2023-11,45000,0,0.0,0,0.0
EMP0033,2023-12,45000,0,0.0,0,0.0
EMP0034,2023-01,75500,0,0.0,0,0.0
EMP0034,2023-02,75500,5,3539.06,0,0.0
EMP0034,2023-03,75500,0,0.0,0,0.0
EMP0034,2023-04,75500,0,0.0,0,0.0
EMP0034,2023-05,75500,0,0.0,11,7150.0
EMP0034,2023-06,75500,14,9909.38,11,7150.0
EMP0034,2023-07,75500,0,0.0,0,0.0
EMP0034,2023-08,75500,0,0.0,0,0.0
EMP0034,2023-09,75500,0,0.0,7,4550.0
EMP0034,2023-10,75500,21,14864.06,0,0.0
EMP0034,2023-11,75500,0,0.0,0,0.0
EMP0034,2023-12,75500,0,0.0,0,0.0
EMP0035,2023-01,41500,10,3890.62,0,0.0
EMP0035,2023-02,41500,16,6225.0,15,9750.0
EMP0035,2023-03,41500,0,0.0,0,0.0
EMP0035,2023-04,41500,0,0.0,15,9750.0
EMP0035,2023-05,41500,0,0.0,0,0.0
EMP0035,2023-06,41500,0,0.0,0,0.0
EMP0035,2023-07,41500,27,10504.69,5,3250.0
EMP0035,2023-08,41500,0,0.0,0,0.0
EMP0035,2023-09,41500,0,0.0,0,0.0
EMP0035,2023-10,41500,14,5446.88,0,0.0
EMP0035,2023-11,41500,0,0.0,0,0.0
EMP0035,2023-12,41500,6,2334.38,12,7800.0
EMP0036,2023-01,78500,27,19870.31,14,9100.0
EMP0036,2023-02,78500,0,0.0,0,0.0
EMP0036,2023-03,78500,17,12510.94,0,0.0
EMP0036,2023-04,78500,0,0.0,12,7800.0
EMP0036,2023-05,78500,0,0.0,0,0.0
EMP0036,2023-06,78500,0,0.0,0,0.0
EMP0036,2023-07,78500,23,16926.56,0,0.0
EMP0036,2023-08,78500,0,0.0,2,1300.0
EMP0036,2023-09,78500,0,0.0,0,0.0
EMP0036,2023-10,78500,0,0.0,3,1950.0
EMP0036,2023-11,78500,0,0.0,0,0.0
EMP0036,2023-12,78500,5,3679.69,0,0.0
EMP0037,2023-01,40000,0,0.0,0,0.0
EMP0037,2023-02,40000,0,0.0,0,0.0
EMP0037,2023-03,40000,23,8625.0,0,0.0
EMP0037,2023-04,40000,0,0.0,4,2600.0
EMP0037,2023-05,40000,7,2625.0,0,0.0
EMP0037,2023-06,40000,4,1500.0,4,2600.0
EMP0037,2023-07,40000,0,0.0,0,0.0
EMP0037,2023-08,40000,0,0.0,3,1950.0
EMP0037,2023-09,40000,0,0.0,0,0.0
EMP0037,2023-10,40000,13,4875.0,6,3900.0
EMP0037,2023-11,40000,0,0.0,0,0.0
EMP0037,2023-12,40000,0,0.0,0,0.0
EMP0038,2023-01,46000,0,0.0,0,0.0
EMP0038,2023-02,46000,0,0.0,0,0.0
EMP0038,2023-03,46000,27,11643.75,0,0.0
EMP0038,2023-04,46000,9,3881.25,0,0.0
EMP0038,2023-05,46000,16,6900.0,14,9100.0
EMP0038,2023-06,46000,0,0.0,0,0.0
EMP0038,2023-07,46000,0,0.0,0,0.0
EMP0038,2023-08,46000,16,6900.0,0,0.0
EMP0038,2023-09,46000,0,0.0,0,0.0
EMP0038,2023-10,46000,17,7331.25,14,9100.0
EMP0038,2023-11,46000,15,6468.75,15,9750.0
EMP0038,2023-12,46000,11,4743.75,0,0.0
EMP0039,2023-01,53500,15,7523.44,3,1950.0
EMP0039,2023-02,53500,25,12539.06,8,5200.0
EMP0039,2023-03,53500,0,0.0,13,8450.0
EMP0039,2023-04,53500,0,0.0,0,0.0
EMP0039,2023-05,53500,0,0.0,0,0.0
EMP0039,2023-06,53500,0,0.0,0,0.0
EMP0039,2023-07,53500,29,14545.31,0,0.0
EMP0039,2023-08,53500,0,0.0,0,0.0
EMP0039,2023-09,53500,11,5517.19,0,0.0
EMP0039,2023-10,53500,0,0.0,0,0.0
EMP0039,2023-11,53500,0,0.0,3,1950.0
EMP0039,2023-12,53500,30,15046.88,0,0.0
EMP0040,2023-01,57500,0,0.0,0,0.0
EMP0040,2023-02,57500,0,0.0,0,0.0
EMP0040,2023-03,57500,0,0.0,0,0.0
EMP0040,2023-04,57500,23,12398.44,0,0.0
EMP0040,2023-05,57500,0,0.0,0,0.0
EMP0040,2023-06,57500,8,4312.5,0,0.0
EMP0040,2023-07,57500,0,0.0,2,1300.0
EMP0040,2023-08,57500,0,0.0,0,0.0
EMP0040,2023-09,57500,0,0.0,6,3900.0
EMP0040,2023-10,57500,16,8625.0,0,0.0
EMP0040,2023-11,57500,0,0.0,8,5200.0
EMP0040,2023-12,57500,0,0.0,0,0.0
EMP0041,2023-01,66500,0,0.0,0,0.0
EMP0041,2023-02,66500,0,0.0,15,9750.0
EMP0041,2023-03,66500,0,0.0,13,8450.0
EMP0041,2023-04,66500,0,0.0,0,0.0
EMP0041,2023-05,66500,0,0.0,0,0.0
EMP0041,2023-06,66500,0,0.0,0,0.0
EMP0041,2023-07,66500,0,0.0,0,0.0
EMP0041,2023-08,66500,0,0.0,4,2600.0
EMP0041,2023-09,66500,0,0.0,2,1300.0
EMP0041,2023-10,66500,0,0.0,0,0.0
EMP0041,2023-11,66500,0,0.0,8,5200.0
EMP0041,2023-12,66500,0,0.0,5,3250.0
EMP0042,2023-01,81000,23,17465.62,0,0.0
EMP0042,2023-02,81000,14,10631.25,9,5850.0
EMP0042,2023-03,81000,26,19743.75,0,0.0
EMP0042,2023-04,81000,29,22021.88,0,0.0
EMP0042,2023-05,81000,0,0.0,0,0.0
EMP0042,2023-06,81000,0,0.0,0,0.0
EMP0042,2023-07,81000,0,0.0,3,1950.0
EMP0042,2023-08,81000,30,22781.25,11,7150.0
EMP0042,2023-09,81000,0,0.0,4,2600.0
EMP0042,2023-10,81000,0,0.0,0,0.0
EMP0042,2023-11,81000,27,20503.12,0,0.0
EMP0042,2023-12,81000,0,0.0,0,0.0
EMP0043,2023-01,83000,25,19453.12,0,0.0
EMP0043,2023-02,83000,0,0.0,0,0.0
EMP0043,2023-03,83000,0,0.0,0,0.0
EMP0043,2023-04,83000,0,0.0,0,0.0
EMP0043,2023-05,83000,0,0.0,0,0.0
EMP0043,2023-06,83000,0,0.0,8,5200.0
EMP0043,2023-07,83000,23,17896.88,0,0.0
EMP0043,2023-08,83000,0,0.0,0,0.0
EMP0043,2023-09,83000,0,0.0,15,9750.0
EMP0043,2023-10,83000,0,0.0,0,0.0
EMP0043,2023-11,83000,0,0.0,0,0.0
EMP0043,2023-12,83000,26,20231.25,0,0.0
EMP0044,2023-01,69000,22,14231.25,0,0.0
EMP0044,2023-02,69000,9,5821.88,0,0.0
EMP0044,2023-03,69000,13,8409.38,0,0.0
EMP0044,2023-04,69000,0,0.0,0,0.0
EMP0044,2023-05,69000,7,4528.12,0,0.0
EMP0044,2023-06,69000,0,0.0,0,0.0
EMP0044,2023-07,69000,17,10996.88,0,0.0
EMP0044,2023-08,69000,0,0.0,0,0.0
EMP0044,2023-09,69000,0,0.0,0,0.0
EMP0044,2023-10,69000,0,0.0,5,3250.0
EMP0044,2023-11,69000,0,0.0,6,3900.0
EMP0044,2023-12,69000,0,0.0,0,0.0
EMP0045,2023-01,65500,0,0.0,0,0.0
EMP0045,2023-02,65500,20,12281.25,12,7800.0
EMP0045,2023-03,65500,0,0.0,0,0.0
EMP0045,2023-04,65500,0,0.0,0,0.0
EMP0045,2023-05,65500,9,5526.56,11,7150.0
EMP0045,2023-06,65500,0,0.0,6,3900.0
EMP0045,2023-07,65500,0,0.0,0,0.0
EMP0045,2023-08,65500,0,0.0,15,9750.0
EMP0045,2023-09,65500,0,0.0,0,0.0
EMP0045,2023-10,65500,0,0.0,13,8450.0
EMP0045,2023-11,65500,0,0.0,0,0.0
EMP0045,2023-12,65500,0,0.0,11,7150.0
EMP0046,2023-01,45500,24,10237.5,0,0.0
EMP0046,2023-02,45500,0,0.0,0,0.0
EMP0046,2023-03,45500,20,8531.25,0,0.0
EMP0046,2023-04,45500,6,2559.38,0,0.0
EMP0046,2023-05,45500,5,2132.81,0,0.0
EMP0046,2023-06,45500,6,2559.38,0,0.0
EMP0046,2023-07,45500,0,0.0,0,0.0
EMP0046,2023-08,45500,14,5971.88,14,9100.0
EMP0046,2023-09,45500,7,2985.94,0,0.0
EMP0046,2023-10,45500,0,0.0,16,10400.0
EMP0046,2023-11,45500,16,6825.0,0,0.0
EMP0046,2023-12,45500,0,0.0,0,0.0
EMP0047,2023-01,48000,0,0.0,0,0.0
EMP0047,2023-02,48000,24,10800.0,13,8450.0
EMP0047,2023-03,48000,22,9900.0,0,0.0
EMP0047,2023-04,48000,4,1800.0,0,0.0
EMP0047,2023-05,48000,15,6750.0,0,0.0
EMP0047,2023-06,48000,18,8100.0,0,0.0
EMP0047,2023-07,48000,14,6300.0,0,0.0
EMP0047,2023-08,48000,11,4950.0,0,0.0
EMP0047,2023-09,48000,0,0.0,0,0.0
EMP0047,2023-10,48000,0,0.0,0,0.0
EMP0047,2023-11,48000,10,4500.0,16,10400.0
EMP0047,2023-12,48000,0,0.0,0,0.0
EMP0048,2023-01,41000,17,6534.38,0,0.0
EMP0048,2023-02,41000,0,0.0,0,0.0
EMP0048,2023-03,41000,19,7303.12,0,0.0
EMP0048,2023-04,41000,21,8071.88,0,0.0
EMP0048,2023-05,41000,0,0.0,0,0.0
EMP0048,2023-06,41000,19,7303.12,0,0.0
EMP0048,2023-07,41000,22,8456.25,4,2600.0
EMP0048,2023-08,41000,0,0.0,0,0.0
EMP0048,2023-09,41000,27,10378.12,6,3900.0
EMP0048,2023-10,41000,10,3843.75,0,0.0
EMP0048,2023-11,41000,0,0.0,0,0.0
EMP0048,2023-12,41000,0,0.0,14,9100.0
EMP0049,2023-01,101000,0,0.0,16,10400.0
EMP0049,2023-02,101000,0,0.0,10,6500.0
EMP0049,2023-03,101000,0,0.0,0,0.0
EMP0049,2023-04,101000,10,9468.75,0,0.0
EMP0049,2023-05,101000,0,0.0,0,0.0
EMP0049,2023-06,101000,7,6628.12,0,0.0
EMP0049,2023-07,101000,19,17990.62,6,3900.0
EMP0049,2023-08,101000,0,0.0,0,0.0
EMP0049,2023-09,101000,7,6628.12,10,6500.0
EMP0049,2023-10,101000,28,26512.5,0,0.0
EMP0049,2023-11,101000,19,17990.62,15,9750.0
EMP0049,2023-12,101000,30,28406.25,0,0.0
EMP0050,2023-01,40000,0,0.0,0,0.0
EMP0050,2023-02,40000,0,0.0,0,0.0
EMP0050,2023-03,40000,0,0.0,2,1300.0
EMP0050,2023-04,40000,0,0.0,0,0.0
EMP0050,2023-05,40000,29,10875.0,0,0.0
EMP0050,2023-06,40000,0,0.0,7,4550.0
EMP0050,2023-07,40000,10,3750.0,0,0.0
EMP0050,2023-08,40000,0,0.0,11,7150.0
EMP0050,2023-09,40000,19,7125.0,0,0.0
EMP0050,2023-10,40000,10,3750.0,0,0.0
EMP0050,2023-11,40000,30,11250.0,0,0.0
EMP0050,2023-12,40000,18,6750.0,0,0.0
EMP0051,2023-01,69000,29,18759.38,0,0.0
EMP0051,2023-02,69000,0,0.0,0,0.0
EMP0051,2023-03,69000,26,16818.75,0,0.0
EMP0051,2023-04,69000,0,0.0,0,0.0
EMP0051,2023-05,69000,0,0.0,10,6500.0
EMP0051,2023-06,69000,27,17465.62,12,7800.0
EMP0051,2023-07,69000,0,0.0,9,5850.0
EMP0051,2023-08,69000,0,0.0,0,0.0
EMP0051,2023-09,69000,22,14231.25,0,0.0
EMP0051,2023-10,69000,0,0.0,0,0.0
EMP0051,2023-11,69000,8,5175.0,7,4550.0
EMP0051,2023-12,69000,0,0.0,0,0.0
EMP0052,2023-01,48000,0,0.0,0,0.0
EMP0052,2023-02,48000,11,4950.0,0,0.0
EMP0052,2023-03,48000,29,13050.0,0,0.0
EMP0052,2023-04,48000,0,0.0,9,5850.0
EMP0052,2023-05,48000,0,0.0,0,0.0
EMP0052,2023-06,48000,0,0.0,16,10400.0
EMP0052,2023-07,48000,0,0.0,0,0.0
EMP0052,2023-08,48000,5,2250.0,0,0.0
EMP0052,2023-09,48000,0,0.0,0,0.0
EMP0052,2023-10,48000,0,0.0,0,0.0
EMP0052,2023-11,48000,21,9450.0,0,0.0
EMP0052,2023-12,48000,0,0.0,0,0.0
EMP0053,2023-01,62500,0,0.0,6,3900.0
EMP0053,2023-02,62500,7,4101.56,0,0.0
EMP0053,2023-03,62500,0,0.0,8,5200.0
EMP0053,2023-04,62500,29,16992.19,0,0.0
EMP0053,2023-05,62500,24,14062.5,0,0.0
EMP0053,2023-06,62500,0,0.0,0,0.0
EMP0053,2023-07,62500,0,0.0,0,0.0
EMP0053,2023-08,62500,19,11132.81,13,8450.0
EMP0053,2023-09,62500,0,0.0,0,0.0
EMP0053,2023-10,62500,0,0.0,0,0.0
EMP0053,2023-11,62500,0,0.0,13,8450.0
EMP0053,2023-12,62500,0,0.0,0,0.0
EMP0054,2023-01,82500,7,5414.06,0,0.0
EMP0054,2023-02,82500,0,0.0,4,2600.0
EMP0054,2023-03,82500,30,23203.12,0,0.0
EMP0054,2023-04,82500,0,0.0,0,0.0
EMP0054,2023-05,82500,0,0.0,0,0.0
EMP0054,2023-06,82500,0,0.0,0,0.0
EMP0054,2023-07,82500,7,5414.06,16,10400.0
EMP0054,2023-08,82500,0,0.0,0,0.0
EMP0054,2023-09,82500,0,0.0,0,0.0
EMP0054,2023-10,82500,17,13148.44,4,2600.0
EMP0054,2023-11,82500,0,0.0,0,0.0
EMP0054,2023-12,82500,0,0.0,0,0.0
EMP0055,2023-01,40000,0,0.0,0,0.0
EMP0055,2023-02,40000,0,0.0,0,0.0
EMP0055,2023-03,40000,17,6375.0,15,9750.0
EMP0055,2023-04,40000,10,3750.0,0,0.0
EMP0055,2023-05,40000,20,7500.0,0,0.0
EMP0055,2023-06,40000,0,0.0,7,4550.0
EMP0055,2023-07,40000,0,0.0,13,8450.0
EMP0055,2023-08,40000,0,0.0,0,0.0
EMP0055,2023-09,40000,24,9000.0,7,4550.0
EMP0055,2023-10,40000,0,0.0,5,3250.0
EMP0055,2023-11,40000,14,5250.0,0,0.0
EMP0055,2023-12,40000,7,2625.0,0,0.0
EMP0056,2023-01,58500,0,0.0,0,0.0
EMP0056,2023-02,58500,8,4387.5,0,0.0
EMP0056,2023-03,58500,21,11517.19,0,0.0
EMP0056,2023-04,58500,0,0.0,0,0.0
EMP0056,2023-05,58500,16,8775.0,0,0.0
EMP0056,2023-06,58500,0,0.0,14,9100.0
EMP0056,2023-07,58500,0,0.0,15,9750.0
EMP0056,2023-08,58500,0,0.0,14,9100.0
EMP0056,2023-09,58500,24,13162.5,0,0.0
EMP0056,2023-10,58500,0,0.0,0,0.0
EMP0056,2023-11,58500,0,0.0,0,0.0
EMP0056,2023-12,58500,0,0.0,0,0.0
EMP0057,2023-01,85000,0,0.0,0,0.0
EMP0057,2023-02,85000,0,0.0,0,0.0
EMP0057,2023-03,85000,14,11156.25,12,7800.0
EMP0057,2023-04,85000,0,0.0,0,0.0
EMP0057,2023-05,85000,0,0.0,15,9750.0
EMP0057,2023-06,85000,4,3187.5,0,0.0
EMP0057,2023-07,85000,0,0.0,0,0.0
EMP0057,2023-08,85000,0,0.0,4,2600.0
EMP0057,2023-09,85000,0,0.0,3,1950.0
EMP0057,2023-10,85000,0,0.0,0,0.0
EMP0057,2023-11,85000,0,0.0,0,0.0
EMP0057,2023-12,85000,0,0.0,0,0.0
EMP0058,2023-01,54500,0,0.0,0,0.0
EMP0058,2023-02,54500,0,0.0,10,6500.0
EMP0058,2023-03,54500,27,13795.31,11,7150.0
EMP0058,2023-04,54500,0,0.0,10,6500.0
EMP0058,2023-05,54500,20,10218.75,0,0.0
EMP0058,2023-06,54500,0,0.0,0,0.0
EMP0058,2023-07,54500,30,15328.12,6,3900.0
EMP0058,2023-08,54500,0,0.0,0,0.0
EMP0058,2023-09,54500,20,10218.75,0,0.0
EMP0058,2023-10,54500,23,11751.56,10,6500.0
EMP0058,2023-11,54500,0,0.0,0,0.0
EMP0058,2023-12,54500,0,0.0,0,0.0
EMP0059,2023-01,46500,0,0.0,8,5200.0
EMP0059,2023-02,46500,0,0.0,0,0.0
EMP0059,2023-03,46500,0,0.0,0,0.0
EMP0059,2023-04,46500,0,0.0,13,8450.0
EMP0059,2023-05,46500,0,0.0,0,0.0
EMP0059,2023-06,46500,13,5667.19,0,0.0
EMP0059,2023-07,46500,28,12206.25,11,7150.0
EMP0059,2023-08,46500,0,0.0,3,1950.0
EMP0059,2023-09,46500,0,0.0,0,0.0
EMP0059,2023-10,46500,0,0.0,0,0.0
EMP0059,2023-11,46500,17,7410.94,0,0.0
EMP0059,2023-12,46500,5,2179.69,0,0.0
EMP0060,2023-01,74000,22,15262.5,0,0.0
EMP0060,2023-02,74000,0,0.0,0,0.0
EMP0060,2023-03,74000,0,0.0,0,0.0
EMP0060,2023-04,74000,29,20118.75,5,3250.0
EMP0060,2023-05,74000,0,0.0,0,0.0
EMP0060,2023-06,74000,11,7631.25,0,0.0
EMP0060,2023-07,74000,0,0.0,10,6500.0
EMP0060,2023-08,74000,0,0.0,0,0.0
EMP0060,2023-09,74000,16,11100.0,12,7800.0
EMP0060,2023-10,74000,0,0.0,0,0.0
EMP0060,2023-11,74000,11,7631.25,11,7150.0
EMP0060,2023-12,74000,0,0.0,9,5850.0
EMP0061,2023-01,66500,0,0.0,11,7150.0
EMP0061,2023-02,66500,28,17456.25,0,0.0
EMP0061,2023-03,66500,0,0.0,0,0.0
EMP0061,2023-04,66500,30,18703.12,6,3900.0
EMP0061,2023-05,66500,0,0.0,13,8450.0
EMP0061,2023-06,66500,0,0.0,5,3250.0
EMP0061,2023-07,66500,27,16832.81,0,0.0
EMP0061,2023-08,66500,5,3117.19,0,0.0
EMP0061,2023-09,66500,0,0.0,0,0.0
EMP0061,2023-10,66500,0,0.0,0,0.0
EMP0061,2023-11,66500,0,0.0,0,0.0
EMP0061,2023-12,66500,0,0.0,0,0.0
EMP0062,2023-01,72500,0,0.0,0,0.0
EMP0062,2023-02,72500,15,10195.31,0,0.0
EMP0062,2023-03,72500,14,9515.62,11,7150.0
EMP0062,2023-04,72500,29,19710.94,0,0.0
EMP0062,2023-05,72500,5,3398.44,6,3900.0
EMP0062,2023-06,72500,0,0.0,0,0.0
EMP0062,2023-07,72500,18,12234.38,0,0.0
EMP0062,2023-08,72500,0,0.0,0,0.0
EMP0062,2023-09,72500,22,14953.12,0,0.0
EMP0062,2023-10,72500,0,0.0,0,0.0
EMP0062,2023-11,72500,0,0.0,0,0.0
EMP0062,2023-12,72500,29,19710.94,0,0.0
EMP0063,2023-01,52000,0,0.0,0,0.0
EMP0063,2023-02,52000,11,5362.5,10,6500.0
EMP0063,2023-03,52000,5,2437.5,0,0.0
EMP0063,2023-04,52000,0,0.0,11,7150.0
EMP0063,2023-05,52000,0,0.0,0,0.0
EMP0063,2023-06,52000,13,6337.5,6,3900.0
EMP0063,2023-07,52000,0,0.0,13,8450.0
EMP0063,2023-08,52000,0,0.0,0,0.0
EMP0063,2023-09,52000,0,0.0,15,9750.0
EMP0063,2023-10,52000,0,0.0,10,6500.0
EMP0063,2023-11,52000,0,0.0,0,0.0
EMP0063,2023-12,52000,0,0.0,0,0.0
EMP0064,2023-01,39500,15,5554.69,0,0.0
EMP0064,2023-02,39500,8,2962.5,0,0.0
EMP0064,2023-03,39500,11,4073.44,0,0.0
EMP0064,2023-04,39500,14,5184.38,0,0.0
EMP0064,2023-05,39500,12,4443.75,0,0.0
EMP0064,2023-06,39500,8,2962.5,0,0.0
EMP0064,2023-07,39500,14,5184.38,0,0.0
EMP0064,2023-08,39500,0,0.0,10,6500.0
EMP0064,2023-09,39500,5,1851.56,0,0.0
EMP0064,2023-10,39500,10,3703.12,0,0.0
EMP0064,2023-11,39500,0,0.0,4,2600.0
EMP0064,2023-12,39500,0,0.0,6,3900.0
EMP0065,2023-01,61000,0,0.0,0,0.0
EMP0065,2023-02,61000,0,0.0,11,7150.0
EMP0065,2023-03,61000,0,0.0,0,0.0
EMP0065,2023-04,61000,0,0.0,0,0.0
EMP0065,2023-05,61000,0,0.0,0,0.0
EMP0065,2023-06,61000,0,0.0,0,0.0
EMP0065,2023-07,61000,7,4003.12,9,5850.0
EMP0065,2023-08,61000,22,12581.25,0,0.0
EMP0065,2023-09,61000,8,4575.0,0,0.0
EMP0065,2023-10,61000,22,12581.25,16,10400.0
EMP0065,2023-11,61000,0,0.0,3,1950.0
EMP0065,2023-12,61000,15,8578.12,14,9100.0
EMP0066,2023-01,67500,0,0.0,13,8450.0
EMP0066,2023-02,67500,22,13921.88,0,0.0
EMP0066,2023-03,67500,0,0.0,0,0.0
EMP0066,2023-04,67500,0,0.0,0,0.0
EMP0066,2023-05,67500,0,0.0,0,0.0
EMP0066,2023-06,67500,0,0.0,0,0.0
EMP0066,2023-07,67500,0,0.0,0,0.0
EMP0066,2023-08,67500,0,0.0,0,0.0
EMP0066,2023-09,67500,0,0.0,0,0.0
EMP0066,2023-10,67500,0,0.0,5,3250.0
EMP0066,2023-11,67500,23,14554.69,0,0.0
EMP0066,2023-12,67500,0,0.0,0,0.0
EMP0067,2023-01,35000,0,0.0,0,0.0
EMP0067,2023-02,35000,22,7218.75,3,1950.0
EMP0067,2023-03,35000,21,6890.62,5,3250.0
EMP0067,2023-04,35000,0,0.0,6,3900.0
EMP0067,2023-05,35000,14,4593.75,3,1950.0
EMP0067,2023-06,35000,14,4593.75,12,7800.0
EMP0067,2023-07,35000,0,0.0,0,0.0
EMP0067,2023-08,35000,0,0.0,16,10400.0
EMP0067,2023-09,35000,0,0.0,0,0.0
EMP0067,2023-10,35000,4,1312.5,0,0.0
EMP0067,2023-11,35000,0,0.0,0,0.0
EMP0067,2023-12,35000,10,3281.25,0,0.0
EMP0068,2023-01,77000,28,20212.5,0,0.0
EMP0068,2023-02,77000,24,17325.0,0,0.0
EMP0068,2023-03,77000,9,6496.88,0,0.0
EMP0068,2023-04,77000,0,0.0,0,0.0
EMP0068,2023-05,77000,23,16603.12,5,3250.0
EMP0068,2023-06,77000,13,9384.38,0,0.0
EMP0068,2023-07,77000,0,0.0,0,0.0
EMP0068,2023-08,77000,0,0.0,8,5200.0
EMP0068,2023-09,77000,13,9384.38,0,0.0
EMP0068,2023-10,77000,0,0.0,3,1950.0
EMP0068,2023-11,77000,0,0.0,0,0.0
EMP0068,2023-12,77000,0,0.0,0,0.0
EMP0069,2023-01,55500,0,0.0,10,6500.0
EMP0069,2023-02,55500,0,0.0,0,0.0
EMP0069,2023-03,55500,26,13528.12,0,0.0
EMP0069,2023-04,55500,5,2601.56,3,1950.0
EMP0069,2023-05,55500,0,0.0,0,0.0
EMP0069,2023-06,55500,29,15089.06,0,0.0
EMP0069,2023-07,55500,0,0.0,0,0.0
EMP0069,2023-08,55500,0,0.0,0,0.0
EMP0069,2023-09,55500,0,0.0,0,0.0
EMP0069,2023-10,55500,6,3121.88,3,1950.0
EMP0069,2023-11,55500,0,0.0,0,0.0
EMP0069,2023-12,55500,0,0.0,4,2600.0
EMP0070,2023-01,58500,0,0.0,0,0.0
EMP0070,2023-02,58500,0,0.0,7,4550.0
EMP0070,2023-03,58500,30,16453.12,0,0.0
EMP0070,2023-04,58500,4,2193.75,2,1300.0
EMP0070,2023-05,58500,8,4387.5,0,0.0
EMP0070,2023-06,58500,0,0.0,0,0.0
EMP0070,2023-07,58500,0,0.0,12,7800.0
EMP0070,2023-08,58500,6,3290.62,0,0.0
EMP0070,2023-09,58500,0,0.0,8,5200.0
EMP0070,2023-10,58500,0,0.0,9,5850.0
EMP0070,2023-11,58500,18,9871.88,0,0.0
EMP0070,2023-12,58500,20,10968.75,0,0.0
EMP0071,2023-01,46500,0,0.0,0,0.0
EMP0071,2023-02,46500,28,12206.25,0,0.0
EMP0071,2023-03,46500,24,10462.5,0,0.0
EMP0071,2023-04,46500,15,6539.06,0,0.0
EMP0071,2023-05,46500,8,3487.5,0,0.0
EMP0071,2023-06,46500,22,9590.62,0,0.0
EMP0071,2023-07,46500,0,0.0,0,0.0
EMP0071,2023-08,46500,6,2615.62,0,0.0
EMP0071,2023-09,46500,0,0.0,0,0.0
EMP0071,2023-10,46500,0,0.0,0,0.0
EMP0071,2023-11,46500,12,5231.25,0,0.0
EMP0071,2023-12,46500,0,0.0,2,1300.0
EMP0072,2023-01,49500,11,5104.69,0,0.0
EMP0072,2023-02,49500,28,12993.75,4,2600.0
EMP0072,2023-03,49500,0,0.0,0,0.0
EMP0072,2023-04,49500,4,1856.25,6,3900.0
EMP0072,2023-05,49500,0,0.0,0,0.0
EMP0072,2023-06,49500,0,0.0,0,0.0
EMP0072,2023-07,49500,12,5568.75,0,0.0
EMP0072,2023-08,49500,0,0.0,14,9100.0
EMP0072,2023-09,49500,30,13921.88,0,0.0
EMP0072,2023-10,49500,23,10673.44,3,1950.0
EMP0072,2023-11,49500,0,0.0,0,0.0
EMP0072,2023-12,49500,4,1856.25,16,10400.0
EMP0073,2023-01,48000,6,2700.0,0,0.0
EMP0073,2023-02,48000,0,0.0,0,0.0
EMP0073,2023-03,48000,0,0.0,0,0.0
EMP0073,2023-04,48000,14,6300.0,0,0.0
EMP0073,2023-05,48000,0,0.0,0,0.0
EMP0073,2023-06,48000,0,0.0,0,0.0
EMP0073,2023-07,48000,0,0.0,0,0.0
EMP0073,2023-08,48000,0,0.0,13,8450.0
EMP0073,2023-09,48000,24,10800.0,9,5850.0
EMP0073,2023-10,48000,0,0.0,10,6500.0
EMP0073,2023-11,48000,0,0.0,9,5850.0
EMP0073,2023-12,48000,0,0.0,0,0.0
EMP0074,2023-01,55000,0,0.0,7,4550.0
EMP0074,2023-02,55000,7,3609.38,10,6500.0
EMP0074,2023-03,55000,0,0.0,0,0.0
EMP0074,2023-04,55000,0,0.0,10,6500.0
EMP0074,2023-05,55000,0,0.0,0,0.0
EMP0074,2023-06,55000,15,7734.38,0,0.0
EMP0074,2023-07,55000,0,0.0,12,7800.0
EMP0074,2023-08,55000,0,0.0,3,1950.0
EMP0074,2023-09,55000,28,14437.5,0,0.0
EMP0074,2023-10,55000,9,4640.62,0,0.0
EMP0074,2023-11,55000,0,0.0,0,0.0
EMP0074,2023-12,55000,29,14953.12,3,1950.0
EMP0075,2023-01,73000,0,0.0,14,9100.0
EMP0075,2023-02,73000,0,0.0,0,0.0
EMP0075,2023-03,73000,0,0.0,0,0.0
EMP0075,2023-04,73000,0,0.0,3,1950.0
EMP0075,2023-05,73000,0,0.0,0,0.0
EMP0075,2023-06,73000,0,0.0,12,7800.0
EMP0075,2023-07,73000,0,0.0,3,1950.0
EMP0075,2023-08,73000,0,0.0,0,0.0
EMP0075,2023-09,73000,0,0.0,0,0.0
EMP0075,2023-10,73000,0,0.0,0,0.0
EMP0075,2023-11,73000,0,0.0,0,0.0
EMP0075,2023-12,73000,0,0.0,15,9750.0
EMP0076,2023-01,77500,12,8718.75,3,1950.0
EMP0076,2023-02,77500,0,0.0,0,0.0
EMP0076,2023-03,77500,0,0.0,0,0.0
EMP0076,2023-04,77500,14,10171.88,14,9100.0
EMP0076,2023-05,77500,22,15984.38,10,6500.0
EMP0076,2023-06,77500,0,0.0,0,0.0
EMP0076,2023-07,77500,0,0.0,0,0.0
EMP0076,2023-08,77500,0,0.0,14,9100.0
EMP0076,2023-09,77500,6,4359.38,0,0.0
EMP0076,2023-10,77500,24,17437.5,0,0.0
EMP0076,2023-11,77500,0,0.0,2,1300.0
EMP0076,2023-12,77500,7,5085.94,0,0.0
EMP0077,2023-01,87500,0,0.0,3,1950.0
EMP0077,2023-02,87500,10,8203.12,16,10400.0
EMP0077,2023-03,87500,0,0.0,0,0.0
EMP0077,2023-04,87500,16,13125.0,5,3250.0
EMP0077,2023-05,87500,15,12304.69,0,0.0
EMP0077,2023-06,87500,0,0.0,0,0.0
EMP0077,2023-07,87500,0,0.0,0,0.0
EMP0077,2023-08,87500,0,0.0,8,5200.0
EMP0077,2023-09,87500,0,0.0,0,0.0
EMP0077,2023-10,87500,0,0.0,0,0.0
EMP0077,2023-11,87500,20,16406.25,0,0.0
EMP0077,2023-12,87500,0,0.0,0,0.0
EMP0078,2023-01,68500,0,0.0,0,0.0
EMP0078,2023-02,68500,0,0.0,15,9750.0
EMP0078,2023-03,68500,13,8348.44,0,0.0
EMP0078,2023-04,68500,0,0.0,0,0.0
EMP0078,2023-05,68500,0,0.0,0,0.0
EMP0078,2023-06,68500,0,0.0,15,9750.0
EMP0078,2023-07,68500,23,14770.31,7,4550.0
EMP0078,2023-08,68500,30,19265.62,0,0.0
EMP0078,2023-09,68500,12,7706.25,0,0.0
EMP0078,2023-10,68500,0,0.0,15,9750.0
EMP0078,2023-11,68500,4,2568.75,0,0.0
EMP0078,2023-12,68500,0,0.0,12,7800.0
EMP0079,2023-01,36500,0,0.0,10,6500.0
EMP0079,2023-02,36500,0,0.0,0,0.0
EMP0079,2023-03,36500,9,3079.69,0,0.0
EMP0079,2023-04,36500,11,3764.06,0,0.0
EMP0079,2023-05,36500,0,0.0,0,0.0
EMP0079,2023-06,36500,0,0.0,12,7800.0
EMP0079,2023-07,36500,0,0.0,0,0.0
EMP0079,2023-08,36500,21,7185.94,8,5200.0
EMP0079,2023-09,36500,0,0.0,0,0.0
EMP0079,2023-10,36500,19,6501.56,16,10400.0
EMP0079,2023-11,36500,12,4106.25,0,0.0
EMP0079,2023-12,36500,4,1368.75,0,0.0
EMP0080,2023-01,76500,0,0.0,11,7150.0
EMP0080,2023-02,76500,8,5737.5,0,0.0
EMP0080,2023-03,76500,0,0.0,0,0.0
EMP0080,2023-04,76500,0,0.0,0,0.0
EMP0080,2023-05,76500,0,0.0,0,0.0
EMP0080,2023-06,76500,0,0.0,0,0.0
EMP0080,2023-07,76500,12,8606.25,0,0.0
EMP0080,2023-08,76500,0,0.0,0,0.0
EMP0080,2023-09,76500,0,0.0,15,9750.0
EMP0080,2023-10,76500,0,0.0,0,0.0
EMP0080,2023-11,76500,0,0.0,14,9100.0
EMP0080,2023-12,76500,28,20081.25,8,5200.0
EMP0081,2023-01,73500,25,17226.56,0,0.0
EMP0081,2023-02,73500,0,0.0,5,3250.0
EMP0081,2023-03,73500,20,13781.25,0,0.0
EMP0081,2023-04,73500,0,0.0,12,7800.0
EMP0081,2023-05,73500,5,3445.31,0,0.0
EMP0081,2023-06,73500,6,4134.38,0,0.0
EMP0081,2023-07,73500,0,0.0,0,0.0
EMP0081,2023-08,73500,0,0.0,9,5850.0
EMP0081,2023-09,73500,12,8268.75,0,0.0
EMP0081,2023-10,73500,23,15848.44,9,5850.0
EMP0081,2023-11,73500,0,0.0,0,0.0
EMP0081,2023-12,73500,0,0.0,0,0.0
EMP0082,2023-01,51000,6,2868.75,13,8450.0
EMP0082,2023-02,51000,0,0.0,0,0.0
EMP0082,2023-03,51000,13,6215.62,0,0.0
EMP0082,2023-04,51000,4,1912.5,0,0.0
EMP0082,2023-05,51000,0,0.0,0,0.0
EMP0082,2023-06,51000,0,0.0,9,5850.0
EMP0082,2023-07,51000,0,0.0,4,2600.0
EMP0082,2023-08,51000,0,0.0,7,4550.0
EMP0082,2023-09,51000,0,0.0,0,0.0
EMP0082,2023-10,51000,0,0.0,0,0.0
EMP0082,2023-11,51000,0,0.0,9,5850.0
EMP0082,2023-12,51000,0,0.0,0,0.0
EMP0083,2023-01,38000,0,0.0,0,0.0
EMP0083,2023-02,38000,19,6768.75,0,0.0
EMP0083,2023-03,38000,0,0.0,0,0.0
EMP0083,2023-04,38000,0,0.0,0,0.0
EMP0083,2023-05,38000,20,7125.0,0,0.0
EMP0083,2023-06,38000,0,0.0,0,0.0
EMP0083,2023-07,38000,0,0.0,0,0.0
EMP0083,2023-08,38000,14,4987.5,0,0.0
EMP0083,2023-09,38000,27,9618.75,8,5200.0
EMP0083,2023-10,38000,8,2850.0,9,5850.0
EMP0083,2023-11,38000,0,0.0,3,1950.0
EMP0083,2023-12,38000,21,7481.25,0,0.0
EMP0084,2023-01,63000,29,17128.12,16,10400.0
EMP0084,2023-02,63000,5,2953.12,0,0.0
EMP0084,2023-03,63000,14,8268.75,0,0.0
EMP0084,2023-04,63000,0,0.0,0,0.0
EMP0084,2023-05,63000,20,11812.5,0,0.0
EMP0084,2023-06,63000,18,10631.25,0,0.0
EMP0084,2023-07,63000,22,12993.75,0,0.0
EMP0084,2023-08,63000,0,0.0,0,0.0
EMP0084,2023-09,63000,28,16537.5,0,0.0
EMP0084,2023-10,63000,17,10040.62,0,0.0
EMP0084,2023-11,63000,0,0.0,0,0.0
EMP0084,2023-12,63000,0,0.0,0,0.0
EMP0085,2023-01,49500,10,4640.62,0,0.0
EMP0085,2023-02,49500,15,6960.94,0,0.0
EMP0085,2023-03,49500,17,7889.06,0,0.0
EMP0085,2023-04,49500,0,0.0,0,0.0
EMP0085,2023-05,49500,12,5568.75,0,0.0
EMP0085,2023-06,49500,0,0.0,0,0.0
EMP0085,2023-07,49500,19,8817.19,14,9100.0
EMP0085,2023-08,49500,28,12993.75,0,0.0
EMP0085,2023-09,49500,0,0.0,0,0.0
EMP0085,2023-10,49500,6,2784.38,0,0.0
EMP0085,2023-11,49500,0,0.0,0,0.0
EMP0085,2023-12,49500,0,0.0,0,0.0
EMP0086,2023-01,85500,0,0.0,0,0.0
EMP0086,2023-02,85500,0,0.0,0,0.0
EMP0086,2023-03,85500,0,0.0,0,0.0
EMP0086,2023-04,85500,29,23245.31,0,0.0
EMP0086,2023-05,85500,0,0.0,0,0.0
EMP0086,2023-06,85500,0,0.0,16,10400.0
EMP0086,2023-07,85500,30,24046.88,0,0.0
EMP0086,2023-08,85500,19,15229.69,0,0.0
EMP0086,2023-09,85500,29,23245.31,0,0.0
EMP0086,2023-10,85500,0,0.0,0,0.0
EMP0086,2023-11,85500,0,0.0,0,0.0
EMP0086,2023-12,85500,25,20039.06,0,0.0
EMP0087,2023-01,62500,22,12890.62,10,6500.0
EMP0087,2023-02,62500,0,0.0,0,0.0
EMP0087,2023-03,62500,0,0.0,0,0.0
EMP0087,2023-04,62500,0,0.0,0,0.0
EMP0087,2023-05,62500,0,0.0,16,10400.0
EMP0087,2023-06,62500,0,0.0,0,0.0
EMP0087,2023-07,62500,0,0.0,0,0.0
EMP0087,2023-08,62500,18,10546.88,8,5200.0
EMP0087,2023-09,62500,0,0.0,0,0.0
EMP0087,2023-10,62500,0,0.0,0,0.0
EMP0087,2023-11,62500,0,0.0,0,0.0
EMP0087,2023-12,62500,27,15820.31,16,10400.0
EMP0088,2023-01,77500,30,21796.88,0,0.0
EMP0088,2023-02,77500,0,0.0,0,0.0
EMP0088,2023-03,77500,29,21070.31,4,2600.0
EMP0088,2023-04,77500,21,15257.81,11,7150.0
EMP0088,2023-05,77500,0,0.0,16,10400.0
EMP0088,2023-06,77500,6,4359.38,6,3900.0
EMP0088,2023-07,77500,0,0.0,0,0.0
EMP0088,2023-08,77500,7,5085.94,0,0.0
EMP0088,2023-09,77500,0,0.0,0,0.0
EMP0088,2023-10,77500,0,0.0,0,0.0
EMP0088,2023-11,77500,0,0.0,0,0.0
EMP0088,2023-12,77500,0,0.0,0,0.0
EMP0089,2023-01,78500,0,0.0,0,0.0
EMP0089,2023-02,78500,23,16926.56,0,0.0
EMP0089,2023-03,78500,0,0.0,0,0.0
EMP0089,2023-04,78500,12,8831.25,0,0.0
EMP0089,2023-05,78500,22,16190.62,0,0.0
EMP0089,2023-06,78500,0,0.0,0,0.0
EMP0089,2023-07,78500,0,0.0,0,0.0
EMP0089,2023-08,78500,0,0.0,5,3250.0
EMP0089,2023-09,78500,0,0.0,0,0.0
EMP0089,2023-10,78500,15,11039.06,0,0.0
EMP0089,2023-11,78500,0,0.0,0,0.0
EMP0089,2023-12,78500,26,19134.38,10,6500.0
EMP0090,2023-01,35000,0,0.0,0,0.0
EMP0090,2023-02,35000,0,0.0,0,0.0
EMP0090,2023-03,35000,0,0.0,0,0.0
EMP0090,2023-04,35000,0,0.0,11,7150.0
EMP0090,2023-05,35000,23,7546.88,0,0.0
EMP0090,2023-06,35000,0,0.0,0,0.0
EMP0090,2023-07,35000,16,5250.0,0,0.0
EMP0090,2023-08,35000,0,0.0,0,0.0
EMP0090,2023-09,35000,0,0.0,0,0.0
EMP0090,2023-10,35000,23,7546.88,0,0.0
EMP0090,2023-11,35000,0,0.0,4,2600.0
EMP0090,2023-12,35000,4,1312.5,10,6500.0
EMP0091,2023-01,61500,24,13837.5,0,0.0
EMP0091,2023-02,61500,0,0.0,0,0.0
EMP0091,2023-03,61500,0,0.0,0,0.0
EMP0091,2023-04,61500,0,0.0,0,0.0
EMP0091,2023-05,61500,0,0.0,0,0.0
EMP0091,2023-06,61500,0,0.0,0,0.0
EMP0091,2023-07,61500,0,0.0,0,0.0
EMP0091,2023-08,61500,30,17296.88,0,0.0
EMP0091,2023-09,61500,0,0.0,8,5200.0
EMP0091,2023-10,61500,0,0.0,0,0.0
EMP0091,2023-11,61500,0,0.0,0,0.0
EMP0091,2023-12,61500,0,0.0,0,0.0
EMP0092,2023-01,56500,26,13771.88,0,0.0
EMP0092,2023-02,56500,21,11123.44,11,7150.0
EMP0092,2023-03,56500,4,2118.75,0,0.0
EMP0092,2023-04,56500,0,0.0,0,0.0
EMP0092,2023-05,56500,17,9004.69,0,0.0
EMP0092,2023-06,56500,0,0.0,12,7800.0
EMP0092,2023-07,56500,0,0.0,0,0.0
EMP0092,2023-08,56500,0,0.0,0,0.0
EMP0092,2023-09,56500,24,12712.5,6,3900.0
EMP0092,2023-10,56500,0,0.0,0,0.0
EMP0092,2023-11,56500,0,0.0,0,0.0
EMP0092,2023-12,56500,0,0.0,0,0.0
EMP0093,2023-01,50000,20,9375.0,12,7800.0
EMP0093,2023-02,50000,28,13125.0,0,0.0
EMP0093,2023-03,50000,0,0.0,0,0.0
EMP0093,2023-04,50000,0,0.0,0,0.0
EMP0093,2023-05,50000,22,10312.5,0,0.0
EMP0093,2023-06,50000,0,0.0,9,5850.0
EMP0093,2023-07,50000,0,0.0,0,0.0
EMP0093,2023-08,50000,0,0.0,0,0.0
EMP0093,2023-09,50000,0,0.0,0,0.0
EMP0093,2023-10,50000,24,11250.0,0,0.0
EMP0093,2023-11,50000,8,3750.0,0,0.0
EMP0093,2023-12,50000,25,11718.75,2,1300.0
EMP0094,2023-01,92000,0,0.0,0,0.0
EMP0094,2023-02,92000,29,25012.5,0,0.0
EMP0094,2023-03,92000,0,0.0,9,5850.0
EMP0094,2023-04,92000,11,9487.5,0,0.0
EMP0094,2023-05,92000,0,0.0,11,7150.0
EMP0094,2023-06,92000,0,0.0,0,0.0
EMP0094,2023-07,92000,0,0.0,5,3250.0
EMP0094,2023-08,92000,0,0.0,7,4550.0
EMP0094,2023-09,92000,0,0.0,0,0.0
EMP0094,2023-10,92000,21,18112.5,0,0.0
EMP0094,2023-11,92000,20,17250.0,0,0.0
EMP0094,2023-12,92000,0,0.0,0,0.0
EMP0095,2023-01,66500,0,0.0,11,7150.0
EMP0095,2023-02,66500,0,0.0,16,10400.0
EMP0095,2023-03,66500,11,6857.81,0,0.0
EMP0095,2023-04,66500,0,0.0,10,6500.0
EMP0095,2023-05,66500,12,7481.25,5,3250.0
EMP0095,2023-06,66500,10,6234.38,0,0.0
EMP0095,2023-07,66500,0,0.0,6,3900.0
EMP0095,2023-08,66500,0,0.0,11,7150.0
EMP0095,2023-09,66500,19,11845.31,0,0.0
EMP0095,2023-10,66500,27,16832.81,0,0.0
EMP0095,2023-11,66500,20,12468.75,0,0.0
EMP0095,2023-12,66500,7,4364.06,5,3250.0
EMP0096,2023-01,50500,0,0.0,0,0.0
EMP0096,2023-02,50500,5,2367.19,0,0.0
EMP0096,2023-03,50500,0,0.0,0,0.0
EMP0096,2023-04,50500,0,0.0,0,0.0
EMP0096,2023-05,50500,9,4260.94,0,0.0
EMP0096,2023-06,50500,0,0.0,0,0.0
EMP0096,2023-07,50500,21,9942.19,0,0.0
EMP0096,2023-08,50500,10,4734.38,0,0.0
EMP0096,2023-09,50500,0,0.0,0,0.0
EMP0096,2023-10,50500,0,0.0,0,0.0
EMP0096,2023-11,50500,6,2840.62,7,4550.0
EMP0096,2023-12,50500,0,0.0,0,0.0
EMP0097,2023-01,51000,26,12431.25,7,4550.0
EMP0097,2023-02,51000,26,12431.25,0,0.0
EMP0097,2023-03,51000,0,0.0,0,0.0
EMP0097,2023-04,51000,0,0.0,0,0.0
EMP0097,2023-05,51000,19,9084.38,11,7150.0
EMP0097,2023-06,51000,0,0.0,0,0.0
EMP0097,2023-07,51000,22,10518.75,0,0.0
EMP0097,2023-08,51000,12,5737.5,3,1950.0
EMP0097,2023-09,51000,0,0.0,10,6500.0
EMP0097,2023-10,51000,0,0.0,0,0.0
EMP0097,2023-11,51000,0,0.0,11,7150.0
EMP0097,2023-12,51000,0,0.0,5,3250.0
EMP0098,2023-01,55500,0,0.0,0,0.0
EMP0098,2023-02,55500,0,0.0,0,0.0
EMP0098,2023-03,55500,23,11967.19,0,0.0
EMP0098,2023-04,55500,29,15089.06,0,0.0
EMP0098,2023-05,55500,6,3121.88,0,0.0
EMP0098,2023-06,55500,0,0.0,0,0.0
EMP0098,2023-07,55500,0,0.0,0,0.0
EMP0098,2023-08,55500,0,0.0,0,0.0
EMP0098,2023-09,55500,0,0.0,0,0.0
EMP0098,2023-10,55500,15,7804.69,0,0.0
EMP0098,2023-11,55500,0,0.0,0,0.0
EMP0098,2023-12,55500,0,0.0,0,0.0
EMP0099,2023-01,45500,0,0.0,0,0.0
EMP0099,2023-02,45500,20,8531.25,0,0.0
EMP0099,2023-03,45500,12,5118.75,0,0.0
EMP0099,2023-04,45500,14,5971.88,12,7800.0
EMP0099,2023-05,45500,0,0.0,15,9750.0
EMP0099,2023-06,45500,0,0.0,8,5200.0
EMP0099,2023-07,45500,0,0.0,0,0.0
EMP0099,2023-08,45500,0,0.0,5,3250.0
EMP0099,2023-09,45500,0,0.0,0,0.0
EMP0099,2023-10,45500,0,0.0,0,0.0
EMP0099,2023-11,45500,0,0.0,0,0.0
EMP0099,2023-12,45500,25,10664.06,0,0.0
EMP0100,2023-01,51000,0,0.0,0,0.0
EMP0100,2023-02,51000,0,0.0,0,0.0
EMP0100,2023-03,51000,0,0.0,0,0.0
EMP0100,2023-04,51000,0,0.0,0,0.0
EMP0100,2023-05,51000,27,12909.38,0,0.0
EMP0100,2023-06,51000,7,3346.88,11,7150.0
EMP0100,2023-07,51000,0,0.0,0,0.0
EMP0100,2023-08,51000,0,0.0,7,4550.0
EMP0100,2023-09,51000,13,6215.62,0,0.0
EMP0100,2023-10,51000,25,11953.12,14,9100.0
EMP0100,2023-11,51000,0,0.0,0,0.0
EMP0100,2023-12,51000,0,0.0,0,0.0
EMP0101,2023-01,48000,0,0.0,0,0.0
EMP0101,2023-02,48000,0,0.0,14,9100.0
EMP0101,2023-03,48000,7,3150.0,0,0.0
EMP0101,2023-04,48000,22,9900.0,13,8450.0
EMP0101,2023-05,48000,8,3600.0,0,0.0
EMP0101,2023-06,48000,0,0.0,0,0.0
EMP0101,2023-07,48000,0,0.0,10,6500.0
EMP0101,2023-08,48000,0,0.0,0,0.0
EMP0101,2023-09,48000,27,12150.0,0,0.0
EMP0101,2023-10,48000,0,0.0,0,0.0
EMP0101,2023-11,48000,4,1800.0,8,5200.0
EMP0101,2023-12,48000,4,1800.0,16,10400.0
EMP0102,2023-01,45000,0,0.0,0,0.0
EMP0102,2023-02,45000,7,2953.12,0,0.0
EMP0102,2023-03,45000,23,9703.12,14,9100.0
EMP0102,2023-04,45000,0,0.0,0,0.0
EMP0102,2023-05,45000,0,0.0,0,0.0
EMP0102,2023-06,45000,0,0.0,0,0.0
EMP0102,2023-07,45000,30,12656.25,5,3250.0
EMP0102,2023-08,45000,0,0.0,0,0.0
EMP0102,2023-09,45000,8,3375.0,0,0.0
EMP0102,2023-10,45000,7,2953.12,3,1950.0
EMP0102,2023-11,45000,0,0.0,0,0.0
EMP0102,2023-12,45000,0,0.0,4,2600.0
EMP0103,2023-01,55500,0,0.0,3,1950.0
EMP0103,2023-02,55500,6,3121.88,0,0.0
EMP0103,2023-03,55500,0,0.0,0,0.0
EMP0103,2023-04,55500,6,3121.88,12,7800.0
EMP0103,2023-05,55500,0,0.0,0,0.0
EMP0103,2023-06,55500,12,6243.75,0,0.0
EMP0103,2023-07,55500,0,0.0,0,0.0
EMP0103,2023-08,55500,0,0.0,0,0.0
EMP0103,2023-09,55500,12,6243.75,12,7800.0
EMP0103,2023-10,55500,0,0.0,3,1950.0
EMP0103,2023-11,55500,20,10406.25,4,2600.0
EMP0103,2023-12,55500,14,7284.38,13,8450.0
EMP0104,2023-01,68000,0,0.0,0,0.0
EMP0104,2023-02,68000,0,0.0,0,0.0
EMP0104,2023-03,68000,0,0.0,10,6500.0
EMP0104,2023-04,68000,0,0.0,9,5850.0
EMP0104,2023-05,68000,0,0.0,15,9750.0
EMP0104,2023-06,68000,0,0.0,0,0.0
EMP0104,2023-07,68000,6,3825.0,13,8450.0
EMP0104,2023-08,68000,9,5737.5,9,5850.0
EMP0104,2023-09,68000,0,0.0,10,6500.0
EMP0104,2023-10,68000,23,14662.5,0,0.0
EMP0104,2023-11,68000,0,0.0,0,0.0
EMP0104,2023-12,68000,0,0.0,5,3250.0
EMP0105,2023-01,67500,16,10125.0,0,0.0
EMP0105,2023-02,67500,28,17718.75,0,0.0
EMP0105,2023-03,67500,0,0.0,0,0.0
EMP0105,2023-04,67500,0,0.0,4,2600.0
EMP0105,2023-05,67500,25,15820.31,5,3250.0
EMP0105,2023-06,67500,0,0.0,16,10400.0
EMP0105,2023-07,67500,0,0.0,0,0.0
EMP0105,2023-08,67500,27,17085.94,7,4550.0
EMP0105,2023-09,67500,8,5062.5,6,3900.0
EMP0105,2023-10,67500,0,0.0,0,0.0
EMP0105,2023-11,67500,0,0.0,13,8450.0
EMP0105,2023-12,67500,0,0.0,0,0.0
EMP0106,2023-01,61000,27,15440.62,16,10400.0
EMP0106,2023-02,61000,19,10865.62,0,0.0
EMP0106,2023-03,61000,0,0.0,0,0.0
EMP0106,2023-04,61000,24,13725.0,0,0.0
EMP0106,2023-05,61000,26,14868.75,12,7800.0
EMP0106,2023-06,61000,0,0.0,0,0.0
EMP0106,2023-07,61000,12,6862.5,0,0.0
EMP0106,2023-08,61000,0,0.0,14,9100.0
EMP0106,2023-09,61000,27,15440.62,0,0.0
EMP0106,2023-10,61000,20,11437.5,0,0.0
EMP0106,2023-11,61000,0,0.0,14,9100.0
EMP0106,2023-12,61000,0,0.0,0,0.0
EMP0107,2023-01,76000,0,0.0,0,0.0
EMP0107,2023-02,76000,0,0.0,0,0.0
EMP0107,2023-03,76000,0,0.0,0,0.0
EMP0107,2023-04,76000,0,0.0,15,9750.0
EMP0107,2023-05,76000,0,0.0,2,1300.0
EMP0107,2023-06,76000,10,7125.0,0,0.0
EMP0107,2023-07,76000,0,0.0,0,0.0
EMP0107,2023-08,76000,24,17100.0,0,0.0
EMP0107,2023-09,76000,0,0.0,0,0.0
EMP0107,2023-10,76000,0,0.0,4,2600.0
EMP0107,2023-11,76000,0,0.0,0,0.0
EMP0107,2023-12,76000,26,18525.0,0,0.0
EMP0108,2023-01,75000,0,0.0,15,9750.0
EMP0108,2023-02,75000,21,14765.62,2,1300.0
EMP0108,2023-03,75000,24,16875.0,15,9750.0
EMP0108,2023-04,75000,0,0.0,0,0.0
EMP0108,2023-05,75000,0,0.0,0,0.0
EMP0108,2023-06,75000,0,0.0,10,6500.0
EMP0108,2023-07,75000,10,7031.25,0,0.0
EMP0108,2023-08,75000,30,21093.75,4,2600.0
EMP0108,2023-09,75000,30,21093.75,0,0.0
EMP0108,2023-10,75000,22,15468.75,0,0.0
EMP0108,2023-11,75000,11,7734.38,9,5850.0
EMP0108,2023-12,75000,5,3515.62,0,0.0
EMP0109,2023-01,71000,4,2662.5,3,1950.0
EMP0109,2023-02,71000,0,0.0,0,0.0
EMP0109,2023-03,71000,0,0.0,0,0.0
EMP0109,2023-04,71000,0,0.0,0,0.0
EMP0109,2023-05,71000,0,0.0,0,0.0
EMP0109,2023-06,71000,19,12646.88,0,0.0
EMP0109,2023-07,71000,30,19968.75,0,0.0
EMP0109,2023-08,71000,22,14643.75,0,0.0
EMP0109,2023-09,71000,0,0.0,0,0.0
EMP0109,2023-10,71000,0,0.0,0,0.0
EMP0109,2023-11,71000,10,6656.25,2,1300.0
EMP0109,2023-12,71000,0,0.0,0,0.0
EMP0110,2023-01,52000,17,8287.5,9,5850.0
EMP0110,2023-02,52000,0,0.0,0,0.0
EMP0110,2023-03,52000,17,8287.5,0,0.0
EMP0110,2023-04,52000,6,2925.0,0,0.0
EMP0110,2023-05,52000,0,0.0,15,9750.0
EMP0110,2023-06,52000,0,0.0,8,5200.0
EMP0110,2023-07,52000,8,3900.0,2,1300.0
EMP0110,2023-08,52000,9,4387.5,0,0.0
EMP0110,2023-09,52000,14,6825.0,0,0.0
EMP0110,2023-10,52000,0,0.0,0,0.0
EMP0110,2023-11,52000,18,8775.0,0,0.0
EMP0110,2023-12,52000,5,2437.5,16,10400.0
EMP0111,2023-01,56500,0,0.0,0,0.0
EMP0111,2023-02,56500,7,3707.81,0,0.0
EMP0111,2023-03,56500,0,0.0,0,0.0
EMP0111,2023-04,56500,0,0.0,0,0.0
EMP0111,2023-05,56500,24,12712.5,0,0.0
EMP0111,2023-06,56500,10,5296.88,6,3900.0
EMP0111,2023-07,56500,0,0.0,0,0.0
EMP0111,2023-08,56500,0,0.0,0,0.0
EMP0111,2023-09,56500,0,0.0,8,5200.0
EMP0111,2023-10,56500,0,0.0,10,6500.0
EMP0111,2023-11,56500,10,5296.88,0,0.0
EMP0111,2023-12,56500,0,0.0,0,0.0
EMP0112,2023-01,52000,10,4875.0,10,6500.0
EMP0112,2023-02,52000,0,0.0,10,6500.0
EMP0112,2023-03,52000,15,7312.5,0,0.0
EMP0112,2023-04,52000,0,0.0,11,7150.0
EMP0112,2023-05,52000,16,7800.0,0,0.0
EMP0112,2023-06,52000,24,11700.0,0,0.0
EMP0112,2023-07,52000,0,0.0,0,0.0
EMP0112,2023-08,52000,18,8775.0,0,0.0
EMP0112,2023-09,52000,0,0.0,0,0.0
EMP0112,2023-10,52000,22,10725.0,0,0.0
EMP0112,2023-11,52000,0,0.0,15,9750.0
EMP0112,2023-12,52000,0,0.0,0,0.0
EMP0113,2023-01,46000,0,0.0,9,5850.0
EMP0113,2023-02,46000,0,0.0,0,0.0
EMP0113,2023-03,46000,5,2156.25,0,0.0
EMP0113,2023-04,46000,26,11212.5,0,0.0
EMP0113,2023-05,46000,0,0.0,9,5850.0
EMP0113,2023-06,46000,0,0.0,0,0.0
EMP0113,2023-07,46000,0,0.0,15,9750.0
EMP0113,2023-08,46000,0,0.0,0,0.0
EMP0113,2023-09,46000,6,2587.5,0,0.0
EMP0113,2023-10,46000,0,0.0,7,4550.0
EMP0113,2023-11,46000,0,0.0,0,0.0
EMP0113,2023-12,46000,28,12075.0,0,0.0
EMP0114,2023-01,53500,21,10532.81,0,0.0
EMP0114,2023-02,53500,16,8025.0,11,7150.0
EMP0114,2023-03,53500,10,5015.62,4,2600.0
EMP0114,2023-04,53500,0,0.0,13,8450.0
EMP0114,2023-05,53500,0,0.0,14,9100.0
EMP0114,2023-06,53500,0,0.0,3,1950.0
EMP0114,2023-07,53500,0,0.0,0,0.0
EMP0114,2023-08,53500,22,11034.38,15,9750.0
EMP0114,2023-09,53500,13,6520.31,0,0.0
EMP0114,2023-10,53500,0,0.0,16,10400.0
EMP0114,2023-11,53500,0,0.0,0,0.0
EMP0114,2023-12,53500,30,15046.88,0,0.0
EMP0115,2023-01,64500,19,11489.06,0,0.0
EMP0115,2023-02,64500,0,0.0,0,0.0
EMP0115,2023-03,64500,0,0.0,0,0.0
EMP0115,2023-04,64500,0,0.0,0,0.0
EMP0115,2023-05,64500,0,0.0,0,0.0
EMP0115,2023-06,64500,27,16326.56,0,0.0
EMP0115,2023-07,64500,15,9070.31,0,0.0
EMP0115,2023-08,64500,4,2418.75,0,0.0
EMP0115,2023-09,64500,0,0.0,0,0.0
EMP0115,2023-10,64500,0,0.0,0,0.0
EMP0115,2023-11,64500,0,0.0,0,0.0
EMP0115,2023-12,64500,8,4837.5,4,2600.0
EMP0116,2023-01,45000,7,2953.12,6,3900.0
EMP0116,2023-02,45000,0,0.0,0,0.0
EMP0116,2023-03,45000,0,0.0,0,0.0
EMP0116,2023-04,45000,23,9703.12,2,1300.0
EMP0116,2023-05,45000,6,2531.25,0,0.0
EMP0116,2023-06,45000,20,8437.5,2,1300.0
EMP0116,2023-07,45000,13,5484.38,10,6500.0
EMP0116,2023-08,45000,0,0.0,0,0.0
EMP0116,2023-09,45000,21,8859.38,0,0.0
EMP0116,2023-10,45000,0,0.0,7,4550.0
EMP0116,2023-11,45000,0,0.0,16,10400.0
EMP0116,2023-12,45000,0,0.0,0,0.0
EMP0117,2023-01,48000,15,6750.0,0,0.0
EMP0117,2023-02,48000,29,13050.0,9,5850.0
EMP0117,2023-03,48000,11,4950.0,4,2600.0
EMP0117,2023-04,48000,0,0.0,15,9750.0
EMP0117,2023-05,48000,27,12150.0,0,0.0
EMP0117,2023-06,48000,0,0.0,16,10400.0
EMP0117,2023-07,48000,0,0.0,4,2600.0
EMP0117,2023-08,48000,0,0.0,0,0.0
EMP0117,2023-09,48000,0,0.0,0,0.0
EMP0117,2023-10,48000,0,0.0,6,3900.0
EMP0117,2023-11,48000,0,0.0,0,0.0
EMP0117,2023-12,48000,0,0.0,0,0.0
EMP0118,2023-01,47000,0,0.0,0,0.0
EMP0118,2023-02,47000,19,8371.88,0,0.0
EMP0118,2023-03,47000,21,9253.12,0,0.0
EMP0118,2023-04,47000,0,0.0,0,0.0
EMP0118,2023-05,47000,0,0.0,0,0.0
EMP0118,2023-06,47000,0,0.0,0,0.0
EMP0118,2023-07,47000,11,4846.88,0,0.0
EMP0118,2023-08,47000,15,6609.38,0,0.0
EMP0118,2023-09,47000,0,0.0,0,0.0
EMP0118,2023-10,47000,0,0.0,0,0.0
EMP0118,2023-11,47000,0,0.0,0,0.0
EMP0118,2023-12,47000,0,0.0,0,0.0
EMP0119,2023-01,41000,0,0.0,0,0.0
EMP0119,2023-02,41000,12,4612.5,0,0.0
EMP0119,2023-03,41000,0,0.0,0,0.0
EMP0119,2023-04,41000,0,0.0,4,2600.0
EMP0119,2023-05,41000,6,2306.25,0,0.0
EMP0119,2023-06,41000,0,0.0,0,0.0
EMP0119,2023-07,41000,0,0.0,0,0.0
EMP0119,2023-08,41000,25,9609.38,0,0.0
EMP0119,2023-09,41000,27,10378.12,0,0.0
EMP0119,2023-10,41000,21,8071.88,0,0.0
EMP0119,2023-11,41000,25,9609.38,0,0.0
EMP0119,2023-12,41000,0,0.0,0,0.0
EMP0120,2023-01,49500,0,0.0,0,0.0
EMP0120,2023-02,49500,0,0.0,0,0.0
EMP0120,2023-03,49500,0,0.0,0,0.0
EMP0120,2023-04,49500,12,5568.75,0,0.0
EMP0120,2023-05,49500,19,8817.19,0,0.0
EMP0120,2023-06,49500,11,5104.69,0,0.0
EMP0120,2023-07,49500,0,0.0,0,0.0
EMP0120,2023-08,49500,17,7889.06,0,0.0
EMP0120,2023-09,49500,0,0.0,0,0.0
EMP0120,2023-10,49500,0,0.0,0,0.0
EMP0120,2023-11,49500,0,0.0,0,0.0
EMP0120,2023-12,49500,0,0.0,0,0.0
EMP0121,2023-01,55500,0,0.0,7,4550.0
EMP0121,2023-02,55500,21,10926.56,11,7150.0
EMP0121,2023-03,55500,0,0.0,0,0.0
EMP0121,2023-04,55500,0,0.0,0,0.0
EMP0121,2023-05,55500,0,0.0,0,0.0
EMP0121,2023-06,55500,0,0.0,0,0.0
EMP0121,2023-07,55500,0,0.0,0,0.0
EMP0121,2023-08,55500,0,0.0,5,3250.0
EMP0121,2023-09,55500,0,0.0,8,5200.0
EMP0121,2023-10,55500,10,5203.12,7,4550.0
EMP0121,2023-11,55500,28,14568.75,0,0.0
EMP0121,2023-12,55500,0,0.0,0,0.0
EMP0122,2023-01,53500,13,6520.31,0,0.0
EMP0122,2023-02,53500,13,6520.31,0,0.0
EMP0122,2023-03,53500,7,3510.94,0,0.0
EMP0122,2023-04,53500,0,0.0,0,0.0
EMP0122,2023-05,53500,19,9529.69,0,0.0
EMP0122,2023-06,53500,0,0.0,15,9750.0
EMP0122,2023-07,53500,22,11034.38,6,3900.0
EMP0122,2023-08,53500,0,0.0,0,0.0
EMP0122,2023-09,53500,28,14043.75,13,8450.0
EMP0122,2023-10,53500,0,0.0,0,0.0
EMP0122,2023-11,53500,0,0.0,15,9750.0
EMP0122,2023-12,53500,0,0.0,0,0.0
EMP0123,2023-01,61000,0,0.0,15,9750.0
EMP0123,2023-02,61000,0,0.0,0,0.0
EMP0123,2023-03,61000,0,0.0,0,0.0
EMP0123,2023-04,61000,0,0.0,0,0.0
EMP0123,2023-05,61000,0,0.0,0,0.0
EMP0123,2023-06,61000,0,0.0,0,0.0
EMP0123,2023-07,61000,0,0.0,0,0.0
EMP0123,2023-08,61000,0,0.0,14,9100.0
EMP0123,2023-09,61000,0,0.0,0,0.0
EMP0123,2023-10,61000,18,10293.75,0,0.0
EMP0123,2023-11,61000,25,14296.88,4,2600.0
EMP0123,2023-12,61000,0,0.0,0,0.0
EMP0124,2023-01,60000,0,0.0,13,8450.0
EMP0124,2023-02,60000,9,5062.5,0,0.0
EMP0124,2023-03,60000,9,5062.5,0,0.0
EMP0124,2023-04,60000,0,0.0,11,7150.0
EMP0124,2023-05,60000,0,0.0,0,0.0
EMP0124,2023-06,60000,0,0.0,0,0.0
EMP0124,2023-07,60000,29,16312.5,13,8450.0
EMP0124,2023-08,60000,17,9562.5,0,0.0
EMP0124,2023-09,60000,0,0.0,5,3250.0
EMP0124,2023-10,60000,28,15750.0,0,0.0
EMP0124,2023-11,60000,0,0.0,6,3900.0
EMP0124,2023-12,60000,0,0.0,16,10400.0
EMP0125,2023-01,87500,0,0.0,7,4550.0
EMP0125,2023-02,87500,12,9843.75,0,0.0
EMP0125,2023-03,87500,8,6562.5,0,0.0
EMP0125,2023-04,87500,16,13125.0,0,0.0
EMP0125,2023-05,87500,23,18867.19,0,0.0
EMP0125,2023-06,87500,25,20507.81,0,0.0
EMP0125,2023-07,87500,0,0.0,0,0.0
EMP0125,2023-08,87500,0,0.0,0,0.0
EMP0125,2023-09,87500,0,0.0,0,0.0
EMP0125,2023-10,87500,0,0.0,0,0.0
EMP0125,2023-11,87500,24,19687.5,0,0.0
EMP0125,2023-12,87500,0,0.0,0,0.0
EMP0126,2023-01,40000,0,0.0,0,0.0
EMP0126,2023-02,40000,0,0.0,12,7800.0
EMP0126,2023-03,40000,30,11250.0,13,8450.0
EMP0126,2023-04,40000,0,0.0,0,0.0
EMP0126,2023-05,40000,0,0.0,0,0.0
EMP0126,2023-06,40000,0,0.0,0,0.0
EMP0126,2023-07,40000,16,6000.0,7,4550.0
EMP0126,2023-08,40000,22,8250.0,3,1950.0
EMP0126,2023-09,40000,0,0.0,3,1950.0
EMP0126,2023-10,40000,0,0.0,0,0.0
EMP0126,2023-11,40000,0,0.0,2,1300.0
EMP0126,2023-12,40000,0,0.0,5,3250.0
EMP0127,2023-01,40000,19,7125.0,12,7800.0
EMP0127,2023-02,40000,0,0.0,14,9100.0
EMP0127,2023-03,40000,20,7500.0,2,1300.0
EMP0127,2023-04,40000,14,5250.0,0,0.0
EMP0127,2023-05,40000,12,4500.0,11,7150.0
EMP0127,2023-06,40000,0,0.0,0,0.0
EMP0127,2023-07,40000,0,0.0,0,0.0
EMP0127,2023-08,40000,5,1875.0,15,9750.0
EMP0127,2023-09,40000,0,0.0,0,0.0
EMP0127,2023-10,40000,0,0.0,0,0.0
EMP0127,2023-11,40000,13,4875.0,0,0.0
EMP0127,2023-12,40000,13,4875.0,8,5200.0
EMP0128,2023-01,95000,0,0.0,0,0.0
EMP0128,2023-02,95000,26,23156.25,0,0.0
EMP0128,2023-03,95000,4,3562.5,7,4550.0
EMP0128,2023-04,95000,18,16031.25,13,8450.0
EMP0128,2023-05,95000,12,10687.5,5,3250.0
EMP0128,2023-06,95000,12,10687.5,0,0.0
EMP0128,2023-07,95000,11,9796.88,8,5200.0
EMP0128,2023-08,95000,0,0.0,0,0.0
EMP0128,2023-09,95000,0,0.0,2,1300.0
EMP0128,2023-10,95000,20,17812.5,0,0.0
EMP0128,2023-11,95000,11,9796.88,0,0.0
EMP0128,2023-12,95000,23,20484.38,0,0.0
EMP0129,2023-01,69500,0,0.0,0,0.0
EMP0129,2023-02,69500,24,15637.5,0,0.0
EMP0129,2023-03,69500,0,0.0,10,6500.0
EMP0129,2023-04,69500,0,0.0,6,3900.0
EMP0129,2023-05,69500,0,0.0,0,0.0
EMP0129,2023-06,69500,0,0.0,14,9100.0
EMP0129,2023-07,69500,21,13682.81,0,0.0
EMP0129,2023-08,69500,0,0.0,0,0.0
EMP0129,2023-09,69500,0,0.0,0,0.0
EMP0129,2023-10,69500,0,0.0,0,0.0
EMP0129,2023-11,69500,7,4560.94,13,8450.0
EMP0129,2023-12,69500,0,0.0,0,0.0
EMP0130,2023-01,48000,24,10800.0,0,0.0
EMP0130,2023-02,48000,7,3150.0,0,0.0
EMP0130,2023-03,48000,4,1800.0,9,5850.0
EMP0130,2023-04,48000,0,0.0,16,10400.0
EMP0130,2023-05,48000,0,0.0,11,7150.0
EMP0130,2023-06,48000,0,0.0,0,0.0
EMP0130,2023-07,48000,5,2250.0,0,0.0
EMP0130,2023-08,48000,16,7200.0,0,0.0
EMP0130,2023-09,48000,0,0.0,13,8450.0
EMP0130,2023-10,48000,28,12600.0,0,0.0
EMP0130,2023-11,48000,4,1800.0,0,0.0
EMP0130,2023-12,48000,16,7200.0,0,0.0
EMP0131,2023-01,43000,0,0.0,7,4550.0
EMP0131,2023-02,43000,0,0.0,0,0.0
EMP0131,2023-03,43000,0,0.0,0,0.0
EMP0131,2023-04,43000,0,0.0,0,0.0
EMP0131,2023-05,43000,5,2015.62,0,0.0
EMP0131,2023-06,43000,0,0.0,8,5200.0
EMP0131,2023-07,43000,0,0.0,0,0.0
EMP0131,2023-08,43000,17,6853.12,0,0.0
EMP0131,2023-09,43000,0,0.0,0,0.0
EMP0131,2023-10,43000,0,0.0,0,0.0
EMP0131,2023-11,43000,21,8465.62,0,0.0
EMP0131,2023-12,43000,13,5240.62,15,9750.0
EMP0132,2023-01,64500,15,9070.31,0,0.0
EMP0132,2023-02,64500,4,2418.75,0,0.0
EMP0132,2023-03,64500,28,16931.25,12,7800.0
EMP0132,2023-04,64500,21,12698.44,0,0.0
EMP0132,2023-05,64500,0,0.0,0,0.0
EMP0132,2023-06,64500,0,0.0,0,0.0
EMP0132,2023-07,64500,0,0.0,0,0.0
EMP0132,2023-08,64500,28,16931.25,8,5200.0
EMP0132,2023-09,64500,10,6046.88,0,0.0
EMP0132,2023-10,64500,0,0.0,0,0.0
EMP0132,2023-11,64500,0,0.0,10,6500.0
EMP0132,2023-12,64500,0,0.0,0,0.0
EMP0133,2023-01,64500,0,0.0,0,0.0
EMP0133,2023-02,64500,0,0.0,0,0.0
EMP0133,2023-03,64500,0,0.0,0,0.0
EMP0133,2023-04,64500,0,0.0,0,0.0
EMP0133,2023-05,64500,5,3023.44,0,0.0
EMP0133,2023-06,64500,0,0.0,0,0.0
EMP0133,2023-07,64500,15,9070.31,0,0.0
EMP0133,2023-08,64500,16,9675.0,0,0.0
EMP0133,2023-09,64500,0,0.0,0,0.0
EMP0133,2023-10,64500,17,10279.69,0,0.0
EMP0133,2023-11,64500,28,16931.25,0,0.0
EMP0133,2023-12,64500,0,0.0,0,0.0
EMP0134,2023-01,44000,0,0.0,11,7150.0
EMP0134,2023-02,44000,0,0.0,10,6500.0
EMP0134,2023-03,44000,0,0.0,0,0.0
EMP0134,2023-04,44000,0,0.0,0,0.0
EMP0134,2023-05,44000,0,0.0,0,0.0
EMP0134,2023-06,44000,0,0.0,0,0.0
EMP0134,2023-07,44000,25,10312.5,0,0.0
EMP0134,2023-08,44000,0,0.0,7,4550.0
EMP0134,2023-09,44000,16,6600.0,0,0.0
EMP0134,2023-10,44000,12,4950.0,0,0.0
EMP0134,2023-11,44000,0,0.0,0,0.0
EMP0134,2023-12,44000,0,0.0,15,9750.0
EMP0135,2023-01,55000,16,8250.0,12,7800.0
EMP0135,2023-02,55000,0,0.0,12,7800.0
EMP0135,2023-03,55000,25,12890.62,0,0.0
EMP0135,2023-04,55000,22,11343.75,0,0.0
EMP0135,2023-05,55000,0,0.0,0,0.0
EMP0135,2023-06,55000,0,0.0,15,9750.0
EMP0135,2023-07,55000,0,0.0,0,0.0
EMP0135,2023-08,55000,10,5156.25,9,5850.0
EMP0135,2023-09,55000,0,0.0,2,1300.0
EMP0135,2023-10,55000,30,15468.75,3,1950.0
EMP0135,2023-11,55000,0,0.0,0,0.0
EMP0135,2023-12,55000,0,0.0,15,9750.0
EMP0136,2023-01,56500,0,0.0,0,0.0
EMP0136,2023-02,56500,0,0.0,0,0.0
EMP0136,2023-03,56500,14,7415.62,0,0.0
EMP0136,2023-04,56500,23,12182.81,14,9100.0
EMP0136,2023-05,56500,0,0.0,0,0.0
EMP0136,2023-06,56500,0,0.0,14,9100.0
EMP0136,2023-07,56500,0,0.0,0,0.0
EMP0136,2023-08,56500,12,6356.25,0,0.0
EMP0136,2023-09,56500,6,3178.12,0,0.0
EMP0136,2023-10,56500,0,0.0,0,0.0
EMP0136,2023-11,56500,0,0.0,13,8450.0
EMP0136,2023-12,56500,0,0.0,0,0.0
EMP0137,2023-01,48000,12,5400.0,12,7800.0
EMP0137,2023-02,48000,16,7200.0,0,0.0
EMP0137,2023-03,48000,7,3150.0,0,0.0
EMP0137,2023-04,48000,0,0.0,0,0.0
EMP0137,2023-05,48000,28,12600.0,12,7800.0
EMP0137,2023-06,48000,0,0.0,0,0.0
EMP0137,2023-07,48000,0,0.0,9,5850.0
EMP0137,2023-08,48000,0,0.0,0,0.0
EMP0137,2023-09,48000,15,6750.0,0,0.0
EMP0137,2023-10,48000,19,8550.0,4,2600.0
EMP0137,2023-11,48000,18,8100.0,0,0.0
EMP0137,2023-12,48000,5,2250.0,5,3250.0
EMP0138,2023-01,46500,0,0.0,13,8450.0
EMP0138,2023-02,46500,6,2615.62,9,5850.0
EMP0138,2023-03,46500,0,0.0,0,0.0
EMP0138,2023-04,46500,0,0.0,0,0.0
EMP0138,2023-05,46500,25,10898.44,0,0.0
EMP0138,2023-06,46500,28,12206.25,0,0.0
EMP0138,2023-07,46500,0,0.0,8,5200.0
EMP0138,2023-08,46500,12,5231.25,0,0.0
EMP0138,2023-09,46500,16,6975.0,13,8450.0
EMP0138,2023-10,46500,13,5667.19,0,0.0
EMP0138,2023-11,46500,0,0.0,7,4550.0
EMP0138,2023-12,46500,0,0.0,0,0.0
EMP0139,2023-01,41500,12,4668.75,12,7800.0
EMP0139,2023-02,41500,13,5057.81,0,0.0
EMP0139,2023-03,41500,26,10115.62,11,7150.0
EMP0139,2023-04,41500,0,0.0,0,0.0
EMP0139,2023-05,41500,18,7003.12,0,0.0
EMP0139,2023-06,41500,0,0.0,0,0.0
EMP0139,2023-07,41500,0,0.0,0,0.0
EMP0139,2023-08,41500,0,0.0,0,0.0
EMP0139,2023-09,41500,0,0.0,0,0.0
EMP0139,2023-10,41500,0,0.0,8,5200.0
EMP0139,2023-11,41500,0,0.0,0,0.0
EMP0139,2023-12,41500,0,0.0,0,0.0
EMP0140,2023-01,36500,0,0.0,0,0.0
EMP0140,2023-02,36500,0,0.0,14,9100.0
EMP0140,2023-03,36500,0,0.0,0,0.0
EMP0140,2023-04,36500,0,0.0,0,0.0
EMP0140,2023-05,36500,0,0.0,13,8450.0
EMP0140,2023-06,36500,23,7870.31,7,4550.0
EMP0140,2023-07,36500,0,0.0,0,0.0
EMP0140,2023-08,36500,0,0.0,3,1950.0
EMP0140,2023-09,36500,0,0.0,15,9750.0
EMP0140,2023-10,36500,0,0.0,7,4550.0
EMP0140,2023-11,36500,0,0.0,0,0.0
EMP0140,2023-12,36500,0,0.0,0,0.0
EMP0141,2023-01,75000,0,0.0,14,9100.0
EMP0141,2023-02,75000,11,7734.38,0,0.0
EMP0141,2023-03,75000,0,0.0,0,0.0
EMP0141,2023-04,75000,24,16875.0,3,1950.0
EMP0141,2023-05,75000,0,0.0,0,0.0
EMP0141,2023-06,75000,30,21093.75,0,0.0
EMP0141,2023-07,75000,7,4921.88,0,0.0
EMP0141,2023-08,75000,0,0.0,0,0.0
EMP0141,2023-09,75000,14,9843.75,0,0.0
EMP0141,2023-10,75000,0,0.0,14,9100.0
EMP0141,2023-11,75000,10,7031.25,4,2600.0
EMP0141,2023-12,75000,30,21093.75,16,10400.0
EMP0142,2023-01,52500,8,3937.5,0,0.0
EMP0142,2023-02,52500,12,5906.25,0,0.0
EMP0142,2023-03,52500,25,12304.69,10,6500.0
EMP0142,2023-04,52500,0,0.0,16,10400.0
EMP0142,2023-05,52500,25,12304.69,0,0.0
EMP0142,2023-06,52500,0,0.0,0,0.0
EMP0142,2023-07,52500,0,0.0,0,0.0
EMP0142,2023-08,52500,0,0.0,0,0.0
EMP0142,2023-09,52500,0,0.0,0,0.0
EMP0142,2023-10,52500,0,0.0,12,7800.0
EMP0142,2023-11,52500,21,10335.94,0,0.0
EMP0142,2023-12,52500,12,5906.25,0,0.0
EMP0143,2023-01,75500,0,0.0,16,10400.0
EMP0143,2023-02,75500,8,5662.5,4,2600.0
EMP0143,2023-03,75500,0,0.0,0,0.0
EMP0143,2023-04,75500,0,0.0,13,8450.0
EMP0143,2023-05,75500,0,0.0,0,0.0
EMP0143,2023-06,75500,19,13448.44,9,5850.0
EMP0143,2023-07,75500,0,0.0,0,0.0
EMP0143,2023-08,75500,0,0.0,0,0.0
EMP0143,2023-09,75500,0,0.0,8,5200.0
EMP0143,2023-10,75500,0,0.0,11,7150.0
EMP0143,2023-11,75500,5,3539.06,8,5200.0
EMP0143,2023-12,75500,0,0.0,6,3900.0
EMP0144,2023-01,52500,10,4921.88,8,5200.0
EMP0144,2023-02,52500,0,0.0,0,0.0
EMP0144,2023-03,52500,0,0.0,8,5200.0
EMP0144,2023-04,52500,21,10335.94,0,0.0
EMP0144,2023-05,52500,0,0.0,5,3250.0
EMP0144,2023-06,52500,0,0.0,15,9750.0
EMP0144,2023-07,52500,24,11812.5,0,0.0
EMP0144,2023-08,52500,0,0.0,0,0.0
EMP0144,2023-09,52500,14,6890.62,0,0.0
EMP0144,2023-10,52500,0,0.0,9,5850.0
EMP0144,2023-11,52500,4,1968.75,0,0.0
EMP0144,2023-12,52500,0,0.0,2,1300.0
EMP0145,2023-01,55000,9,4640.62,10,6500.0
EMP0145,2023-02,55000,26,13406.25,0,0.0
EMP0145,2023-03,55000,0,0.0,3,1950.0
EMP0145,2023-04,55000,0,0.0,0,0.0
EMP0145,2023-05,55000,0,0.0,0,0.0
EMP0145,2023-06,55000,23,11859.38,14,9100.0
EMP0145,2023-07,55000,5,2578.12,0,0.0
EMP0145,2023-08,55000,22,11343.75,0,0.0
EMP0145,2023-09,55000,24,12375.0,0,0.0
EMP0145,2023-10,55000,29,14953.12,0,0.0
EMP0145,2023-11,55000,0,0.0,7,4550.0
EMP0145,2023-12,55000,23,11859.38,0,0.0
EMP0146,2023-01,72000,0,0.0,0,0.0
EMP0146,2023-02,72000,22,14850.0,8,5200.0
EMP0146,2023-03,72000,0,0.0,9,5850.0
EMP0146,2023-04,72000,0,0.0,0,0.0
EMP0146,2023-05,72000,0,0.0,5,3250.0
EMP0146,2023-06,72000,0,0.0,0,0.0
EMP0146,2023-07,72000,0,0.0,0,0.0
EMP0146,2023-08,72000,22,14850.0,0,0.0
EMP0146,2023-09,72000,5,3375.0,0,0.0
EMP0146,2023-10,72000,17,11475.0,7,4550.0
EMP0146,2023-11,72000,0,0.0,0,0.0
EMP0146,2023-12,72000,0,0.0,0,0.0
EMP0147,2023-01,72500,0,0.0,0,0.0
EMP0147,2023-02,72500,0,0.0,16,10400.0
EMP0147,2023-03,72500,0,0.0,0,0.0
EMP0147,2023-04,72500,0,0.0,5,3250.0
EMP0147,2023-05,72500,0,0.0,0,0.0
EMP0147,2023-06,72500,16,10875.0,0,0.0
EMP0147,2023-07,72500,0,0.0,3,1950.0
EMP0147,2023-08,72500,0,0.0,0,0.0
EMP0147,2023-09,72500,26,17671.88,0,0.0
EMP0147,2023-10,72500,0,0.0,11,7150.0
EMP0147,2023-11,72500,0,0.0,0,0.0
EMP0147,2023-12,72500,9,6117.19,0,0.0
EMP0148,2023-01,93500,8,7012.5,0,0.0
EMP0148,2023-02,93500,24,21037.5,0,0.0
EMP0148,2023-03,93500,25,21914.06,0,0.0
EMP0148,2023-04,93500,0,0.0,0,0.0
EMP0148,2023-05,93500,0,0.0,0,0.0
EMP0148,2023-06,93500,0,0.0,0,0.0
EMP0148,2023-07,93500,17,14901.56,10,6500.0
EMP0148,2023-08,93500,0,0.0,14,9100.0
EMP0148,2023-09,93500,0,0.0,0,0.0
EMP0148,2023-10,93500,15,13148.44,0,0.0
EMP0148,2023-11,93500,0,0.0,0,0.0
EMP0148,2023-12,93500,20,17531.25,0,0.0
EMP0149,2023-01,57000,0,0.0,0,0.0
EMP0149,2023-02,57000,0,0.0,9,5850.0
EMP0149,2023-03,57000,0,0.0,0,0.0
EMP0149,2023-04,57000,22,11756.25,0,0.0
EMP0149,2023-05,57000,0,0.0,0,0.0
EMP0149,2023-06,57000,0,0.0,0,0.0
EMP0149,2023-07,57000,0,0.0,0,0.0
EMP0149,2023-08,57000,0,0.0,0,0.0
EMP0149,2023-09,57000,21,11221.88,0,0.0
EMP0149,2023-10,57000,0,0.0,15,9750.0
EMP0149,2023-11,57000,0,0.0,0,0.0
EMP0149,2023-12,57000,0,0.0,10,6500.0
EMP0150,2023-01,55000,29,14953.12,2,1300.0
EMP0150,2023-02,55000,0,0.0,0,0.0
EMP0150,2023-03,55000,0,0.0,0,0.0
EMP0150,2023-04,55000,0,0.0,10,6500.0
EMP0150,2023-05,55000,12,6187.5,0,0.0
EMP0150,2023-06,55000,13,6703.12,13,8450.0
EMP0150,2023-07,55000,0,0.0,0,0.0
EMP0150,2023-08,55000,0,0.0,0,0.0
EMP0150,2023-09,55000,18,9281.25,11,7150.0
EMP0150,2023-10,55000,25,12890.62,0,0.0
EMP0150,2023-11,55000,4,2062.5,0,0.0
EMP0150,2023-12,55000,0,0.0,14,9100.0
EMP0151,2023-01,59500,27,15060.94,0,0.0
EMP0151,2023-02,59500,0,0.0,0,0.0
EMP0151,2023-03,59500,0,0.0,4,2600.0
EMP0151,2023-04,59500,0,0.0,13,8450.0
EMP0151,2023-05,59500,5,2789.06,0,0.0
EMP0151,2023-06,59500,18,10040.62,9,5850.0
EMP0151,2023-07,59500,14,7809.38,0,0.0
EMP0151,2023-08,59500,0,0.0,5,3250.0
EMP0151,2023-09,59500,20,11156.25,0,0.0
EMP0151,2023-10,59500,0,0.0,0,0.0
EMP0151,2023-11,59500,7,3904.69,0,0.0
EMP0151,2023-12,59500,0,0.0,0,0.0
EMP0152,2023-01,55500,30,15609.38,0,0.0
EMP0152,2023-02,55500,21,10926.56,0,0.0
EMP0152,2023-03,55500,0,0.0,0,0.0
EMP0152,2023-04,55500,0,0.0,0,0.0
EMP0152,2023-05,55500,0,0.0,12,7800.0
EMP0152,2023-06,55500,0,0.0,15,9750.0
EMP0152,2023-07,55500,5,2601.56,0,0.0
EMP0152,2023-08,55500,0,0.0,6,3900.0
EMP0152,2023-09,55500,0,0.0,8,5200.0
EMP0152,2023-10,55500,8,4162.5,0,0.0
EMP0152,2023-11,55500,0,0.0,4,2600.0
EMP0152,2023-12,55500,0,0.0,0,0.0
EMP0153,2023-01,40000,16,6000.0,0,0.0
EMP0153,2023-02,40000,17,6375.0,0,0.0
EMP0153,2023-03,40000,0,0.0,0,0.0
EMP0153,2023-04,40000,0,0.0,13,8450.0
EMP0153,2023-05,40000,0,0.0,0,0.0
EMP0153,2023-06,40000,0,0.0,0,0.0
EMP0153,2023-07,40000,0,0.0,0,0.0
EMP0153,2023-08,40000,6,2250.0,0,0.0
EMP0153,2023-09,40000,0,0.0,0,0.0
EMP0153,2023-10,40000,25,9375.0,0,0.0
EMP0153,2023-11,40000,26,9750.0,0,0.0
EMP0153,2023-12,40000,4,1500.0,0,0.0
EMP0154,2023-01,60000,0,0.0,4,2600.0
EMP0154,2023-02,60000,0,0.0,16,10400.0
EMP0154,2023-03,60000,6,3375.0,9,5850.0
EMP0154,2023-04,60000,9,5062.5,0,0.0
EMP0154,2023-05,60000,0,0.0,0,0.0
EMP0154,2023-06,60000,0,0.0,0,0.0
EMP0154,2023-07,60000,0,0.0,0,0.0
EMP0154,2023-08,60000,0,0.0,6,3900.0
EMP0154,2023-09,60000,6,3375.0,0,0.0
EMP0154,2023-10,60000,14,7875.0,0,0.0
EMP0154,2023-11,60000,0,0.0,0,0.0
EMP0154,2023-12,60000,10,5625.0,0,0.0
EMP0155,2023-01,63000,0,0.0,0,0.0
EMP0155,2023-02,63000,14,8268.75,0,0.0
EMP0155,2023-03,63000,30,17718.75,0,0.0
EMP0155,2023-04,63000,0,0.0,0,0.0
EMP0155,2023-05,63000,22,12993.75,14,9100.0
EMP0155,2023-06,63000,0,0.0,0,0.0
EMP0155,2023-07,63000,0,0.0,0,0.0
EMP0155,2023-08,63000,24,14175.0,12,7800.0
EMP0155,2023-09,63000,11,6496.88,7,4550.0
EMP0155,2023-10,63000,13,7678.12,0,0.0
EMP0155,2023-11,63000,15,8859.38,6,3900.0
EMP0155,2023-12,63000,0,0.0,8,5200.0
EMP0156,2023-01,45500,22,9384.38,0,0.0
EMP0156,2023-02,45500,27,11517.19,0,0.0
EMP0156,2023-03,45500,0,0.0,0,0.0
EMP0156,2023-04,45500,7,2985.94,14,9100.0
EMP0156,2023-05,45500,28,11943.75,3,1950.0
EMP0156,2023-06,45500,16,6825.0,0,0.0
EMP0156,2023-07,45500,11,4692.19,0,0.0
EMP0156,2023-08,45500,15,6398.44,3,1950.0
EMP0156,2023-09,45500,24,10237.5,7,4550.0
EMP0156,2023-10,45500,7,2985.94,0,0.0
EMP0156,2023-11,45500,0,0.0,0,0.0
EMP0156,2023-12,45500,0,0.0,10,6500.0
EMP0157,2023-01,41500,6,2334.38,14,9100.0
EMP0157,2023-02,41500,0,0.0,0,0.0
EMP0157,2023-03,41500,25,9726.56,8,5200.0
EMP0157,2023-04,41500,0,0.0,15,9750.0
EMP0157,2023-05,41500,5,1945.31,0,0.0
EMP0157,2023-06,41500,0,0.0,4,2600.0
EMP0157,2023-07,41500,10,3890.62,0,0.0
EMP0157,2023-08,41500,0,0.0,6,3900.0
EMP0157,2023-09,41500,25,9726.56,8,5200.0
EMP0157,2023-10,41500,0,0.0,0,0.0
EMP0157,2023-11,41500,0,0.0,0,0.0
EMP0157,2023-12,41500,0,0.0,0,0.0
EMP0158,2023-01,49000,0,0.0,0,0.0
EMP0158,2023-02,49000,0,0.0,16,10400.0
EMP0158,2023-03,49000,0,0.0,0,0.0
EMP0158,2023-04,49000,23,10565.62,0,0.0
EMP0158,2023-05,49000,0,0.0,16,10400.0
EMP0158,2023-06,49000,0,0.0,0,0.0
EMP0158,2023-07,49000,0,0.0,0,0.0
EMP0158,2023-08,49000,0,0.0,0,0.0
EMP0158,2023-09,49000,19,8728.12,16,10400.0
EMP0158,2023-10,49000,30,13781.25,0,0.0
EMP0158,2023-11,49000,15,6890.62,0,0.0
EMP0158,2023-12,49000,15,6890.62,0,0.0
EMP0159,2023-01,76500,12,8606.25,0,0.0
EMP0159,2023-02,76500,0,0.0,0,0.0
EMP0159,2023-03,76500,22,15778.12,0,0.0
EMP0159,2023-04,76500,0,0.0,3,1950.0
EMP0159,2023-05,76500,0,0.0,0,0.0
EMP0159,2023-06,76500,26,18646.88,0,0.0
EMP0159,2023-07,76500,0,0.0,0,0.0
EMP0159,2023-08,76500,18,12909.38,8,5200.0
EMP0159,2023-09,76500,0,0.0,9,5850.0
EMP0159,2023-10,76500,6,4303.12,0,0.0
EMP0159,2023-11,76500,18,12909.38,13,8450.0
EMP0159,2023-12,76500,12,8606.25,0,0.0
EMP0160,2023-01,35000,0,0.0,0,0.0
EMP0160,2023-02,35000,0,0.0,7,4550.0
EMP0160,2023-03,35000,0,0.0,12,7800.0
EMP0160,2023-04,35000,0,0.0,0,0.0
EMP0160,2023-05,35000,0,0.0,0,0.0
EMP0160,2023-06,35000,0,0.0,0,0.0
EMP0160,2023-07,35000,8,2625.0,8,5200.0
EMP0160,2023-08,35000,0,0.0,0,0.0
EMP0160,2023-09,35000,0,0.0,0,0.0
EMP0160,2023-10,35000,0,0.0,13,8450.0
EMP0160,2023-11,35000,0,0.0,0,0.0
EMP0160,2023-12,35000,0,0.0,2,1300.0
EMP0161,2023-01,69500,26,16940.62,0,0.0
EMP0161,2023-02,69500,0,0.0,14,9100.0
EMP0161,2023-03,69500,24,15637.5,0,0.0
EMP0161,2023-04,69500,23,14985.94,12,7800.0
EMP0161,2023-05,69500,0,0.0,3,1950.0
EMP0161,2023-06,69500,0,0.0,3,1950.0
EMP0161,2023-07,69500,9,5864.06,0,0.0
EMP0161,2023-08,69500,0,0.0,0,0.0
EMP0161,2023-09,69500,29,18895.31,0,0.0
EMP0161,2023-10,69500,28,18243.75,5,3250.0
EMP0161,2023-11,69500,23,14985.94,0,0.0
EMP0161,2023-12,69500,6,3909.38,0,0.0
EMP0162,2023-01,57500,0,0.0,15,9750.0
EMP0162,2023-02,57500,0,0.0,0,0.0
EMP0162,2023-03,57500,0,0.0,0,0.0
EMP0162,2023-04,57500,4,2156.25,0,0.0
EMP0162,2023-05,57500,28,15093.75,0,0.0
EMP0162,2023-06,57500,0,0.0,0,0.0
EMP0162,2023-07,57500,0,0.0,0,0.0
EMP0162,2023-08,57500,19,10242.19,13,8450.0
EMP0162,2023-09,57500,0,0.0,0,0.0
EMP0162,2023-10,57500,15,8085.94,12,7800.0
EMP0162,2023-11,57500,0,0.0,0,0.0
EMP0162,2023-12,57500,0,0.0,9,5850.0
EMP0163,2023-01,67500,28,17718.75,0,0.0
EMP0163,2023-02,67500,0,0.0,14,9100.0
EMP0163,2023-03,67500,0,0.0,14,9100.0
EMP0163,2023-04,67500,0,0.0,14,9100.0
EMP0163,2023-05,67500,22,13921.88,0,0.0
EMP0163,2023-06,67500,0,0.0,3,1950.0
EMP0163,2023-07,67500,0,0.0,15,9750.0
EMP0163,2023-08,67500,0,0.0,0,0.0
EMP0163,2023-09,67500,21,13289.06,0,0.0
EMP0163,2023-10,67500,0,0.0,0,0.0
EMP0163,2023-11,67500,0,0.0,2,1300.0
EMP0163,2023-12,67500,21,13289.06,0,0.0
EMP0164,2023-01,52500,0,0.0,0,0.0
EMP0164,2023-02,52500,14,6890.62,0,0.0
EMP0164,2023-03,52500,28,13781.25,0,0.0
EMP0164,2023-04,52500,0,0.0,8,5200.0
EMP0164,2023-05,52500,0,0.0,0,0.0
EMP0164,2023-06,52500,0,0.0,0,0.0
EMP0164,2023-07,52500,25,12304.69,0,0.0
EMP0164,2023-08,52500,0,0.0,0,0.0
EMP0164,2023-09,52500,0,0.0,0,0.0
EMP0164,2023-10,52500,6,2953.12,8,5200.0
EMP0164,2023-11,52500,13,6398.44,0,0.0
EMP0164,2023-12,52500,0,0.0,0,0.0
EMP0165,2023-01,66000,14,8662.5,4,2600.0
EMP0165,2023-02,66000,8,4950.0,0,0.0
EMP0165,2023-03,66000,0,0.0,6,3900.0
EMP0165,2023-04,66000,30,18562.5,7,4550.0
EMP0165,2023-05,66000,0,0.0,4,2600.0
EMP0165,2023-06,66000,0,0.0,8,5200.0
EMP0165,2023-07,66000,0,0.0,11,7150.0
EMP0165,2023-08,66000,25,15468.75,0,0.0
EMP0165,2023-09,66000,0,0.0,0,0.0
EMP0165,2023-10,66000,0,0.0,4,2600.0
EMP0165,2023-11,66000,8,4950.0,0,0.0
EMP0165,2023-12,66000,0,0.0,0,0.0
EMP0166,2023-01,55500,0,0.0,0,0.0
EMP0166,2023-02,55500,0,0.0,0,0.0
EMP0166,2023-03,55500,0,0.0,0,0.0
EMP0166,2023-04,55500,0,0.0,0,0.0
EMP0166,2023-05,55500,23,11967.19,13,8450.0
EMP0166,2023-06,55500,0,0.0,11,7150.0
EMP0166,2023-07,55500,12,6243.75,3,1950.0
EMP0166,2023-08,55500,16,8325.0,0,0.0
EMP0166,2023-09,55500,17,8845.31,0,0.0
EMP0166,2023-10,55500,19,9885.94,6,3900.0
EMP0166,2023-11,55500,0,0.0,0,0.0
EMP0166,2023-12,55500,0,0.0,0,0.0
EMP0167,2023-01,41500,0,0.0,0,0.0
EMP0167,2023-02,41500,13,5057.81,16,10400.0
EMP0167,2023-03,41500,0,0.0,0,0.0
EMP0167,2023-04,41500,21,8170.31,5,3250.0
EMP0167,2023-05,41500,0,0.0,0,0.0
EMP0167,2023-06,41500,17,6614.06,0,0.0
EMP0167,2023-07,41500,5,1945.31,0,0.0
EMP0167,2023-08,41500,18,7003.12,0,0.0
EMP0167,2023-09,41500,0,0.0,0,0.0
EMP0167,2023-10,41500,23,8948.44,3,1950.0
EMP0167,2023-11,41500,0,0.0,3,1950.0
EMP0167,2023-12,41500,0,0.0,0,0.0
EMP0168,2023-01,46500,0,0.0,0,0.0
EMP0168,2023-02,46500,0,0.0,0,0.0
EMP0168,2023-03,46500,18,7846.88,0,0.0
EMP0168,2023-04,46500,0,0.0,0,0.0
EMP0168,2023-05,46500,0,0.0,0,0.0
EMP0168,2023-06,46500,28,12206.25,0,0.0
EMP0168,2023-07,46500,19,8282.81,0,0.0
EMP0168,2023-08,46500,0,0.0,11,7150.0
EMP0168,2023-09,46500,0,0.0,0,0.0
EMP0168,2023-10,46500,30,13078.12,0,0.0
EMP0168,2023-11,46500,5,2179.69,13,8450.0
EMP0168,2023-12,46500,21,9154.69,14,9100.0
EMP0169,2023-01,51000,24,11475.0,0,0.0
EMP0169,2023-02,51000,16,7650.0,0,0.0
EMP0169,2023-03,51000,13,6215.62,0,0.0
EMP0169,2023-04,51000,16,7650.0,16,10400.0
EMP0169,2023-05,51000,0,0.0,0,0.0
EMP0169,2023-06,51000,0,0.0,0,0.0
EMP0169,2023-07,51000,9,4303.12,0,0.0
EMP0169,2023-08,51000,26,12431.25,9,5850.0
EMP0169,2023-09,51000,0,0.0,0,0.0
EMP0169,2023-10,51000,0,0.0,0,0.0
EMP0169,2023-11,51000,22,10518.75,0,0.0
EMP0169,2023-12,51000,13,6215.62,11,7150.0
EMP0170,2023-01,46500,0,0.0,12,7800.0
EMP0170,2023-02,46500,24,10462.5,0,0.0
EMP0170,2023-03,46500,0,0.0,13,8450.0
EMP0170,2023-04,46500,6,2615.62,0,0.0
EMP0170,2023-05,46500,0,0.0,0,0.0
EMP0170,2023-06,46500,0,0.0,0,0.0
EMP0170,2023-07,46500,0,0.0,0,0.0
EMP0170,2023-08,46500,0,0.0,0,0.0
EMP0170,2023-09,46500,13,5667.19,12,7800.0
EMP0170,2023-10,46500,0,0.0,0,0.0
EMP0170,2023-11,46500,28,12206.25,14,9100.0
EMP0170,2023-12,46500,0,0.0,3,1950.0
EMP0171,2023-01,36500,0,0.0,12,7800.0
EMP0171,2023-02,36500,0,0.0,10,6500.0
EMP0171,2023-03,36500,0,0.0,11,7150.0
EMP0171,2023-04,36500,6,2053.12,0,0.0
EMP0171,2023-05,36500,0,0.0,0,0.0
EMP0171,2023-06,36500,10,3421.88,0,0.0
EMP0171,2023-07,36500,0,0.0,0,0.0
EMP0171,2023-08,36500,0,0.0,0,0.0
EMP0171,2023-09,36500,14,4790.62,0,0.0
EMP0171,2023-10,36500,0,0.0,0,0.0
EMP0171,2023-11,36500,0,0.0,0,0.0
EMP0171,2023-12,36500,0,0.0,0,0.0
EMP0172,2023-01,81000,0,0.0,0,0.0
EMP0172,2023-02,81000,0,0.0,0,0.0
EMP0172,2023-03,81000,0,0.0,0,0.0
EMP0172,2023-04,81000,0,0.0,15,9750.0
EMP0172,2023-05,81000,27,20503.12,0,0.0
EMP0172,2023-06,81000,0,0.0,0,0.0
EMP0172,2023-07,81000,0,0.0,10,6500.0
EMP0172,2023-08,81000,0,0.0,3,1950.0
EMP0172,2023-09,81000,18,13668.75,0,0.0
EMP0172,2023-10,81000,28,21262.5,0,0.0
EMP0172,2023-11,81000,0,0.0,0,0.0
EMP0172,2023-12,81000,0,0.0,0,0.0
EMP0173,2023-01,54000,22,11137.5,11,7150.0
EMP0173,2023-02,54000,0,0.0,0,0.0
EMP0173,2023-03,54000,0,0.0,13,8450.0
EMP0173,2023-04,54000,15,7593.75,0,0.0
EMP0173,2023-05,54000,29,14681.25,0,0.0
EMP0173,2023-06,54000,0,0.0,12,7800.0
EMP0173,2023-07,54000,6,3037.5,0,0.0
EMP0173,2023-08,54000,0,0.0,7,4550.0
EMP0173,2023-09,54000,0,0.0,0,0.0
EMP0173,2023-10,54000,27,13668.75,11,7150.0
EMP0173,2023-11,54000,0,0.0,0,0.0
EMP0173,2023-12,54000,0,0.0,0,0.0
EMP0174,2023-01,70500,22,14540.62,7,4550.0
EMP0174,2023-02,70500,0,0.0,0,0.0
EMP0174,2023-03,70500,0,0.0,0,0.0
EMP0174,2023-04,70500,0,0.0,0,0.0
EMP0174,2023-05,70500,0,0.0,7,4550.0
EMP0174,2023-06,70500,0,0.0,0,0.0
EMP0174,2023-07,70500,15,9914.06,14,9100.0
EMP0174,2023-08,70500,21,13879.69,16,10400.0
EMP0174,2023-09,70500,0,0.0,0,0.0
EMP0174,2023-10,70500,25,16523.44,0,0.0
EMP0174,2023-11,70500,0,0.0,12,7800.0
EMP0174,2023-12,70500,0,0.0,11,7150.0
EMP0175,2023-01,53500,8,4012.5,0,0.0
EMP0175,2023-02,53500,0,0.0,3,1950.0
EMP0175,2023-03,53500,0,0.0,0,0.0
EMP0175,2023-04,53500,0,0.0,0,0.0
EMP0175,2023-05,53500,0,0.0,9,5850.0
EMP0175,2023-06,53500,0,0.0,14,9100.0
EMP0175,2023-07,53500,21,10532.81,2,1300.0
EMP0175,2023-08,53500,0,0.0,0,0.0
EMP0175,2023-09,53500,0,0.0,11,7150.0
EMP0175,2023-10,53500,21,10532.81,0,0.0
EMP0175,2023-11,53500,4,2006.25,4,2600.0
EMP0175,2023-12,53500,0,0.0,0,0.0
EMP0176,2023-01,52500,0,0.0,0,0.0
EMP0176,2023-02,52500,25,12304.69,3,1950.0
EMP0176,2023-03,52500,0,0.0,14,9100.0
EMP0176,2023-04,52500,0,0.0,0,0.0
EMP0176,2023-05,52500,28,13781.25,0,0.0
EMP0176,2023-06,52500,5,2460.94,5,3250.0
EMP0176,2023-07,52500,0,0.0,0,0.0
EMP0176,2023-08,52500,0,0.0,5,3250.0
EMP0176,2023-09,52500,0,0.0,0,0.0
EMP0176,2023-10,52500,0,0.0,0,0.0
EMP0176,2023-11,52500,20,9843.75,4,2600.0
EMP0176,2023-12,52500,0,0.0,15,9750.0
EMP0177,2023-01,49500,15,6960.94,16,10400.0
EMP0177,2023-02,49500,0,0.0,8,5200.0
EMP0177,2023-03,49500,0,0.0,10,6500.0
EMP0177,2023-04,49500,0,0.0,0,0.0
EMP0177,2023-05,49500,0,0.0,0,0.0
EMP0177,2023-06,49500,0,0.0,0,0.0
EMP0177,2023-07,49500,27,12529.69,0,0.0
EMP0177,2023-08,49500,19,8817.19,16,10400.0
EMP0177,2023-09,49500,0,0.0,0,0.0
EMP0177,2023-10,49500,0,0.0,12,7800.0
EMP0177,2023-11,49500,21,9745.31,0,0.0
EMP0177,2023-12,49500,0,0.0,0,0.0
EMP0178,2023-01,54000,19,9618.75,0,0.0
EMP0178,2023-02,54000,19,9618.75,0,0.0
EMP0178,2023-03,54000,17,8606.25,0,0.0
EMP0178,2023-04,54000,0,0.0,0,0.0
EMP0178,2023-05,54000,20,10125.0,0,0.0
EMP0178,2023-06,54000,0,0.0,0,0.0
EMP0178,2023-07,54000,0,0.0,0,0.0
EMP0178,2023-08,54000,0,0.0,0,0.0
EMP0178,2023-09,54000,23,11643.75,0,0.0
EMP0178,2023-10,54000,0,0.0,5,3250.0
EMP0178,2023-11,54000,0,0.0,0,0.0
EMP0178,2023-12,54000,0,0.0,0,0.0
EMP0179,2023-01,42000,0,0.0,11,7150.0
EMP0179,2023-02,42000,13,5118.75,4,2600.0
EMP0179,2023-03,42000,0,0.0,0,0.0
EMP0179,2023-04,42000,28,11025.0,0,0.0
EMP0179,2023-05,42000,4,1575.0,0,0.0
EMP0179,2023-06,42000,0,0.0,0,0.0
EMP0179,2023-07,42000,0,0.0,0,0.0
EMP0179,2023-08,42000,0,0.0,0,0.0
EMP0179,2023-09,42000,0,0.0,0,0.0
EMP0179,2023-10,42000,0,0.0,0,0.0
EMP0179,2023-11,42000,8,3150.0,11,7150.0
EMP0179,2023-12,42000,0,0.0,0,0.0
EMP0180,2023-01,62500,0,0.0,9,5850.0
EMP0180,2023-02,62500,28,16406.25,9,5850.0
EMP0180,2023-03,62500,0,0.0,0,0.0
EMP0180,2023-04,62500,7,4101.56,0,0.0
EMP0180,2023-05,62500,28,16406.25,0,0.0
EMP0180,2023-06,62500,0,0.0,0,0.0
EMP0180,2023-07,62500,9,5273.44,0,0.0
EMP0180,2023-08,62500,28,16406.25,0,0.0
EMP0180,2023-09,62500,0,0.0,0,0.0
EMP0180,2023-10,62500,0,0.0,0,0.0
EMP0180,2023-11,62500,0,0.0,8,5200.0
EMP0180,2023-12,62500,15,8789.06,7,4550.0
EMP0181,2023-01,52500,0,0.0,0,0.0
EMP0181,2023-02,52500,0,0.0,0,0.0
EMP0181,2023-03,52500,27,13289.06,13,8450.0
EMP0181,2023-04,52500,0,0.0,12,7800.0
EMP0181,2023-05,52500,0,0.0,0,0.0
EMP0181,2023-06,52500,0,0.0,11,7150.0
EMP0181,2023-07,52500,0,0.0,0,0.0
EMP0181,2023-08,52500,0,0.0,0,0.0
EMP0181,2023-09,52500,0,0.0,13,8450.0
EMP0181,2023-10,52500,0,0.0,0,0.0
EMP0181,2023-11,52500,4,1968.75,0,0.0
EMP0181,2023-12,52500,0,0.0,0,0.0
EMP0182,2023-01,51000,0,0.0,0,0.0
EMP0182,2023-02,51000,0,0.0,0,0.0
EMP0182,2023-03,51000,0,0.0,5,3250.0
EMP0182,2023-04,51000,0,0.0,0,0.0
EMP0182,2023-05,51000,0,0.0,0,0.0
EMP0182,2023-06,51000,21,10040.62,0,0.0
EMP0182,2023-07,51000,0,0.0,0,0.0
EMP0182,2023-08,51000,0,0.0,7,4550.0
EMP0182,2023-09,51000,0,0.0,0,0.0
EMP0182,2023-10,51000,0,0.0,6,3900.0
EMP0182,2023-11,51000,23,10996.88,0,0.0
EMP0182,2023-12,51000,28,13387.5,0,0.0
EMP0183,2023-01,60000,0,0.0,13,8450.0
EMP0183,2023-02,60000,0,0.0,0,0.0
EMP0183,2023-03,60000,0,0.0,0,0.0
EMP0183,2023-04,60000,0,0.0,0,0.0
EMP0183,2023-05,60000,0,0.0,4,2600.0
EMP0183,2023-06,60000,18,10125.0,2,1300.0
EMP0183,2023-07,60000,0,0.0,0,0.0
EMP0183,2023-08,60000,0,0.0,0,0.0
EMP0183,2023-09,60000,17,9562.5,0,0.0
EMP0183,2023-10,60000,0,0.0,14,9100.0
EMP0183,2023-11,60000,0,0.0,12,7800.0
EMP0183,2023-12,60000,0,0.0,9,5850.0
EMP0184,2023-01,52000,12,5850.0,0,0.0
EMP0184,2023-02,52000,0,0.0,0,0.0
EMP0184,2023-03,52000,0,0.0,5,3250.0
EMP0184,2023-04,52000,5,2437.5,0,0.0
EMP0184,2023-05,52000,0,0.0,0,0.0
EMP0184,2023-06,52000,0,0.0,0,0.0
EMP0184,2023-07,52000,0,0.0,12,7800.0
EMP0184,2023-08,52000,0,0.0,7,4550.0
EMP0184,2023-09,52000,0,0.0,9,5850.0
EMP0184,2023-10,52000,0,0.0,0,0.0
EMP0184,2023-11,52000,22,10725.0,4,2600.0
EMP0184,2023-12,52000,16,7800.0,0,0.0
EMP0185,2023-01,80000,21,15750.0,0,0.0
EMP0185,2023-02,80000,0,0.0,16,10400.0
EMP0185,2023-03,80000,0,0.0,0,0.0
EMP0185,2023-04,80000,0,0.0,0,0.0
EMP0185,2023-05,80000,12,9000.0,0,0.0
EMP0185,2023-06,80000,19,14250.0,0,0.0
EMP0185,2023-07,80000,0,0.0,0,0.0
EMP0185,2023-08,80000,14,10500.0,0,0.0
EMP0185,2023-09,80000,0,0.0,14,9100.0
EMP0185,2023-10,80000,0,0.0,11,7150.0
EMP0185,2023-11,80000,14,10500.0,10,6500.0
EMP0185,2023-12,80000,14,10500.0,11,7150.0
EMP0186,2023-01,82500,6,4640.62,0,0.0
EMP0186,2023-02,82500,10,7734.38,0,0.0
EMP0186,2023-03,82500,0,0.0,0,0.0
EMP0186,2023-04,82500,0,0.0,0,0.0
EMP0186,2023-05,82500,0,0.0,10,6500.0
EMP0186,2023-06,82500,0,0.0,0,0.0
EMP0186,2023-07,82500,0,0.0,0,0.0
EMP0186,2023-08,82500,0,0.0,0,0.0
EMP0186,2023-09,82500,0,0.0,0,0.0
EMP0186,2023-10,82500,0,0.0,0,0.0
EMP0186,2023-11,82500,17,13148.44,0,0.0
EMP0186,2023-12,82500,0,0.0,8,5200.0
EMP0187,2023-01,50500,0,0.0,0,0.0
EMP0187,2023-02,50500,5,2367.19,0,0.0
EMP0187,2023-03,50500,0,0.0,0,0.0
EMP0187,2023-04,50500,0,0.0,2,1300.0
EMP0187,2023-05,50500,20,9468.75,0,0.0
EMP0187,2023-06,50500,0,0.0,0,0.0
EMP0187,2023-07,50500,0,0.0,13,8450.0
EMP0187,2023-08,50500,28,13256.25,14,9100.0
EMP0187,2023-09,50500,0,0.0,14,9100.0
EMP0187,2023-10,50500,0,0.0,10,6500.0
EMP0187,2023-11,50500,0,0.0,0,0.0
EMP0187,2023-12,50500,0,0.0,15,9750.0
EMP0188,2023-01,77000,0,0.0,2,1300.0
EMP0188,2023-02,77000,0,0.0,4,2600.0
EMP0188,2023-03,77000,0,0.0,0,0.0
EMP0188,2023-04,77000,24,17325.0,0,0.0
EMP0188,2023-05,77000,10,7218.75,0,0.0
EMP0188,2023-06,77000,0,0.0,0,0.0
EMP0188,2023-07,77000,0,0.0,15,9750.0
EMP0188,2023-08,77000,0,0.0,0,0.0
EMP0188,2023-09,77000,0,0.0,0,0.0
EMP0188,2023-10,77000,0,0.0,5,3250.0
EMP0188,2023-11,77000,20,14437.5,0,0.0
EMP0188,2023-12,77000,16,11550.0,0,0.0
EMP0189,2023-01,44000,19,7837.5,0,0.0
EMP0189,2023-02,44000,0,0.0,0,0.0
EMP0189,2023-03,44000,8,3300.0,0,0.0
EMP0189,2023-04,44000,0,0.0,0,0.0
EMP0189,2023-05,44000,0,0.0,0,0.0
EMP0189,2023-06,44000,26,10725.0,4,2600.0
EMP0189,2023-07,44000,29,11962.5,0,0.0
EMP0189,2023-08,44000,21,8662.5,13,8450.0
EMP0189,2023-09,44000,0,0.0,0,0.0
EMP0189,2023-10,44000,0,0.0,0,0.0
EMP0189,2023-11,44000,20,8250.0,2,1300.0
EMP0189,2023-12,44000,21,8662.5,0,0.0
EMP0190,2023-01,63000,0,0.0,13,8450.0
EMP0190,2023-02,63000,5,2953.12,0,0.0
EMP0190,2023-03,63000,26,15356.25,0,0.0
EMP0190,2023-04,63000,0,0.0,0,0.0
EMP0190,2023-05,63000,5,2953.12,0,0.0
EMP0190,2023-06,63000,24,14175.0,0,0.0
EMP0190,2023-07,63000,27,15946.88,0,0.0
EMP0190,2023-08,63000,0,0.0,0,0.0
EMP0190,2023-09,63000,5,2953.12,0,0.0
EMP0190,2023-10,63000,13,7678.12,0,0.0
EMP0190,2023-11,63000,26,15356.25,9,5850.0
EMP0190,2023-12,63000,10,5906.25,9,5850.0
EMP0191,2023-01,80000,0,0.0,0,0.0
EMP0191,2023-02,80000,0,0.0,0,0.0
EMP0191,2023-03,80000,28,21000.0,0,0.0
EMP0191,2023-04,80000,0,0.0,12,7800.0
EMP0191,2023-05,80000,0,0.0,11,7150.0
EMP0191,2023-06,80000,0,0.0,11,7150.0
EMP0191,2023-07,80000,0,0.0,0,0.0
EMP0191,2023-08,80000,0,0.0,0,0.0
EMP0191,2023-09,80000,0,0.0,0,0.0
EMP0191,2023-10,80000,0,0.0,0,0.0
EMP0191,2023-11,80000,0,0.0,10,6500.0
EMP0191,2023-12,80000,0,0.0,0,0.0
EMP0192,2023-01,66500,0,0.0,12,7800.0
EMP0192,2023-02,66500,10,6234.38,0,0.0
EMP0192,2023-03,66500,20,12468.75,0,0.0
EMP0192,2023-04,66500,9,5610.94,16,10400.0
EMP0192,2023-05,66500,5,3117.19,0,0.0
EMP0192,2023-06,66500,0,0.0,0,0.0
EMP0192,2023-07,66500,6,3740.62,0,0.0
EMP0192,2023-08,66500,0,0.0,0,0.0
EMP0192,2023-09,66500,4,2493.75,14,9100.0
EMP0192,2023-10,66500,0,0.0,0,0.0
EMP0192,2023-11,66500,0,0.0,0,0.0
EMP0192,2023-12,66500,15,9351.56,0,0.0
EMP0193,2023-01,67000,25,15703.12,0,0.0
EMP0193,2023-02,67000,0,0.0,15,9750.0
EMP0193,2023-03,67000,20,12562.5,0,0.0
EMP0193,2023-04,67000,24,15075.0,0,0.0
EMP0193,2023-05,67000,7,4396.88,0,0.0
EMP0193,2023-06,67000,7,4396.88,0,0.0
EMP0193,2023-07,67000,0,0.0,4,2600.0
EMP0193,2023-08,67000,0,0.0,0,0.0
EMP0193,2023-09,67000,0,0.0,0,0.0
EMP0193,2023-10,67000,0,0.0,8,5200.0
EMP0193,2023-11,67000,0,0.0,0,0.0
EMP0193,2023-12,67000,0,0.0,13,8450.0
EMP0194,2023-01,81000,0,0.0,0,0.0
EMP0194,2023-02,81000,0,0.0,14,9100.0
EMP0194,2023-03,81000,0,0.0,0,0.0
EMP0194,2023-04,81000,30,22781.25,0,0.0
EMP0194,2023-05,81000,0,0.0,0,0.0
EMP0194,2023-06,81000,0,0.0,3,1950.0
EMP0194,2023-07,81000,10,7593.75,14,9100.0
EMP0194,2023-08,81000,30,22781.25,0,0.0
EMP0194,2023-09,81000,0,0.0,0,0.0
EMP0194,2023-10,81000,0,0.0,0,0.0
EMP0194,2023-11,81000,0,0.0,0,0.0
EMP0194,2023-12,81000,0,0.0,14,9100.0
EMP0195,2023-01,46500,0,0.0,0,0.0
EMP0195,2023-02,46500,23,10026.56,0,0.0
EMP0195,2023-03,46500,4,1743.75,0,0.0
EMP0195,2023-04,46500,25,10898.44,0,0.0
EMP0195,2023-05,46500,0,0.0,0,0.0
EMP0195,2023-06,46500,0,0.0,0,0.0
EMP0195,2023-07,46500,29,12642.19,0,0.0
EMP0195,2023-08,46500,0,0.0,0,0.0
EMP0195,2023-09,46500,5,2179.69,0,0.0
EMP0195,2023-10,46500,0,0.0,0,0.0
EMP0195,2023-11,46500,0,0.0,0,0.0
EMP0195,2023-12,46500,9,3923.44,0,0.0
EMP0196,2023-01,59500,0,0.0,0,0.0
EMP0196,2023-02,59500,0,0.0,0,0.0
EMP0196,2023-03,59500,0,0.0,0,0.0
EMP0196,2023-04,59500,0,0.0,15,9750.0
EMP0196,2023-05,59500,0,0.0,0,0.0
EMP0196,2023-06,59500,27,15060.94,0,0.0
EMP0196,2023-07,59500,18,10040.62,0,0.0
EMP0196,2023-08,59500,0,0.0,0,0.0
EMP0196,2023-09,59500,0,0.0,0,0.0
EMP0196,2023-10,59500,14,7809.38,0,0.0
EMP0196,2023-11,59500,14,7809.38,0,0.0
EMP0196,2023-12,59500,22,12271.88,0,0.0
EMP0197,2023-01,36500,11,3764.06,0,0.0
EMP0197,2023-02,36500,5,1710.94,12,7800.0
EMP0197,2023-03,36500,22,7528.12,0,0.0
EMP0197,2023-04,36500,0,0.0,2,1300.0
EMP0197,2023-05,36500,0,0.0,0,0.0
EMP0197,2023-06,36500,0,0.0,0,0.0
EMP0197,2023-07,36500,0,0.0,0,0.0
EMP0197,2023-08,36500,0,0.0,0,0.0
EMP0197,2023-09,36500,14,4790.62,0,0.0
EMP0197,2023-10,36500,5,1710.94,0,0.0
EMP0197,2023-11,36500,0,0.0,0,0.0
EMP0197,2023-12,36500,21,7185.94,0,0.0
EMP0198,2023-01,69500,0,0.0,0,0.0
EMP0198,2023-02,69500,7,4560.94,8,5200.0
EMP0198,2023-03,69500,0,0.0,0,0.0
EMP0198,2023-04,69500,0,0.0,3,1950.0
EMP0198,2023-05,69500,0,0.0,13,8450.0
EMP0198,2023-06,69500,25,16289.06,0,0.0
EMP0198,2023-07,69500,0,0.0,0,0.0
EMP0198,2023-08,69500,0,0.0,0,0.0
EMP0198,2023-09,69500,7,4560.94,0,0.0
EMP0198,2023-10,69500,23,14985.94,0,0.0
EMP0198,2023-11,69500,26,16940.62,0,0.0
EMP0198,2023-12,69500,9,5864.06,0,0.0
EMP0199,2023-01,66500,28,17456.25,12,7800.0
EMP0199,2023-02,66500,0,0.0,0,0.0
EMP0199,2023-03,66500,4,2493.75,0,0.0
EMP0199,2023-04,66500,0,0.0,0,0.0
EMP0199,2023-05,66500,0,0.0,9,5850.0
EMP0199,2023-06,66500,0,0.0,0,0.0
EMP0199,2023-07,66500,7,4364.06,10,6500.0
EMP0199,2023-08,66500,22,13715.62,0,0.0
EMP0199,2023-09,66500,11,6857.81,3,1950.0
EMP0199,2023-10,66500,8,4987.5,0,0.0
EMP0199,2023-11,66500,23,14339.06,16,10400.0
EMP0199,2023-12,66500,25,15585.94,0,0.0
EMP0200,2023-01,87500,23,18867.19,0,0.0
EMP0200,2023-02,87500,0,0.0,0,0.0
EMP0200,2023-03,87500,9,7382.81,2,1300.0
EMP0200,2023-04,87500,9,7382.81,5,3250.0
EMP0200,2023-05,87500,16,13125.0,0,0.0
EMP0200,2023-06,87500,16,13125.0,6,3900.0
EMP0200,2023-07,87500,0,0.0,0,0.0
EMP0200,2023-08,87500,16,13125.0,0,0.0
EMP0200,2023-09,87500,0,0.0,0,0.0
EMP0200,2023-10,87500,0,0.0,10,6500.0
EMP0200,2023-11,87500,0,0.0,0,0.0
EMP0200,2023-12,87500,0,0.0,0,0.0
EMP0201,2023-01,55500,28,14568.75,0,0.0
EMP0201,2023-02,55500,0,0.0,15,9750.0
EMP0201,2023-03,55500,0,0.0,12,7800.0
EMP0201,2023-04,55500,0,0.0,0,0.0
EMP0201,2023-05,55500,0,0.0,6,3900.0
EMP0201,2023-06,55500,0,0.0,0,0.0
EMP0201,2023-07,55500,4,2081.25,0,0.0
EMP0201,2023-08,55500,15,7804.69,0,0.0
EMP0201,2023-09,55500,0,0.0,0,0.0
EMP0201,2023-10,55500,28,14568.75,0,0.0
EMP0201,2023-11,55500,0,0.0,0,0.0
EMP0201,2023-12,55500,0,0.0,0,0.0
EMP0202,2023-01,55500,21,10926.56,0,0.0
EMP0202,2023-02,55500,0,0.0,11,7150.0
EMP0202,2023-03,55500,11,5723.44,0,0.0
EMP0202,2023-04,55500,15,7804.69,0,0.0
EMP0202,2023-05,55500,0,0.0,0,0.0
EMP0202,2023-06,55500,11,5723.44,0,0.0
EMP0202,2023-07,55500,11,5723.44,0,0.0
EMP0202,2023-08,55500,0,0.0,0,0.0
EMP0202,2023-09,55500,23,11967.19,0,0.0
EMP0202,2023-10,55500,0,0.0,0,0.0
EMP0202,2023-11,55500,0,0.0,0,0.0
EMP0202,2023-12,55500,0,0.0,0,0.0
EMP0203,2023-01,53500,0,0.0,0,0.0
EMP0203,2023-02,53500,0,0.0,0,0.0
EMP0203,2023-03,53500,0,0.0,6,3900.0
EMP0203,2023-04,53500,25,12539.06,0,0.0
EMP0203,2023-05,53500,0,0.0,6,3900.0
EMP0203,2023-06,53500,0,0.0,0,0.0
EMP0203,2023-07,53500,14,7021.88,14,9100.0
EMP0203,2023-08,53500,12,6018.75,0,0.0
EMP0203,2023-09,53500,17,8526.56,14,9100.0
EMP0203,2023-10,53500,0,0.0,6,3900.0
EMP0203,2023-11,53500,0,0.0,0,0.0
EMP0203,2023-12,53500,16,8025.0,4,2600.0
EMP0204,2023-01,74500,0,0.0,4,2600.0
EMP0204,2023-02,74500,0,0.0,4,2600.0
EMP0204,2023-03,74500,0,0.0,0,0.0
EMP0204,2023-04,74500,18,12571.88,0,0.0
EMP0204,2023-05,74500,21,14667.19,0,0.0
EMP0204,2023-06,74500,0,0.0,9,5850.0
EMP0204,2023-07,74500,0,0.0,0,0.0
EMP0204,2023-08,74500,14,9778.12,14,9100.0
EMP0204,2023-09,74500,5,3492.19,3,1950.0
EMP0204,2023-10,74500,27,18857.81,0,0.0
EMP0204,2023-11,74500,19,13270.31,10,6500.0
EMP0204,2023-12,74500,15,10476.56,0,0.0
EMP0205,2023-01,66000,0,0.0,0,0.0
EMP0205,2023-02,66000,29,17943.75,0,0.0
EMP0205,2023-03,66000,0,0.0,0,0.0
EMP0205,2023-04,66000,8,4950.0,4,2600.0
EMP0205,2023-05,66000,29,17943.75,2,1300.0
EMP0205,2023-06,66000,0,0.0,0,0.0
EMP0205,2023-07,66000,4,2475.0,0,0.0
EMP0205,2023-08,66000,10,6187.5,0,0.0
EMP0205,2023-09,66000,10,6187.5,0,0.0
EMP0205,2023-10,66000,0,0.0,0,0.0
EMP0205,2023-11,66000,10,6187.5,0,0.0
EMP0205,2023-12,66000,15,9281.25,0,0.0
EMP0206,2023-01,45000,0,0.0,0,0.0
EMP0206,2023-02,45000,18,7593.75,16,10400.0
EMP0206,2023-03,45000,0,0.0,8,5200.0
EMP0206,2023-04,45000,0,0.0,0,0.0
EMP0206,2023-05,45000,0,0.0,0,0.0
EMP0206,2023-06,45000,13,5484.38,0,0.0
EMP0206,2023-07,45000,0,0.0,12,7800.0
EMP0206,2023-08,45000,0,0.0,10,6500.0
EMP0206,2023-09,45000,16,6750.0,0,0.0
EMP0206,2023-10,45000,0,0.0,0,0.0
EMP0206,2023-11,45000,0,0.0,0,0.0
EMP0206,2023-12,45000,16,6750.0,0,0.0
EMP0207,2023-01,58000,25,13593.75,0,0.0
EMP0207,2023-02,58000,26,14137.5,0,0.0
EMP0207,2023-03,58000,27,14681.25,16,10400.0
EMP0207,2023-04,58000,0,0.0,0,0.0
EMP0207,2023-05,58000,0,0.0,0,0.0
EMP0207,2023-06,58000,0,0.0,0,0.0
EMP0207,2023-07,58000,0,0.0,0,0.0
EMP0207,2023-08,58000,0,0.0,6,3900.0
EMP0207,2023-09,58000,27,14681.25,4,2600.0
EMP0207,2023-10,58000,0,0.0,0,0.0
EMP0207,2023-11,58000,0,0.0,0,0.0
EMP0207,2023-12,58000,6,3262.5,16,10400.0
EMP0208,2023-01,58000,21,11418.75,0,0.0
EMP0208,2023-02,58000,0,0.0,0,0.0
EMP0208,2023-03,58000,28,15225.0,0,0.0
EMP0208,2023-04,58000,0,0.0,14,9100.0
EMP0208,2023-05,58000,0,0.0,3,1950.0
EMP0208,2023-06,58000,23,12506.25,5,3250.0
EMP0208,2023-07,58000,21,11418.75,0,0.0
EMP0208,2023-08,58000,4,2175.0,0,0.0
EMP0208,2023-09,58000,28,15225.0,14,9100.0
EMP0208,2023-10,58000,20,10875.0,0,0.0
EMP0208,2023-11,58000,15,8156.25,4,2600.0
EMP0208,2023-12,58000,6,3262.5,6,3900.0
EMP0209,2023-01,84000,0,0.0,0,0.0
EMP0209,2023-02,84000,0,0.0,0,0.0
EMP0209,2023-03,84000,14,11025.0,0,0.0
EMP0209,2023-04,84000,16,12600.0,0,0.0
EMP0209,2023-05,84000,0,0.0,0,0.0
EMP0209,2023-06,84000,0,0.0,0,0.0
EMP0209,2023-07,84000,0,0.0,0,0.0
EMP0209,2023-08,84000,0,0.0,0,0.0
EMP0209,2023-09,84000,0,0.0,9,5850.0
EMP0209,2023-10,84000,0,0.0,0,0.0
EMP0209,2023-11,84000,0,0.0,7,4550.0
EMP0209,2023-12,84000,0,0.0,0,0.0
EMP0210,2023-01,61000,9,5146.88,0,0.0
EMP0210,2023-02,61000,0,0.0,0,0.0
EMP0210,2023-03,61000,0,0.0,0,0.0
EMP0210,2023-04,61000,0,0.0,0,0.0
EMP0210,2023-05,61000,13,7434.38,0,0.0
EMP0210,2023-06,61000,8,4575.0,16,10400.0
EMP0210,2023-07,61000,0,0.0,0,0.0
EMP0210,2023-08,61000,0,0.0,0,0.0
EMP0210,2023-09,61000,0,0.0,0,0.0
EMP0210,2023-10,61000,0,0.0,0,0.0
EMP0210,2023-11,61000,19,10865.62,0,0.0
EMP0210,2023-12,61000,23,13153.12,0,0.0
EMP0211,2023-01,58500,0,0.0,0,0.0
EMP0211,2023-02,58500,0,0.0,0,0.0
EMP0211,2023-03,58500,0,0.0,10,6500.0
EMP0211,2023-04,58500,28,15356.25,11,7150.0
EMP0211,2023-05,58500,13,7129.69,0,0.0
EMP0211,2023-06,58500,0,0.0,0,0.0
EMP0211,2023-07,58500,0,0.0,0,0.0
EMP0211,2023-08,58500,22,12065.62,0,0.0
EMP0211,2023-09,58500,28,15356.25,10,6500.0
EMP0211,2023-10,58500,11,6032.81,0,0.0
EMP0211,2023-11,58500,22,12065.62,4,2600.0
EMP0211,2023-12,58500,0,0.0,4,2600.0
EMP0212,2023-01,47500,0,0.0,0,0.0
EMP0212,2023-02,47500,9,4007.81,0,0.0
EMP0212,2023-03,47500,0,0.0,0,0.0
EMP0212,2023-04,47500,0,0.0,0,0.0
EMP0212,2023-05,47500,0,0.0,0,0.0
EMP0212,2023-06,47500,0,0.0,2,1300.0
EMP0212,2023-07,47500,0,0.0,0,0.0
EMP0212,2023-08,47500,15,6679.69,0,0.0
EMP0212,2023-09,47500,0,0.0,6,3900.0
EMP0212,2023-10,47500,0,0.0,0,0.0
EMP0212,2023-11,47500,0,0.0,0,0.0
EMP0212,2023-12,47500,24,10687.5,0,0.0
EMP0213,2023-01,48000,11,4950.0,0,0.0
EMP0213,2023-02,48000,24,10800.0,0,0.0
EMP0213,2023-03,48000,19,8550.0,0,0.0
EMP0213,2023-04,48000,0,0.0,0,0.0
EMP0213,2023-05,48000,0,0.0,0,0.0
EMP0213,2023-06,48000,16,7200.0,0,0.0
EMP0213,2023-07,48000,0,0.0,0,0.0
EMP0213,2023-08,48000,27,12150.0,5,3250.0
EMP0213,2023-09,48000,15,6750.0,0,0.0
EMP0213,2023-10,48000,26,11700.0,0,0.0
EMP0213,2023-11,48000,24,10800.0,0,0.0
EMP0213,2023-12,48000,0,0.0,2,1300.0
EMP0214,2023-01,58000,25,13593.75,0,0.0
EMP0214,2023-02,58000,19,10331.25,0,0.0
EMP0214,2023-03,58000,21,11418.75,0,0.0
EMP0214,2023-04,58000,0,0.0,0,0.0
EMP0214,2023-05,58000,11,5981.25,0,0.0
EMP0214,2023-06,58000,0,0.0,0,0.0
EMP0214,2023-07,58000,0,0.0,16,10400.0
EMP0214,2023-08,58000,17,9243.75,0,0.0
EMP0214,2023-09,58000,18,9787.5,5,3250.0
EMP0214,2023-10,58000,0,0.0,6,3900.0
EMP0214,2023-11,58000,22,11962.5,0,0.0
EMP0214,2023-12,58000,13,7068.75,0,0.0
EMP0215,2023-01,101000,0,0.0,13,8450.0
EMP0215,2023-02,101000,27,25565.62,0,0.0
EMP0215,2023-03,101000,15,14203.12,0,0.0
EMP0215,2023-04,101000,0,0.0,16,10400.0
EMP0215,2023-05,101000,20,18937.5,15,9750.0
EMP0215,2023-06,101000,0,0.0,7,4550.0
EMP0215,2023-07,101000,0,0.0,0,0.0
EMP0215,2023-08,101000,0,0.0,8,5200.0
EMP0215,2023-09,101000,0,0.0,0,0.0
EMP0215,2023-10,101000,0,0.0,0,0.0
EMP0215,2023-11,101000,0,0.0,0,0.0
EMP0215,2023-12,101000,5,4734.38,9,5850.0
EMP0216,2023-01,59500,0,0.0,0,0.0
EMP0216,2023-02,59500,0,0.0,0,0.0
EMP0216,2023-03,59500,30,16734.38,0,0.0
EMP0216,2023-04,59500,0,0.0,0,0.0
EMP0216,2023-05,59500,0,0.0,0,0.0
EMP0216,2023-06,59500,20,11156.25,0,0.0
EMP0216,2023-07,59500,0,0.0,0,0.0
EMP0216,2023-08,59500,14,7809.38,0,0.0
EMP0216,2023-09,59500,0,0.0,0,0.0
EMP0216,2023-10,59500,0,0.0,0,0.0
EMP0216,2023-11,59500,0,0.0,0,0.0
EMP0216,2023-12,59500,19,10598.44,0,0.0
EMP0217,2023-01,39500,0,0.0,0,0.0
EMP0217,2023-02,39500,0,0.0,0,0.0
EMP0217,2023-03,39500,11,4073.44,0,0.0
EMP0217,2023-04,39500,0,0.0,0,0.0
EMP0217,2023-05,39500,24,8887.5,9,5850.0
EMP0217,2023-06,39500,0,0.0,0,0.0
EMP0217,2023-07,39500,0,0.0,14,9100.0
EMP0217,2023-08,39500,13,4814.06,5,3250.0
EMP0217,2023-09,39500,20,7406.25,4,2600.0
EMP0217,2023-10,39500,17,6295.31,6,3900.0
EMP0217,2023-11,39500,11,4073.44,0,0.0
EMP0217,2023-12,39500,12,4443.75,0,0.0
EMP0218,2023-01,53500,20,10031.25,0,0.0
EMP0218,2023-02,53500,0,0.0,0,0.0
EMP0218,2023-03,53500,28,14043.75,0,0.0
EMP0218,2023-04,53500,24,12037.5,0,0.0
EMP0218,2023-05,53500,0,0.0,0,0.0
EMP0218,2023-06,53500,0,0.0,0,0.0
EMP0218,2023-07,53500,0,0.0,0,0.0
EMP0218,2023-08,53500,10,5015.62,0,0.0
EMP0218,2023-09,53500,29,14545.31,0,0.0
EMP0218,2023-10,53500,0,0.0,0,0.0
EMP0218,2023-11,53500,26,13040.62,0,0.0
EMP0218,2023-12,53500,0,0.0,0,0.0
EMP0219,2023-01,53500,0,0.0,0,0.0
EMP0219,2023-02,53500,19,9529.69,12,7800.0
EMP0219,2023-03,53500,0,0.0,0,0.0
EMP0219,2023-04,53500,0,0.0,0,0.0
EMP0219,2023-05,53500,0,0.0,0,0.0
EMP0219,2023-06,53500,0,0.0,0,0.0
EMP0219,2023-07,53500,0,0.0,0,0.0
EMP0219,2023-08,53500,24,12037.5,0,0.0
EMP0219,2023-09,53500,0,0.0,11,7150.0
EMP0219,2023-10,53500,0,0.0,10,6500.0
EMP0219,2023-11,53500,16,8025.0,0,0.0
EMP0219,2023-12,53500,0,0.0,0,0.0
EMP0220,2023-01,68000,22,14025.0,0,0.0
EMP0220,2023-02,68000,0,0.0,0,0.0
EMP0220,2023-03,68000,23,14662.5,0,0.0
EMP0220,2023-04,68000,0,0.0,16,10400.0
EMP0220,2023-05,68000,0,0.0,0,0.0
EMP0220,2023-06,68000,6,3825.0,0,0.0
EMP0220,2023-07,68000,27,17212.5,13,8450.0
EMP0220,2023-08,68000,26,16575.0,0,0.0
EMP0220,2023-09,68000,0,0.0,15,9750.0
EMP0220,2023-10,68000,14,8925.0,0,0.0
EMP0220,2023-11,68000,0,0.0,13,8450.0
EMP0220,2023-12,68000,4,2550.0,0,0.0
EMP0221,2023-01,46500,0,0.0,0,0.0
EMP0221,2023-02,46500,0,0.0,0,0.0
EMP0221,2023-03,46500,9,3923.44,9,5850.0
EMP0221,2023-04,46500,0,0.0,0,0.0
EMP0221,2023-05,46500,0,0.0,0,0.0
EMP0221,2023-06,46500,0,0.0,0,0.0
EMP0221,2023-07,46500,0,0.0,0,0.0
EMP0221,2023-08,46500,0,0.0,0,0.0
EMP0221,2023-09,46500,0,0.0,0,0.0
EMP0221,2023-10,46500,0,0.0,0,0.0
EMP0221,2023-11,46500,0,0.0,0,0.0
EMP0221,2023-12,46500,28,12206.25,0,0.0
EMP0222,2023-01,69500,0,0.0,0,0.0
EMP0222,2023-02,69500,0,0.0,0,0.0
EMP0222,2023-03,69500,20,13031.25,6,3900.0
EMP0222,2023-04,69500,0,0.0,0,0.0
EMP0222,2023-05,69500,30,19546.88,14,9100.0
EMP0222,2023-06,69500,0,0.0,0,0.0
EMP0222,2023-07,69500,26,16940.62,0,0.0
EMP0222,2023-08,69500,0,0.0,0,0.0
EMP0222,2023-09,69500,20,13031.25,0,0.0
EMP0222,2023-10,69500,0,0.0,0,0.0
EMP0222,2023-11,69500,0,0.0,0,0.0
EMP0222,2023-12,69500,0,0.0,0,0.0
EMP0223,2023-01,70000,0,0.0,0,0.0
EMP0223,2023-02,70000,27,17718.75,0,0.0
EMP0223,2023-03,70000,0,0.0,0,0.0
EMP0223,2023-04,70000,23,15093.75,0,0.0
EMP0223,2023-05,70000,0,0.0,13,8450.0
EMP0223,2023-06,70000,0,0.0,0,0.0
EMP0223,2023-07,70000,0,0.0,0,0.0
EMP0223,2023-08,70000,28,18375.0,0,0.0
EMP0223,2023-09,70000,0,0.0,0,0.0
EMP0223,2023-10,70000,0,0.0,10,6500.0
EMP0223,2023-11,70000,13,8531.25,7,4550.0
EMP0223,2023-12,70000,19,12468.75,12,7800.0
EMP0224,2023-01,60500,24,13612.5,0,0.0
EMP0224,2023-02,60500,0,0.0,0,0.0
EMP0224,2023-03,60500,0,0.0,0,0.0
EMP0224,2023-04,60500,28,15881.25,0,0.0
EMP0224,2023-05,60500,0,0.0,15,9750.0
EMP0224,2023-06,60500,16,9075.0,16,10400.0
EMP0224,2023-07,60500,30,17015.62,0,0.0
EMP0224,2023-08,60500,0,0.0,0,0.0
EMP0224,2023-09,60500,8,4537.5,11,7150.0
EMP0224,2023-10,60500,0,0.0,14,9100.0
EMP0224,2023-11,60500,16,9075.0,15,9750.0
EMP0224,2023-12,60500,0,0.0,0,0.0
EMP0225,2023-01,65000,22,13406.25,0,0.0
EMP0225,2023-02,65000,5,3046.88,0,0.0
EMP0225,2023-03,65000,29,17671.88,0,0.0
EMP0225,2023-04,65000,16,9750.0,2,1300.0
EMP0225,2023-05,65000,0,0.0,0,0.0
EMP0225,2023-06,65000,25,15234.38,0,0.0
EMP0225,2023-07,65000,0,0.0,0,0.0
EMP0225,2023-08,65000,7,4265.62,14,9100.0
EMP0225,2023-09,65000,17,10359.38,12,7800.0
EMP0225,2023-10,65000,0,0.0,0,0.0
EMP0225,2023-11,65000,0,0.0,0,0.0
EMP0225,2023-12,65000,29,17671.88,11,7150.0
EMP0226,2023-01,61500,0,0.0,0,0.0
EMP0226,2023-02,61500,7,4035.94,0,0.0
EMP0226,2023-03,61500,0,0.0,0,0.0
EMP0226,2023-04,61500,0,0.0,0,0.0
EMP0226,2023-05,61500,0,0.0,0,0.0
EMP0226,2023-06,61500,0,0.0,0,0.0
EMP0226,2023-07,61500,20,11531.25,0,0.0
EMP0226,2023-08,61500,0,0.0,0,0.0
EMP0226,2023-09,61500,0,0.0,0,0.0
EMP0226,2023-10,61500,0,0.0,0,0.0
EMP0226,2023-11,61500,0,0.0,0,0.0
EMP0226,2023-12,61500,0,0.0,0,0.0
EMP0227,2023-01,62000,0,0.0,0,0.0
EMP0227,2023-02,62000,0,0.0,0,0.0
EMP0227,2023-03,62000,18,10462.5,4,2600.0
EMP0227,2023-04,62000,0,0.0,3,1950.0
EMP0227,2023-05,62000,9,5231.25,0,0.0
EMP0227,2023-06,62000,0,0.0,6,3900.0
EMP0227,2023-07,62000,0,0.0,0,0.0
EMP0227,2023-08,62000,5,2906.25,0,0.0
EMP0227,2023-09,62000,12,6975.0,0,0.0
EMP0227,2023-10,62000,0,0.0,0,0.0
EMP0227,2023-11,62000,0,0.0,0,0.0
EMP0227,2023-12,62000,29,16856.25,0,0.0
EMP0228,2023-01,67500,0,0.0,4,2600.0
EMP0228,2023-02,67500,0,0.0,0,0.0
EMP0228,2023-03,67500,0,0.0,16,10400.0
EMP0228,2023-04,67500,0,0.0,0,0.0
EMP0228,2023-05,67500,19,12023.44,0,0.0
EMP0228,2023-06,67500,0,0.0,10,6500.0
EMP0228,2023-07,67500,29,18351.56,0,0.0
EMP0228,2023-08,67500,17,10757.81,0,0.0
EMP0228,2023-09,67500,21,13289.06,0,0.0
EMP0228,2023-10,67500,0,0.0,0,0.0
EMP0228,2023-11,67500,0,0.0,0,0.0
EMP0228,2023-12,67500,0,0.0,0,0.0
EMP0229,2023-01,66500,30,18703.12,0,0.0
EMP0229,2023-02,66500,17,10598.44,0,0.0
EMP0229,2023-03,66500,24,14962.5,16,10400.0
EMP0229,2023-04,66500,8,4987.5,8,5200.0
EMP0229,2023-05,66500,27,16832.81,0,0.0
EMP0229,2023-06,66500,21,13092.19,0,0.0
EMP0229,2023-07,66500,0,0.0,0,0.0
EMP0229,2023-08,66500,10,6234.38,0,0.0
EMP0229,2023-09,66500,0,0.0,0,0.0
EMP0229,2023-10,66500,0,0.0,8,5200.0
EMP0229,2023-11,66500,22,13715.62,0,0.0
EMP0229,2023-12,66500,6,3740.62,11,7150.0
EMP0230,2023-01,65500,0,0.0,0,0.0
EMP0230,2023-02,65500,0,0.0,2,1300.0
EMP0230,2023-03,65500,8,4912.5,11,7150.0
EMP0230,2023-04,65500,0,0.0,0,0.0
EMP0230,2023-05,65500,0,0.0,0,0.0
EMP0230,2023-06,65500,0,0.0,0,0.0
EMP0230,2023-07,65500,0,0.0,5,3250.0
EMP0230,2023-08,65500,30,18421.88,14,9100.0
EMP0230,2023-09,65500,0,0.0,2,1300.0
EMP0230,2023-10,65500,0,0.0,0,0.0
EMP0230,2023-11,65500,24,14737.5,0,0.0
EMP0230,2023-12,65500,0,0.0,0,0.0
EMP0231,2023-01,72000,28,18900.0,15,9750.0
EMP0231,2023-02,72000,19,12825.0,0,0.0
EMP0231,2023-03,72000,17,11475.0,0,0.0
EMP0231,2023-04,72000,0,0.0,0,0.0
EMP0231,2023-05,72000,0,0.0,0,0.0
EMP0231,2023-06,72000,22,14850.0,0,0.0
EMP0231,2023-07,72000,27,18225.0,0,0.0
EMP0231,2023-08,72000,0,0.0,0,0.0
EMP0231,2023-09,72000,16,10800.0,0,0.0
EMP0231,2023-10,72000,22,14850.0,13,8450.0
EMP0231,2023-11,72000,0,0.0,0,0.0
EMP0231,2023-12,72000,20,13500.0,0,0.0
EMP0232,2023-01,89000,0,0.0,12,7800.0
EMP0232,2023-02,89000,0,0.0,0,0.0
EMP0232,2023-03,89000,8,6675.0,10,6500.0
EMP0232,2023-04,89000,0,0.0,0,0.0
EMP0232,2023-05,89000,0,0.0,0,0.0
EMP0232,2023-06,89000,0,0.0,0,0.0
EMP0232,2023-07,89000,21,17521.88,0,0.0
EMP0232,2023-08,89000,0,0.0,0,0.0
EMP0232,2023-09,89000,0,0.0,0,0.0
EMP0232,2023-10,89000,0,0.0,6,3900.0
EMP0232,2023-11,89000,0,0.0,0,0.0
EMP0232,2023-12,89000,0,0.0,0,0.0
EMP0233,2023-01,44500,0,0.0,12,7800.0
EMP0233,2023-02,44500,30,12515.62,0,0.0
EMP0233,2023-03,44500,0,0.0,0,0.0
EMP0233,2023-04,44500,0,0.0,6,3900.0
EMP0233,2023-05,44500,0,0.0,0,0.0
EMP0233,2023-06,44500,17,7092.19,0,0.0
EMP0233,2023-07,44500,0,0.0,0,0.0
EMP0233,2023-08,44500,0,0.0,0,0.0
EMP0233,2023-09,44500,0,0.0,7,4550.0
EMP0233,2023-10,44500,16,6675.0,0,0.0
EMP0233,2023-11,44500,24,10012.5,0,0.0
EMP0233,2023-12,44500,0,0.0,0,0.0
EMP0234,2023-01,48000,6,2700.0,0,0.0
EMP0234,2023-02,48000,0,0.0,13,8450.0
EMP0234,2023-03,48000,0,0.0,0,0.0
EMP0234,2023-04,48000,0,0.0,0,0.0
EMP0234,2023-05,48000,0,0.0,5,3250.0
EMP0234,2023-06,48000,0,0.0,0,0.0
EMP0234,2023-07,48000,5,2250.0,15,9750.0
EMP0234,2023-08,48000,27,12150.0,2,1300.0
EMP0234,2023-09,48000,0,0.0,0,0.0
EMP0234,2023-10,48000,0,0.0,14,9100.0
EMP0234,2023-11,48000,0,0.0,0,0.0
EMP0234,2023-12,48000,0,0.0,0,0.0
EMP0235,2023-01,80500,0,0.0,0,0.0
EMP0235,2023-02,80500,30,22640.62,0,0.0
EMP0235,2023-03,80500,0,0.0,2,1300.0
EMP0235,2023-04,80500,0,0.0,0,0.0
EMP0235,2023-05,80500,23,17357.81,16,10400.0
EMP0235,2023-06,80500,0,0.0,0,0.0
EMP0235,2023-07,80500,0,0.0,0,0.0
EMP0235,2023-08,80500,14,10565.62,0,0.0
EMP0235,2023-09,80500,0,0.0,0,0.0
EMP0235,2023-10,80500,0,0.0,0,0.0
EMP0235,2023-11,80500,0,0.0,10,6500.0
EMP0235,2023-12,80500,0,0.0,0,0.0
EMP0236,2023-01,41000,0,0.0,15,9750.0
EMP0236,2023-02,41000,0,0.0,0,0.0
EMP0236,2023-03,41000,12,4612.5,9,5850.0
EMP0236,2023-04,41000,0,0.0,0,0.0
EMP0236,2023-05,41000,0,0.0,0,0.0
EMP0236,2023-06,41000,0,0.0,0,0.0
EMP0236,2023-07,41000,9,3459.38,0,0.0
EMP0236,2023-08,41000,21,8071.88,0,0.0
EMP0236,2023-09,41000,27,10378.12,13,8450.0
EMP0236,2023-10,41000,0,0.0,0,0.0
EMP0236,2023-11,41000,0,0.0,0,0.0
EMP0236,2023-12,41000,0,0.0,4,2600.0
EMP0237,2023-01,47000,9,3965.62,0,0.0
EMP0237,2023-02,47000,22,9693.75,0,0.0
EMP0237,2023-03,47000,0,0.0,0,0.0
EMP0237,2023-04,47000,0,0.0,0,0.0
EMP0237,2023-05,47000,0,0.0,11,7150.0
EMP0237,2023-06,47000,0,0.0,7,4550.0
EMP0237,2023-07,47000,16,7050.0,0,0.0
EMP0237,2023-08,47000,0,0.0,0,0.0
EMP0237,2023-09,47000,0,0.0,12,7800.0
EMP0237,2023-10,47000,0,0.0,0,0.0
EMP0237,2023-11,47000,20,8812.5,0,0.0
EMP0237,2023-12,47000,0,0.0,0,0.0
EMP0238,2023-01,49500,0,0.0,0,0.0
EMP0238,2023-02,49500,0,0.0,0,0.0
EMP0238,2023-03,49500,0,0.0,0,0.0
EMP0238,2023-04,49500,0,0.0,11,7150.0
EMP0238,2023-05,49500,0,0.0,0,0.0
EMP0238,2023-06,49500,0,0.0,0,0.0
EMP0238,2023-07,49500,0,0.0,0,0.0
EMP0238,2023-08,49500,0,0.0,15,9750.0
EMP0238,2023-09,49500,17,7889.06,11,7150.0
EMP0238,2023-10,49500,0,0.0,13,8450.0
EMP0238,2023-11,49500,10,4640.62,0,0.0
EMP0238,2023-12,49500,0,0.0,0,0.0
EMP0239,2023-01,54500,0,0.0,0,0.0
EMP0239,2023-02,54500,0,0.0,0,0.0
EMP0239,2023-03,54500,0,0.0,0,0.0
EMP0239,2023-04,54500,15,7664.06,0,0.0
EMP0239,2023-05,54500,0,0.0,0,0.0
EMP0239,2023-06,54500,0,0.0,7,4550.0
EMP0239,2023-07,54500,0,0.0,0,0.0
EMP0239,2023-08,54500,0,0.0,0,0.0
EMP0239,2023-09,54500,0,0.0,0,0.0
EMP0239,2023-10,54500,0,0.0,0,0.0
EMP0239,2023-11,54500,0,0.0,0,0.0
EMP0239,2023-12,54500,0,0.0,0,0.0
EMP0240,2023-01,81500,0,0.0,0,0.0
EMP0240,2023-02,81500,0,0.0,0,0.0
EMP0240,2023-03,81500,0,0.0,0,0.0
EMP0240,2023-04,81500,23,17573.44,0,0.0
EMP0240,2023-05,81500,11,8404.69,0,0.0
EMP0240,2023-06,81500,0,0.0,0,0.0
EMP0240,2023-07,81500,0,0.0,0,0.0
EMP0240,2023-08,81500,19,14517.19,2,1300.0
EMP0240,2023-09,81500,0,0.0,5,3250.0
EMP0240,2023-10,81500,0,0.0,9,5850.0
EMP0240,2023-11,81500,19,14517.19,0,0.0
EMP0240,2023-12,81500,0,0.0,0,0.0
EMP0241,2023-01,51500,16,7725.0,11,7150.0
EMP0241,2023-02,51500,11,5310.94,0,0.0
EMP0241,2023-03,51500,9,4345.31,0,0.0
EMP0241,2023-04,51500,10,4828.12,0,0.0
EMP0241,2023-05,51500,4,1931.25,15,9750.0
EMP0241,2023-06,51500,6,2896.88,0,0.0
EMP0241,2023-07,51500,0,0.0,0,0.0
EMP0241,2023-08,51500,0,0.0,2,1300.0
EMP0241,2023-09,51500,12,5793.75,15,9750.0
EMP0241,2023-10,51500,0,0.0,0,0.0
EMP0241,2023-11,51500,25,12070.31,16,10400.0
EMP0241,2023-12,51500,0,0.0,0,0.0
EMP0242,2023-01,44500,25,10429.69,0,0.0
EMP0242,2023-02,44500,5,2085.94,5,3250.0
EMP0242,2023-03,44500,26,10846.88,0,0.0
EMP0242,2023-04,44500,0,0.0,12,7800.0
EMP0242,2023-05,44500,0,0.0,4,2600.0
EMP0242,2023-06,44500,0,0.0,0,0.0
EMP0242,2023-07,44500,0,0.0,9,5850.0
EMP0242,2023-08,44500,0,0.0,2,1300.0
EMP0242,2023-09,44500,0,0.0,0,0.0
EMP0242,2023-10,44500,4,1668.75,13,8450.0
EMP0242,2023-11,44500,4,1668.75,0,0.0
EMP0242,2023-12,44500,0,0.0,0,0.0
EMP0243,2023-01,65000,25,15234.38,0,0.0
EMP0243,2023-02,65000,29,17671.88,5,3250.0
EMP0243,2023-03,65000,0,0.0,0,0.0
EMP0243,2023-04,65000,0,0.0,0,0.0
EMP0243,2023-05,65000,0,0.0,8,5200.0
EMP0243,2023-06,65000,28,17062.5,0,0.0
EMP0243,2023-07,65000,7,4265.62,0,0.0
EMP0243,2023-08,65000,14,8531.25,0,0.0
EMP0243,2023-09,65000,16,9750.0,0,0.0
EMP0243,2023-10,65000,22,13406.25,13,8450.0
EMP0243,2023-11,65000,0,0.0,0,0.0
EMP0243,2023-12,65000,23,14015.62,0,0.0
EMP0244,2023-01,49500,0,0.0,0,0.0
EMP0244,2023-02,49500,29,13457.81,0,0.0
EMP0244,2023-03,49500,0,0.0,0,0.0
EMP0244,2023-04,49500,0,0.0,0,0.0
EMP0244,2023-05,49500,5,2320.31,0,0.0
EMP0244,2023-06,49500,0,0.0,8,5200.0
EMP0244,2023-07,49500,0,0.0,0,0.0
EMP0244,2023-08,49500,0,0.0,0,0.0
EMP0244,2023-09,49500,0,0.0,0,0.0
EMP0244,2023-10,49500,27,12529.69,8,5200.0
EMP0244,2023-11,49500,17,7889.06,5,3250.0
EMP0244,2023-12,49500,0,0.0,0,0.0
EMP0245,2023-01,49500,0,0.0,14,9100.0
EMP0245,2023-02,49500,0,0.0,9,5850.0
EMP0245,2023-03,49500,27,12529.69,0,0.0
EMP0245,2023-04,49500,0,0.0,0,0.0
EMP0245,2023-05,49500,0,0.0,0,0.0
EMP0245,2023-06,49500,0,0.0,4,2600.0
EMP0245,2023-07,49500,14,6496.88,8,5200.0
EMP0245,2023-08,49500,0,0.0,0,0.0
EMP0245,2023-09,49500,22,10209.38,3,1950.0
EMP0245,2023-10,49500,0,0.0,0,0.0
EMP0245,2023-11,49500,0,0.0,0,0.0
EMP0245,2023-12,49500,0,0.0,0,0.0
EMP0246,2023-01,79500,23,17142.19,0,0.0
EMP0246,2023-02,79500,0,0.0,0,0.0
EMP0246,2023-03,79500,0,0.0,0,0.0
EMP0246,2023-04,79500,0,0.0,0,0.0
EMP0246,2023-05,79500,16,11925.0,0,0.0
EMP0246,2023-06,79500,30,22359.38,0,0.0
EMP0246,2023-07,79500,0,0.0,3,1950.0
EMP0246,2023-08,79500,20,14906.25,0,0.0
EMP0246,2023-09,79500,0,0.0,12,7800.0
EMP0246,2023-10,79500,25,18632.81,0,0.0
EMP0246,2023-11,79500,20,14906.25,3,1950.0
EMP0246,2023-12,79500,27,20123.44,0,0.0
EMP0247,2023-01,52000,18,8775.0,0,0.0
EMP0247,2023-02,52000,0,0.0,3,1950.0
EMP0247,2023-03,52000,11,5362.5,0,0.0
EMP0247,2023-04,52000,0,0.0,7,4550.0
EMP0247,2023-05,52000,0,0.0,0,0.0
EMP0247,2023-06,52000,0,0.0,5,3250.0
EMP0247,2023-07,52000,30,14625.0,0,0.0
EMP0247,2023-08,52000,0,0.0,0,0.0
EMP0247,2023-09,52000,0,0.0,13,8450.0
EMP0247,2023-10,52000,0,0.0,11,7150.0
EMP0247,2023-11,52000,22,10725.0,0,0.0
EMP0247,2023-12,52000,0,0.0,0,0.0
EMP0248,2023-01,52500,0,0.0,0,0.0
EMP0248,2023-02,52500,25,12304.69,12,7800.0
EMP0248,2023-03,52500,0,0.0,4,2600.0
EMP0248,2023-04,52500,0,0.0,11,7150.0
EMP0248,2023-05,52500,0,0.0,9,5850.0
EMP0248,2023-06,52500,0,0.0,0,0.0
EMP0248,2023-07,52500,0,0.0,0,0.0
EMP0248,2023-08,52500,0,0.0,0,0.0
EMP0248,2023-09,52500,0,0.0,0,0.0
EMP0248,2023-10,52500,24,11812.5,0,0.0
EMP0248,2023-11,52500,0,0.0,6,3900.0
EMP0248,2023-12,52500,0,0.0,0,0.0
EMP0249,2023-01,52000,26,12675.0,0,0.0
EMP0249,2023-02,52000,9,4387.5,0,0.0
EMP0249,2023-03,52000,20,9750.0,0,0.0
EMP0249,2023-04,52000,12,5850.0,0,0.0
EMP0249,2023-05,52000,20,9750.0,0,0.0
EMP0249,2023-06,52000,12,5850.0,0,0.0
EMP0249,2023-07,52000,12,5850.0,0,0.0
EMP0249,2023-08,52000,11,5362.5,0,0.0
EMP0249,2023-09,52000,0,0.0,0,0.0
EMP0249,2023-10,52000,0,0.0,0,0.0
EMP0249,2023-11,52000,0,0.0,10,6500.0
EMP0249,2023-12,52000,30,14625.0,7,4550.0
EMP0250,2023-01,71000,0,0.0,11,7150.0
EMP0250,2023-02,71000,30,19968.75,10,6500.0
EMP0250,2023-03,71000,0,0.0,7,4550.0
EMP0250,2023-04,71000,0,0.0,0,0.0
EMP0250,2023-05,71000,0,0.0,0,0.0
EMP0250,2023-06,71000,0,0.0,0,0.0
EMP0250,2023-07,71000,0,0.0,0,0.0
EMP0250,2023-08,71000,0,0.0,0,0.0
EMP0250,2023-09,71000,0,0.0,11,7150.0
EMP0250,2023-10,71000,8,5325.0,0,0.0
EMP0250,2023-11,71000,0,0.0,6,3900.0
EMP0250,2023-12,71000,0,0.0,3,1950.0
EMP0251,2023-01,38000,0,0.0,0,0.0
EMP0251,2023-02,38000,12,4275.0,0,0.0
EMP0251,2023-03,38000,0,0.0,0,0.0
EMP0251,2023-04,38000,0,0.0,0,0.0
EMP0251,2023-05,38000,22,7837.5,0,0.0
EMP0251,2023-06,38000,0,0.0,4,2600.0
EMP0251,2023-07,38000,0,0.0,0,0.0
EMP0251,2023-08,38000,6,2137.5,2,1300.0
EMP0251,2023-09,38000,7,2493.75,0,0.0
EMP0251,2023-10,38000,0,0.0,0,0.0
EMP0251,2023-11,38000,27,9618.75,0,0.0
EMP0251,2023-12,38000,0,0.0,0,0.0
EMP0252,2023-01,61500,25,14414.06,7,4550.0
EMP0252,2023-02,61500,16,9225.0,0,0.0
EMP0252,2023-03,61500,0,0.0,0,0.0
EMP0252,2023-04,61500,0,0.0,0,0.0
EMP0252,2023-05,61500,0,0.0,0,0.0
EMP0252,2023-06,61500,26,14990.62,0,0.0
EMP0252,2023-07,61500,0,0.0,0,0.0
EMP0252,2023-08,61500,24,13837.5,0,0.0
EMP0252,2023-09,61500,17,9801.56,16,10400.0
EMP0252,2023-10,61500,0,0.0,0,0.0
EMP0252,2023-11,61500,0,0.0,2,1300.0
EMP0252,2023-12,61500,15,8648.44,0,0.0
EMP0253,2023-01,68500,0,0.0,0,0.0
EMP0253,2023-02,68500,0,0.0,0,0.0
EMP0253,2023-03,68500,0,0.0,15,9750.0
EMP0253,2023-04,68500,0,0.0,0,0.0
EMP0253,2023-05,68500,0,0.0,0,0.0
EMP0253,2023-06,68500,0,0.0,3,1950.0
EMP0253,2023-07,68500,10,6421.88,8,5200.0
EMP0253,2023-08,68500,24,15412.5,0,0.0
EMP0253,2023-09,68500,0,0.0,7,4550.0
EMP0253,2023-10,68500,0,0.0,6,3900.0
EMP0253,2023-11,68500,0,0.0,0,0.0
EMP0253,2023-12,68500,12,7706.25,0,0.0
EMP0254,2023-01,62500,0,0.0,6,3900.0
EMP0254,2023-02,62500,0,0.0,0,0.0
EMP0254,2023-03,62500,0,0.0,0,0.0
EMP0254,2023-04,62500,0,0.0,15,9750.0
EMP0254,2023-05,62500,17,9960.94,0,0.0
EMP0254,2023-06,62500,17,9960.94,6,3900.0
EMP0254,2023-07,62500,0,0.0,0,0.0
EMP0254,2023-08,62500,8,4687.5,0,0.0
EMP0254,2023-09,62500,25,14648.44,0,0.0
EMP0254,2023-10,62500,0,0.0,0,0.0
EMP0254,2023-11,62500,22,12890.62,15,9750.0
EMP0254,2023-12,62500,0,0.0,9,5850.0
EMP0255,2023-01,48500,30,13640.62,3,1950.0
EMP0255,2023-02,48500,0,0.0,12,7800.0
EMP0255,2023-03,48500,0,0.0,16,10400.0
EMP0255,2023-04,48500,0,0.0,0,0.0
EMP0255,2023-05,48500,0,0.0,0,0.0
EMP0255,2023-06,48500,17,7729.69,0,0.0
EMP0255,2023-07,48500,0,0.0,0,0.0
EMP0255,2023-08,48500,14,6365.62,0,0.0
EMP0255,2023-09,48500,0,0.0,0,0.0
EMP0255,2023-10,48500,0,0.0,10,6500.0
EMP0255,2023-11,48500,0,0.0,0,0.0
EMP0255,2023-12,48500,22,10003.12,0,0.0
EMP0256,2023-01,68500,24,15412.5,0,0.0
EMP0256,2023-02,68500,23,14770.31,0,0.0
EMP0256,2023-03,68500,4,2568.75,0,0.0
EMP0256,2023-04,68500,0,0.0,4,2600.0
EMP0256,2023-05,68500,0,0.0,8,5200.0
EMP0256,2023-06,68500,0,0.0,0,0.0
EMP0256,2023-07,68500,6,3853.12,0,0.0
EMP0256,2023-08,68500,0,0.0,0,0.0
EMP0256,2023-09,68500,16,10275.0,0,0.0
EMP0256,2023-10,68500,0,0.0,0,0.0
EMP0256,2023-11,68500,0,0.0,0,0.0
EMP0256,2023-12,68500,0,0.0,16,10400.0
EMP0257,2023-01,70500,22,14540.62,0,0.0
EMP0257,2023-02,70500,0,0.0,0,0.0
EMP0257,2023-03,70500,0,0.0,0,0.0
EMP0257,2023-04,70500,0,0.0,0,0.0
EMP0257,2023-05,70500,0,0.0,0,0.0
EMP0257,2023-06,70500,0,0.0,0,0.0
EMP0257,2023-07,70500,0,0.0,0,0.0
EMP0257,2023-08,70500,0,0.0,13,8450.0
EMP0257,2023-09,70500,0,0.0,0,0.0
EMP0257,2023-10,70500,10,6609.38,3,1950.0
EMP0257,2023-11,70500,0,0.0,0,0.0
EMP0257,2023-12,70500,0,0.0,0,0.0
EMP0258,2023-01,70500,0,0.0,12,7800.0
EMP0258,2023-02,70500,0,0.0,0,0.0
EMP0258,2023-03,70500,28,18506.25,0,0.0
EMP0258,2023-04,70500,30,19828.12,4,2600.0
EMP0258,2023-05,70500,0,0.0,0,0.0
EMP0258,2023-06,70500,28,18506.25,0,0.0
EMP0258,2023-07,70500,19,12557.81,0,0.0
EMP0258,2023-08,70500,0,0.0,0,0.0
EMP0258,2023-09,70500,20,13218.75,0,0.0
EMP0258,2023-10,70500,0,0.0,10,6500.0
EMP0258,2023-11,70500,30,19828.12,0,0.0
EMP0258,2023-12,70500,0,0.0,0,0.0
EMP0259,2023-01,44500,15,6257.81,3,1950.0
EMP0259,2023-02,44500,0,0.0,0,0.0
EMP0259,2023-03,44500,0,0.0,0,0.0
EMP0259,2023-04,44500,0,0.0,8,5200.0
EMP0259,2023-05,44500,0,0.0,3,1950.0
EMP0259,2023-06,44500,0,0.0,6,3900.0
EMP0259,2023-07,44500,0,0.0,9,5850.0
EMP0259,2023-08,44500,0,0.0,0,0.0
EMP0259,2023-09,44500,0,0.0,0,0.0
EMP0259,2023-10,44500,0,0.0,0,0.0
EMP0259,2023-11,44500,0,0.0,0,0.0
EMP0259,2023-12,44500,20,8343.75,0,0.0
EMP0260,2023-01,51500,0,0.0,0,0.0
EMP0260,2023-02,51500,12,5793.75,0,0.0
EMP0260,2023-03,51500,0,0.0,0,0.0
EMP0260,2023-04,51500,6,2896.88,0,0.0
EMP0260,2023-05,51500,11,5310.94,0,0.0
EMP0260,2023-06,51500,0,0.0,0,0.0
EMP0260,2023-07,51500,0,0.0,0,0.0
EMP0260,2023-08,51500,0,0.0,2,1300.0
EMP0260,2023-09,51500,21,10139.06,6,3900.0
EMP0260,2023-10,51500,0,0.0,0,0.0
EMP0260,2023-11,51500,0,0.0,0,0.0
EMP0260,2023-12,51500,0,0.0,0,0.0
EMP0261,2023-01,48500,0,0.0,0,0.0
EMP0261,2023-02,48500,25,11367.19,3,1950.0
EMP0261,2023-03,48500,0,0.0,0,0.0
EMP0261,2023-04,48500,0,0.0,0,0.0
EMP0261,2023-05,48500,21,9548.44,0,0.0
EMP0261,2023-06,48500,0,0.0,0,0.0
EMP0261,2023-07,48500,19,8639.06,0,0.0
EMP0261,2023-08,48500,0,0.0,0,0.0
EMP0261,2023-09,48500,0,0.0,0,0.0
EMP0261,2023-10,48500,27,12276.56,3,1950.0
EMP0261,2023-11,48500,30,13640.62,0,0.0
EMP0261,2023-12,48500,0,0.0,0,0.0
EMP0262,2023-01,55000,0,0.0,0,0.0
EMP0262,2023-02,55000,24,12375.0,0,0.0
EMP0262,2023-03,55000,0,0.0,0,0.0
EMP0262,2023-04,55000,0,0.0,0,0.0
EMP0262,2023-05,55000,0,0.0,9,5850.0
EMP0262,2023-06,55000,0,0.0,8,5200.0
EMP0262,2023-07,55000,0,0.0,0,0.0
EMP0262,2023-08,55000,24,12375.0,0,0.0
EMP0262,2023-09,55000,0,0.0,0,0.0
EMP0262,2023-10,55000,21,10828.12,0,0.0
EMP0262,2023-11,55000,20,10312.5,0,0.0
EMP0262,2023-12,55000,0,0.0,0,0.0
EMP0263,2023-01,86500,0,0.0,5,3250.0
EMP0263,2023-02,86500,0,0.0,0,0.0
EMP0263,2023-03,86500,27,21895.31,0,0.0
EMP0263,2023-04,86500,0,0.0,0,0.0
EMP0263,2023-05,86500,9,7298.44,0,0.0
EMP0263,2023-06,86500,0,0.0,0,0.0
EMP0263,2023-07,86500,0,0.0,13,8450.0
EMP0263,2023-08,86500,0,0.0,0,0.0
EMP0263,2023-09,86500,20,16218.75,0,0.0
EMP0263,2023-10,86500,0,0.0,0,0.0
EMP0263,2023-11,86500,0,0.0,0,0.0
EMP0263,2023-12,86500,0,0.0,0,0.0
EMP0264,2023-01,57500,0,0.0,0,0.0
EMP0264,2023-02,57500,0,0.0,0,0.0
EMP0264,2023-03,57500,0,0.0,0,0.0
EMP0264,2023-04,57500,25,13476.56,0,0.0
EMP0264,2023-05,57500,7,3773.44,0,0.0
EMP0264,2023-06,57500,0,0.0,0,0.0
EMP0264,2023-07,57500,0,0.0,12,7800.0
EMP0264,2023-08,57500,5,2695.31,0,0.0
EMP0264,2023-09,57500,0,0.0,2,1300.0
EMP0264,2023-10,57500,0,0.0,0,0.0
EMP0264,2023-11,57500,18,9703.12,0,0.0
EMP0264,2023-12,57500,0,0.0,0,0.0
EMP0265,2023-01,54000,21,10631.25,0,0.0
EMP0265,2023-02,54000,0,0.0,4,2600.0
EMP0265,2023-03,54000,6,3037.5,2,1300.0
EMP0265,2023-04,54000,9,4556.25,16,10400.0
EMP0265,2023-05,54000,10,5062.5,0,0.0
EMP0265,2023-06,54000,0,0.0,0,0.0
EMP0265,2023-07,54000,0,0.0,0,0.0
EMP0265,2023-08,54000,0,0.0,0,0.0
EMP0265,2023-09,54000,0,0.0,14,9100.0
EMP0265,2023-10,54000,0,0.0,0,0.0
EMP0265,2023-11,54000,0,0.0,0,0.0
EMP0265,2023-12,54000,30,15187.5,0,0.0
EMP0266,2023-01,43000,10,4031.25,0,0.0
EMP0266,2023-02,43000,12,4837.5,0,0.0
EMP0266,2023-03,43000,11,4434.38,0,0.0
EMP0266,2023-04,43000,0,0.0,0,0.0
EMP0266,2023-05,43000,0,0.0,13,8450.0
EMP0266,2023-06,43000,19,7659.38,13,8450.0
EMP0266,2023-07,43000,0,0.0,0,0.0
EMP0266,2023-08,43000,0,0.0,8,5200.0
EMP0266,2023-09,43000,0,0.0,0,0.0
EMP0266,2023-10,43000,24,9675.0,0,0.0
EMP0266,2023-11,43000,15,6046.88,0,0.0
EMP0266,2023-12,43000,0,0.0,0,0.0
EMP0267,2023-01,62500,0,0.0,0,0.0
EMP0267,2023-02,62500,26,15234.38,15,9750.0
EMP0267,2023-03,62500,9,5273.44,0,0.0
EMP0267,2023-04,62500,0,0.0,0,0.0
EMP0267,2023-05,62500,0,0.0,0,0.0
EMP0267,2023-06,62500,0,0.0,0,0.0
EMP0267,2023-07,62500,12,7031.25,10,6500.0
EMP0267,2023-08,62500,0,0.0,0,0.0
EMP0267,2023-09,62500,9,5273.44,0,0.0
EMP0267,2023-10,62500,0,0.0,0,0.0
EMP0267,2023-11,62500,29,16992.19,6,3900.0
EMP0267,2023-12,62500,0,0.0,0,0.0
EMP0268,2023-01,45000,0,0.0,0,0.0
EMP0268,2023-02,45000,6,2531.25,4,2600.0
EMP0268,2023-03,45000,0,0.0,0,0.0
EMP0268,2023-04,45000,0,0.0,11,7150.0
EMP0268,2023-05,45000,15,6328.12,0,0.0
EMP0268,2023-06,45000,21,8859.38,0,0.0
EMP0268,2023-07,45000,26,10968.75,0,0.0
EMP0268,2023-08,45000,16,6750.0,0,0.0
EMP0268,2023-09,45000,0,0.0,0,0.0
EMP0268,2023-10,45000,16,6750.0,0,0.0
EMP0268,2023-11,45000,30,12656.25,13,8450.0
EMP0268,2023-12,45000,20,8437.5,0,0.0
EMP0269,2023-01,65000,8,4875.0,0,0.0
EMP0269,2023-02,65000,7,4265.62,0,0.0
EMP0269,2023-03,65000,8,4875.0,0,0.0
EMP0269,2023-04,65000,21,12796.88,16,10400.0
EMP0269,2023-05,65000,0,0.0,0,0.0
EMP0269,2023-06,65000,0,0.0,0,0.0
EMP0269,2023-07,65000,0,0.0,0,0.0
EMP0269,2023-08,65000,0,0.0,0,0.0
EMP0269,2023-09,65000,27,16453.12,0,0.0
EMP0269,2023-10,65000,0,0.0,0,0.0
EMP0269,2023-11,65000,0,0.0,0,0.0
EMP0269,2023-12,65000,0,0.0,0,0.0
EMP0270,2023-01,98000,0,0.0,10,6500.0
EMP0270,2023-02,98000,0,0.0,0,0.0
EMP0270,2023-03,98000,0,0.0,13,8450.0
EMP0270,2023-04,98000,0,0.0,0,0.0
EMP0270,2023-05,98000,0,0.0,11,7150.0
EMP0270,2023-06,98000,17,15618.75,10,6500.0
EMP0270,2023-07,98000,0,0.0,0,0.0
EMP0270,2023-08,98000,0,0.0,0,0.0
EMP0270,2023-09,98000,0,0.0,0,0.0
EMP0270,2023-10,98000,0,0.0,0,0.0
EMP0270,2023-11,98000,0,0.0,13,8450.0
EMP0270,2023-12,98000,18,16537.5,0,0.0
EMP0271,2023-01,76000,0,0.0,6,3900.0
EMP0271,2023-02,76000,0,0.0,8,5200.0
EMP0271,2023-03,76000,12,8550.0,0,0.0
EMP0271,2023-04,76000,0,0.0,0,0.0
EMP0271,2023-05,76000,0,0.0,0,0.0
EMP0271,2023-06,76000,18,12825.0,0,0.0
EMP0271,2023-07,76000,18,12825.0,0,0.0
EMP0271,2023-08,76000,0,0.0,0,0.0
EMP0271,2023-09,76000,0,0.0,0,0.0
EMP0271,2023-10,76000,23,16387.5,4,2600.0
EMP0271,2023-11,76000,0,0.0,0,0.0
EMP0271,2023-12,76000,13,9262.5,0,0.0
EMP0272,2023-01,65000,0,0.0,0,0.0
EMP0272,2023-02,65000,0,0.0,0,0.0
EMP0272,2023-03,65000,0,0.0,0,0.0
EMP0272,2023-04,65000,6,3656.25,0,0.0
EMP0272,2023-05,65000,0,0.0,2,1300.0
EMP0272,2023-06,65000,0,0.0,0,0.0
EMP0272,2023-07,65000,28,17062.5,0,0.0
EMP0272,2023-08,65000,21,12796.88,0,0.0
EMP0272,2023-09,65000,0,0.0,0,0.0
EMP0272,2023-10,65000,24,14625.0,15,9750.0
EMP0272,2023-11,65000,0,0.0,0,0.0
EMP0272,2023-12,65000,0,0.0,10,6500.0
EMP0273,2023-01,70000,27,17718.75,0,0.0
EMP0273,2023-02,70000,0,0.0,0,0.0
EMP0273,2023-03,70000,22,14437.5,0,0.0
EMP0273,2023-04,70000,0,0.0,0,0.0
EMP0273,2023-05,70000,0,0.0,0,0.0
EMP0273,2023-06,70000,20,13125.0,7,4550.0
EMP0273,2023-07,70000,0,0.0,0,0.0
EMP0273,2023-08,70000,0,0.0,0,0.0
EMP0273,2023-09,70000,0,0.0,0,0.0
EMP0273,2023-10,70000,0,0.0,0,0.0
EMP0273,2023-11,70000,12,7875.0,0,0.0
EMP0273,2023-12,70000,0,0.0,0,0.0
EMP0274,2023-01,54000,0,0.0,0,0.0
EMP0274,2023-02,54000,0,0.0,0,0.0
EMP0274,2023-03,54000,0,0.0,0,0.0
EMP0274,2023-04,54000,0,0.0,0,0.0
EMP0274,2023-05,54000,0,0.0,9,5850.0
EMP0274,2023-06,54000,0,0.0,4,2600.0
EMP0274,2023-07,54000,22,11137.5,0,0.0
EMP0274,2023-08,54000,29,14681.25,0,0.0
EMP0274,2023-09,54000,16,8100.0,0,0.0
EMP0274,2023-10,54000,8,4050.0,0,0.0
EMP0274,2023-11,54000,12,6075.0,11,7150.0
EMP0274,2023-12,54000,0,0.0,0,0.0
EMP0275,2023-01,47500,0,0.0,0,0.0
EMP0275,2023-02,47500,30,13359.38,0,0.0
EMP0275,2023-03,47500,4,1781.25,9,5850.0
EMP0275,2023-04,47500,0,0.0,0,0.0
EMP0275,2023-05,47500,0,0.0,15,9750.0
EMP0275,2023-06,47500,19,8460.94,0,0.0
EMP0275,2023-07,47500,18,8015.62,0,0.0
EMP0275,2023-08,47500,0,0.0,0,0.0
EMP0275,2023-09,47500,0,0.0,0,0.0
EMP0275,2023-10,47500,0,0.0,0,0.0
EMP0275,2023-11,47500,16,7125.0,0,0.0
EMP0275,2023-12,47500,0,0.0,0,0.0
EMP0276,2023-01,48000,9,4050.0,0,0.0
EMP0276,2023-02,48000,28,12600.0,16,10400.0
EMP0276,2023-03,48000,7,3150.0,0,0.0
EMP0276,2023-04,48000,0,0.0,0,0.0
EMP0276,2023-05,48000,10,4500.0,15,9750.0
EMP0276,2023-06,48000,7,3150.0,0,0.0
EMP0276,2023-07,48000,0,0.0,11,7150.0
EMP0276,2023-08,48000,25,11250.0,0,0.0
EMP0276,2023-09,48000,18,8100.0,0,0.0
EMP0276,2023-10,48000,15,6750.0,0,0.0
EMP0276,2023-11,48000,0,0.0,8,5200.0
EMP0276,2023-12,48000,0,0.0,0,0.0
EMP0277,2023-01,66500,0,0.0,10,6500.0
EMP0277,2023-02,66500,0,0.0,5,3250.0
EMP0277,2023-03,66500,28,17456.25,0,0.0
EMP0277,2023-04,66500,0,0.0,0,0.0
EMP0277,2023-05,66500,0,0.0,0,0.0
EMP0277,2023-06,66500,15,9351.56,0,0.0
EMP0277,2023-07,66500,8,4987.5,0,0.0
EMP0277,2023-08,66500,0,0.0,0,0.0
EMP0277,2023-09,66500,11,6857.81,0,0.0
EMP0277,2023-10,66500,0,0.0,10,6500.0
EMP0277,2023-11,66500,0,0.0,0,0.0
EMP0277,2023-12,66500,0,0.0,0,0.0
EMP0278,2023-01,38000,0,0.0,0,0.0
EMP0278,2023-02,38000,0,0.0,2,1300.0
EMP0278,2023-03,38000,0,0.0,0,0.0
EMP0278,2023-04,38000,0,0.0,5,3250.0
EMP0278,2023-05,38000,4,1425.0,0,0.0
EMP0278,2023-06,38000,0,0.0,7,4550.0
EMP0278,2023-07,38000,0,0.0,0,0.0
EMP0278,2023-08,38000,0,0.0,13,8450.0
EMP0278,2023-09,38000,0,0.0,0,0.0
EMP0278,2023-10,38000,0,0.0,14,9100.0
EMP0278,2023-11,38000,8,2850.0,10,6500.0
EMP0278,2023-12,38000,10,3562.5,0,0.0
EMP0279,2023-01,52500,6,2953.12,0,0.0
EMP0279,2023-02,52500,0,0.0,16,10400.0
EMP0279,2023-03,52500,13,6398.44,0,0.0
EMP0279,2023-04,52500,24,11812.5,0,0.0
EMP0279,2023-05,52500,4,1968.75,13,8450.0
EMP0279,2023-06,52500,0,0.0,0,0.0
EMP0279,2023-07,52500,0,0.0,0,0.0
EMP0279,2023-08,52500,0,0.0,0,0.0
EMP0279,2023-09,52500,10,4921.88,0,0.0
EMP0279,2023-10,52500,0,0.0,0,0.0
EMP0279,2023-11,52500,0,0.0,0,0.0
EMP0279,2023-12,52500,0,0.0,0,0.0
EMP0280,2023-01,42000,30,11812.5,0,0.0
EMP0280,2023-02,42000,15,5906.25,0,0.0
EMP0280,2023-03,42000,19,7481.25,0,0.0
EMP0280,2023-04,42000,0,0.0,12,7800.0
EMP0280,2023-05,42000,0,0.0,0,0.0
EMP0280,2023-06,42000,0,0.0,16,10400.0
EMP0280,2023-07,42000,0,0.0,0,0.0
EMP0280,2023-08,42000,0,0.0,0,0.0
EMP0280,2023-09,42000,14,5512.5,0,0.0
EMP0280,2023-10,42000,18,7087.5,0,0.0
EMP0280,2023-11,42000,0,0.0,0,0.0
EMP0280,2023-12,42000,0,0.0,0,0.0
EMP0281,2023-01,57000,0,0.0,0,0.0
EMP0281,2023-02,57000,0,0.0,0,0.0
EMP0281,2023-03,57000,0,0.0,0,0.0
EMP0281,2023-04,57000,5,2671.88,0,0.0
EMP0281,2023-05,57000,0,0.0,4,2600.0
EMP0281,2023-06,57000,0,0.0,0,0.0
EMP0281,2023-07,57000,0,0.0,14,9100.0
EMP0281,2023-08,57000,19,10153.12,0,0.0
EMP0281,2023-09,57000,0,0.0,0,0.0
EMP0281,2023-10,57000,0,0.0,0,0.0
EMP0281,2023-11,57000,25,13359.38,12,7800.0
EMP0281,2023-12,57000,0,0.0,0,0.0
EMP0282,2023-01,43500,29,11826.56,0,0.0
EMP0282,2023-02,43500,0,0.0,0,0.0
EMP0282,2023-03,43500,9,3670.31,16,10400.0
EMP0282,2023-04,43500,0,0.0,14,9100.0
EMP0282,2023-05,43500,5,2039.06,0,0.0
EMP0282,2023-06,43500,0,0.0,0,0.0
EMP0282,2023-07,43500,0,0.0,0,0.0
EMP0282,2023-08,43500,0,0.0,8,5200.0
EMP0282,2023-09,43500,0,0.0,0,0.0
EMP0282,2023-10,43500,0,0.0,5,3250.0
EMP0282,2023-11,43500,16,6525.0,0,0.0
EMP0282,2023-12,43500,0,0.0,16,10400.0
EMP0283,2023-01,46500,0,0.0,8,5200.0
EMP0283,2023-02,46500,0,0.0,16,10400.0
EMP0283,2023-03,46500,0,0.0,0,0.0
EMP0283,2023-04,46500,0,0.0,0,0.0
EMP0283,2023-05,46500,0,0.0,0,0.0
EMP0283,2023-06,46500,0,0.0,0,0.0
EMP0283,2023-07,46500,0,0.0,5,3250.0
EMP0283,2023-08,46500,0,0.0,0,0.0
EMP0283,2023-09,46500,0,0.0,9,5850.0
EMP0283,2023-10,46500,0,0.0,0,0.0
EMP0283,2023-11,46500,0,0.0,0,0.0
EMP0283,2023-12,46500,21,9154.69,0,0.0
EMP0284,2023-01,70000,23,15093.75,0,0.0
EMP0284,2023-02,70000,25,16406.25,0,0.0
EMP0284,2023-03,70000,0,0.0,0,0.0
EMP0284,2023-04,70000,6,3937.5,13,8450.0
EMP0284,2023-05,70000,0,0.0,0,0.0
EMP0284,2023-06,70000,0,0.0,0,0.0
EMP0284,2023-07,70000,0,0.0,0,0.0
EMP0284,2023-08,70000,0,0.0,0,0.0
EMP0284,2023-09,70000,19,12468.75,0,0.0
EMP0284,2023-10,70000,29,19031.25,12,7800.0
EMP0284,2023-11,70000,5,3281.25,0,0.0
EMP0284,2023-12,70000,22,14437.5,0,0.0
EMP0285,2023-01,54000,0,0.0,16,10400.0
EMP0285,2023-02,54000,0,0.0,14,9100.0
EMP0285,2023-03,54000,0,0.0,10,6500.0
EMP0285,2023-04,54000,0,0.0,0,0.0
EMP0285,2023-05,54000,0,0.0,10,6500.0
EMP0285,2023-06,54000,0,0.0,0,0.0
EMP0285,2023-07,54000,0,0.0,0,0.0
EMP0285,2023-08,54000,0,0.0,0,0.0
EMP0285,2023-09,54000,0,0.0,0,0.0
EMP0285,2023-10,54000,29,14681.25,0,0.0
EMP0285,2023-11,54000,25,12656.25,0,0.0
EMP0285,2023-12,54000,0,0.0,0,0.0
EMP0286,2023-01,67000,0,0.0,0,0.0
EMP0286,2023-02,67000,12,7537.5,12,7800.0
EMP0286,2023-03,67000,0,0.0,0,0.0
EMP0286,2023-04,67000,0,0.0,9,5850.0
EMP0286,2023-05,67000,0,0.0,0,0.0
EMP0286,2023-06,67000,0,0.0,0,0.0
EMP0286,2023-07,67000,0,0.0,7,4550.0
EMP0286,2023-08,67000,10,6281.25,0,0.0
EMP0286,2023-09,67000,11,6909.38,0,0.0
EMP0286,2023-10,67000,6,3768.75,14,9100.0
EMP0286,2023-11,67000,0,0.0,7,4550.0
EMP0286,2023-12,67000,0,0.0,0,0.0
EMP0287,2023-01,75000,0,0.0,0,0.0
EMP0287,2023-02,75000,0,0.0,8,5200.0
EMP0287,2023-03,75000,0,0.0,0,0.0
EMP0287,2023-04,75000,0,0.0,0,0.0
EMP0287,2023-05,75000,0,0.0,0,0.0
EMP0287,2023-06,75000,0,0.0,14,9100.0
EMP0287,2023-07,75000,26,18281.25,0,0.0
EMP0287,2023-08,75000,0,0.0,0,0.0
EMP0287,2023-09,75000,0,0.0,0,0.0
EMP0287,2023-10,75000,16,11250.0,0,0.0
EMP0287,2023-11,75000,0,0.0,0,0.0
EMP0287,2023-12,75000,0,0.0,10,6500.0
EMP0288,2023-01,50500,0,0.0,0,0.0
EMP0288,2023-02,50500,27,12782.81,3,1950.0
EMP0288,2023-03,50500,0,0.0,0,0.0
EMP0288,2023-04,50500,0,0.0,0,0.0
EMP0288,2023-05,50500,0,0.0,0,0.0
EMP0288,2023-06,50500,0,0.0,0,0.0
EMP0288,2023-07,50500,15,7101.56,0,0.0
EMP0288,2023-08,50500,25,11835.94,0,0.0
EMP0288,2023-09,50500,8,3787.5,7,4550.0
EMP0288,2023-10,50500,0,0.0,0,0.0
EMP0288,2023-11,50500,23,10889.06,0,0.0
EMP0288,2023-12,50500,0,0.0,0,0.0
EMP0289,2023-01,63000,0,0.0,0,0.0
EMP0289,2023-02,63000,5,2953.12,14,9100.0
EMP0289,2023-03,63000,16,9450.0,0,0.0
EMP0289,2023-04,63000,23,13584.38,0,0.0
EMP0289,2023-05,63000,0,0.0,12,7800.0
EMP0289,2023-06,63000,14,8268.75,14,9100.0
EMP0289,2023-07,63000,0,0.0,2,1300.0
EMP0289,2023-08,63000,0,0.0,0,0.0
EMP0289,2023-09,63000,28,16537.5,0,0.0
EMP0289,2023-10,63000,4,2362.5,16,10400.0
EMP0289,2023-11,63000,0,0.0,4,2600.0
EMP0289,2023-12,63000,0,0.0,6,3900.0
EMP0290,2023-01,67500,0,0.0,8,5200.0
EMP0290,2023-02,67500,0,0.0,0,0.0
EMP0290,2023-03,67500,0,0.0,6,3900.0
EMP0290,2023-04,67500,0,0.0,0,0.0
EMP0290,2023-05,67500,0,0.0,0,0.0
EMP0290,2023-06,67500,0,0.0,0,0.0
EMP0290,2023-07,67500,20,12656.25,13,8450.0
EMP0290,2023-08,67500,0,0.0,0,0.0
EMP0290,2023-09,67500,19,12023.44,0,0.0
EMP0290,2023-10,67500,0,0.0,0,0.0
EMP0290,2023-11,67500,0,0.0,9,5850.0
EMP0290,2023-12,67500,0,0.0,0,0.0
EMP0291,2023-01,67500,0,0.0,0,0.0
EMP0291,2023-02,67500,30,18984.38,8,5200.0
EMP0291,2023-03,67500,0,0.0,0,0.0
EMP0291,2023-04,67500,0,0.0,0,0.0
EMP0291,2023-05,67500,0,0.0,0,0.0
EMP0291,2023-06,67500,15,9492.19,0,0.0
EMP0291,2023-07,67500,0,0.0,0,0.0
EMP0291,2023-08,67500,0,0.0,0,0.0
EMP0291,2023-09,67500,0,0.0,0,0.0
EMP0291,2023-10,67500,0,0.0,3,1950.0
EMP0291,2023-11,67500,15,9492.19,0,0.0
EMP0291,2023-12,67500,0,0.0,0,0.0
EMP0292,2023-01,68000,8,5100.0,0,0.0
EMP0292,2023-02,68000,0,0.0,0,0.0
EMP0292,2023-03,68000,0,0.0,0,0.0
EMP0292,2023-04,68000,0,0.0,6,3900.0
EMP0292,2023-05,68000,0,0.0,0,0.0
EMP0292,2023-06,68000,25,15937.5,0,0.0
EMP0292,2023-07,68000,0,0.0,0,0.0
EMP0292,2023-08,68000,0,0.0,0,0.0
EMP0292,2023-09,68000,0,0.0,0,0.0
EMP0292,2023-10,68000,0,0.0,9,5850.0
EMP0292,2023-11,68000,0,0.0,0,0.0
EMP0292,2023-12,68000,0,0.0,10,6500.0
EMP0293,2023-01,51000,0,0.0,0,0.0
EMP0293,2023-02,51000,0,0.0,0,0.0
EMP0293,2023-03,51000,0,0.0,0,0.0
EMP0293,2023-04,51000,0,0.0,6,3900.0
EMP0293,2023-05,51000,21,10040.62,12,7800.0
EMP0293,2023-06,51000,0,0.0,0,0.0
EMP0293,2023-07,51000,0,0.0,0,0.0
EMP0293,2023-08,51000,25,11953.12,0,0.0
EMP0293,2023-09,51000,0,0.0,0,0.0
EMP0293,2023-10,51000,0,0.0,10,6500.0
EMP0293,2023-11,51000,29,13865.62,2,1300.0
EMP0293,2023-12,51000,0,0.0,0,0.0
EMP0294,2023-01,36500,0,0.0,0,0.0
EMP0294,2023-02,36500,0,0.0,0,0.0
EMP0294,2023-03,36500,0,0.0,0,0.0
EMP0294,2023-04,36500,0,0.0,7,4550.0
EMP0294,2023-05,36500,0,0.0,8,5200.0
EMP0294,2023-06,36500,0,0.0,0,0.0
EMP0294,2023-07,36500,8,2737.5,0,0.0
EMP0294,2023-08,36500,0,0.0,6,3900.0
EMP0294,2023-09,36500,0,0.0,0,0.0
EMP0294,2023-10,36500,0,0.0,0,0.0
EMP0294,2023-11,36500,0,0.0,0,0.0
EMP0294,2023-12,36500,0,0.0,0,0.0
EMP0295,2023-01,46000,0,0.0,0,0.0
EMP0295,2023-02,46000,0,0.0,0,0.0
EMP0295,2023-03,46000,0,0.0,12,7800.0
EMP0295,2023-04,46000,0,0.0,0,0.0
EMP0295,2023-05,46000,0,0.0,0,0.0
EMP0295,2023-06,46000,0,0.0,0,0.0
EMP0295,2023-07,46000,0,0.0,0,0.0
EMP0295,2023-08,46000,0,0.0,16,10400.0
EMP0295,2023-09,46000,0,0.0,0,0.0
EMP0295,2023-10,46000,0,0.0,2,1300.0
EMP0295,2023-11,46000,0,0.0,0,0.0
EMP0295,2023-12,46000,0,0.0,0,0.0
EMP0296,2023-01,52000,0,0.0,16,10400.0
EMP0296,2023-02,52000,0,0.0,0,0.0
EMP0296,2023-03,52000,0,0.0,0,0.0
EMP0296,2023-04,52000,7,3412.5,0,0.0
EMP0296,2023-05,52000,0,0.0,0,0.0
EMP0296,2023-06,52000,17,8287.5,11,7150.0
EMP0296,2023-07,52000,6,2925.0,0,0.0
EMP0296,2023-08,52000,0,0.0,0,0.0
EMP0296,2023-09,52000,25,12187.5,0,0.0
EMP0296,2023-10,52000,0,0.0,0,0.0
EMP0296,2023-11,52000,0,0.0,0,0.0
EMP0296,2023-12,52000,0,0.0,0,0.0
EMP0297,2023-01,58500,24,13162.5,0,0.0
EMP0297,2023-02,58500,0,0.0,0,0.0
EMP0297,2023-03,58500,4,2193.75,0,0.0
EMP0297,2023-04,58500,0,0.0,2,1300.0
EMP0297,2023-05,58500,7,3839.06,0,0.0
EMP0297,2023-06,58500,5,2742.19,0,0.0
EMP0297,2023-07,58500,19,10420.31,0,0.0
EMP0297,2023-08,58500,0,0.0,0,0.0
EMP0297,2023-09,58500,0,0.0,0,0.0
EMP0297,2023-10,58500,0,0.0,0,0.0
EMP0297,2023-11,58500,0,0.0,6,3900.0
EMP0297,2023-12,58500,0,0.0,0,0.0
EMP0298,2023-01,64500,0,0.0,0,0.0
EMP0298,2023-02,64500,0,0.0,10,6500.0
EMP0298,2023-03,64500,19,11489.06,0,0.0
EMP0298,2023-04,64500,0,0.0,0,0.0
EMP0298,2023-05,64500,26,15721.88,11,7150.0
EMP0298,2023-06,64500,0,0.0,0,0.0
EMP0298,2023-07,64500,0,0.0,0,0.0
EMP0298,2023-08,64500,0,0.0,5,3250.0
EMP0298,2023-09,64500,0,0.0,0,0.0
EMP0298,2023-10,64500,0,0.0,11,7150.0
EMP0298,2023-11,64500,0,0.0,0,0.0
EMP0298,2023-12,64500,22,13303.12,0,0.0
EMP0299,2023-01,51000,8,3825.0,15,9750.0
EMP0299,2023-02,51000,22,10518.75,0,0.0
EMP0299,2023-03,51000,23,10996.88,15,9750.0
EMP0299,2023-04,51000,0,0.0,0,0.0
EMP0299,2023-05,51000,14,6693.75,4,2600.0
EMP0299,2023-06,51000,6,2868.75,0,0.0
EMP0299,2023-07,51000,0,0.0,2,1300.0
EMP0299,2023-08,51000,0,0.0,0,0.0
EMP0299,2023-09,51000,0,0.0,16,10400.0
EMP0299,2023-10,51000,0,0.0,0,0.0
EMP0299,2023-11,51000,0,0.0,0,0.0
EMP0299,2023-12,51000,0,0.0,0,0.0
EMP0300,2023-01,85500,0,0.0,0,0.0
EMP0300,2023-02,85500,9,7214.06,0,0.0
EMP0300,2023-03,85500,26,20840.62,0,0.0
EMP0300,2023-04,85500,0,0.0,0,0.0
EMP0300,2023-05,85500,0,0.0,0,0.0
EMP0300,2023-06,85500,0,0.0,0,0.0
EMP0300,2023-07,85500,23,18435.94,15,9750.0
EMP0300,2023-08,85500,0,0.0,0,0.0
EMP0300,2023-09,85500,0,0.0,0,0.0
EMP0300,2023-10,85500,0,0.0,0,0.0
EMP0300,2023-11,85500,26,20840.62,0,0.0
EMP0300,2023-12,85500,0,0.0,12,7800.0
EMP0301,2023-01,52500,0,0.0,0,0.0
EMP0301,2023-02,52500,0,0.0,0,0.0
EMP0301,2023-03,52500,16,7875.0,0,0.0
EMP0301,2023-04,52500,0,0.0,0,0.0
EMP0301,2023-05,52500,0,0.0,8,5200.0
EMP0301,2023-06,52500,0,0.0,0,0.0
EMP0301,2023-07,52500,9,4429.69,0,0.0
EMP0301,2023-08,52500,14,6890.62,10,6500.0
EMP0301,2023-09,52500,18,8859.38,0,0.0
EMP0301,2023-10,52500,27,13289.06,0,0.0
EMP0301,2023-11,52500,0,0.0,2,1300.0
EMP0301,2023-12,52500,0,0.0,13,8450.0
EMP0302,2023-01,62500,29,16992.19,12,7800.0
EMP0302,2023-02,62500,0,0.0,0,0.0
EMP0302,2023-03,62500,15,8789.06,0,0.0
EMP0302,2023-04,62500,0,0.0,0,0.0
EMP0302,2023-05,62500,15,8789.06,0,0.0
EMP0302,2023-06,62500,28,16406.25,16,10400.0
EMP0302,2023-07,62500,0,0.0,0,0.0
EMP0302,2023-08,62500,20,11718.75,8,5200.0
EMP0302,2023-09,62500,30,17578.12,0,0.0
EMP0302,2023-10,62500,22,12890.62,0,0.0
EMP0302,2023-11,62500,0,0.0,0,0.0
EMP0302,2023-12,62500,0,0.0,8,5200.0
EMP0303,2023-01,46000,0,0.0,8,5200.0
EMP0303,2023-02,46000,5,2156.25,12,7800.0
EMP0303,2023-03,46000,5,2156.25,0,0.0
EMP0303,2023-04,46000,9,3881.25,6,3900.0
EMP0303,2023-05,46000,0,0.0,0,0.0
EMP0303,2023-06,46000,19,8193.75,14,9100.0
EMP0303,2023-07,46000,27,11643.75,0,0.0
EMP0303,2023-08,46000,7,3018.75,0,0.0
EMP0303,2023-09,46000,23,9918.75,0,0.0
EMP0303,2023-10,46000,0,0.0,0,0.0
EMP0303,2023-11,46000,0,0.0,0,0.0
EMP0303,2023-12,46000,0,0.0,0,0.0
EMP0304,2023-01,58000,8,4350.0,0,0.0
EMP0304,2023-02,58000,15,8156.25,0,0.0
EMP0304,2023-03,58000,12,6525.0,13,8450.0
EMP0304,2023-04,58000,0,0.0,0,0.0
EMP0304,2023-05,58000,21,11418.75,14,9100.0
EMP0304,2023-06,58000,0,0.0,0,0.0
EMP0304,2023-07,58000,0,0.0,0,0.0
EMP0304,2023-08,58000,0,0.0,0,0.0
EMP0304,2023-09,58000,0,0.0,0,0.0
EMP0304,2023-10,58000,0,0.0,0,0.0
EMP0304,2023-11,58000,0,0.0,6,3900.0
EMP0304,2023-12,58000,0,0.0,10,6500.0
EMP0305,2023-01,58500,0,0.0,0,0.0
EMP0305,2023-02,58500,12,6581.25,0,0.0
EMP0305,2023-03,58500,0,0.0,0,0.0
EMP0305,2023-04,58500,0,0.0,0,0.0
EMP0305,2023-05,58500,0,0.0,16,10400.0
EMP0305,2023-06,58500,0,0.0,4,2600.0
EMP0305,2023-07,58500,28,15356.25,0,0.0
EMP0305,2023-08,58500,0,0.0,0,0.0
EMP0305,2023-09,58500,0,0.0,5,3250.0
EMP0305,2023-10,58500,26,14259.38,2,1300.0
EMP0305,2023-11,58500,11,6032.81,0,0.0
EMP0305,2023-12,58500,6,3290.62,0,0.0
EMP0306,2023-01,55500,0,0.0,11,7150.0
EMP0306,2023-02,55500,0,0.0,0,0.0
EMP0306,2023-03,55500,14,7284.38,0,0.0
EMP0306,2023-04,55500,0,0.0,8,5200.0
EMP0306,2023-05,55500,24,12487.5,0,0.0
EMP0306,2023-06,55500,0,0.0,0,0.0
EMP0306,2023-07,55500,28,14568.75,0,0.0
EMP0306,2023-08,55500,0,0.0,0,0.0
EMP0306,2023-09,55500,15,7804.69,0,0.0
EMP0306,2023-10,55500,25,13007.81,0,0.0
EMP0306,2023-11,55500,0,0.0,0,0.0
EMP0306,2023-12,55500,13,6764.06,0,0.0
EMP0307,2023-01,77000,0,0.0,0,0.0
EMP0307,2023-02,77000,0,0.0,0,0.0
EMP0307,2023-03,77000,29,20934.38,0,0.0
EMP0307,2023-04,77000,23,16603.12,9,5850.0
EMP0307,2023-05,77000,28,20212.5,0,0.0
EMP0307,2023-06,77000,0,0.0,0,0.0
EMP0307,2023-07,77000,22,15881.25,0,0.0
EMP0307,2023-08,77000,0,0.0,0,0.0
EMP0307,2023-09,77000,30,21656.25,0,0.0
EMP0307,2023-10,77000,5,3609.38,0,0.0
EMP0307,2023-11,77000,0,0.0,0,0.0
EMP0307,2023-12,77000,0,0.0,0,0.0
EMP0308,2023-01,67500,0,0.0,0,0.0
EMP0308,2023-02,67500,0,0.0,15,9750.0
EMP0308,2023-03,67500,0,0.0,2,1300.0
EMP0308,2023-04,67500,26,16453.12,0,0.0
EMP0308,2023-05,67500,0,0.0,7,4550.0
EMP0308,2023-06,67500,0,0.0,7,4550.0
EMP0308,2023-07,67500,18,11390.62,0,0.0
EMP0308,2023-08,67500,0,0.0,0,0.0
EMP0308,2023-09,67500,0,0.0,0,0.0
EMP0308,2023-10,67500,0,0.0,11,7150.0
EMP0308,2023-11,67500,17,10757.81,0,0.0
EMP0308,2023-12,67500,0,0.0,0,0.0
EMP0309,2023-01,71000,7,4659.38,16,10400.0
EMP0309,2023-02,71000,16,10650.0,0,0.0
EMP0309,2023-03,71000,0,0.0,0,0.0
EMP0309,2023-04,71000,0,0.0,0,0.0
EMP0309,2023-05,71000,0,0.0,0,0.0
EMP0309,2023-06,71000,11,7321.88,2,1300.0
EMP0309,2023-07,71000,0,0.0,15,9750.0
EMP0309,2023-08,71000,0,0.0,14,9100.0
EMP0309,2023-09,71000,0,0.0,0,0.0
EMP0309,2023-10,71000,28,18637.5,0,0.0
EMP0309,2023-11,71000,10,6656.25,0,0.0
EMP0309,2023-12,71000,13,8653.12,13,8450.0
EMP0310,2023-01,84500,0,0.0,0,0.0
EMP0310,2023-02,84500,17,13467.19,0,0.0
EMP0310,2023-03,84500,0,0.0,0,0.0
EMP0310,2023-04,84500,29,22973.44,0,0.0
EMP0310,2023-05,84500,10,7921.88,0,0.0
EMP0310,2023-06,84500,0,0.0,0,0.0
EMP0310,2023-07,84500,0,0.0,2,1300.0
EMP0310,2023-08,84500,0,0.0,0,0.0
EMP0310,2023-09,84500,0,0.0,0,0.0
EMP0310,2023-10,84500,29,22973.44,8,5200.0
EMP0310,2023-11,84500,0,0.0,0,0.0
EMP0310,2023-12,84500,0,0.0,0,0.0
EMP0311,2023-01,64500,17,10279.69,4,2600.0
EMP0311,2023-02,64500,0,0.0,0,0.0
EMP0311,2023-03,64500,0,0.0,0,0.0
EMP0311,2023-04,64500,12,7256.25,0,0.0
EMP0311,2023-05,64500,0,0.0,0,0.0
EMP0311,2023-06,64500,27,16326.56,4,2600.0
EMP0311,2023-07,64500,18,10884.38,0,0.0
EMP0311,2023-08,64500,0,0.0,0,0.0
EMP0311,2023-09,64500,0,0.0,0,0.0
EMP0311,2023-10,64500,8,4837.5,16,10400.0
EMP0311,2023-11,64500,0,0.0,16,10400.0
EMP0311,2023-12,64500,0,0.0,10,6500.0
EMP0312,2023-01,87500,0,0.0,0,0.0
EMP0312,2023-02,87500,0,0.0,5,3250.0
EMP0312,2023-03,87500,21,17226.56,0,0.0
EMP0312,2023-04,87500,0,0.0,5,3250.0
EMP0312,2023-05,87500,14,11484.38,0,0.0
EMP0312,2023-06,87500,8,6562.5,0,0.0
EMP0312,2023-07,87500,0,0.0,0,0.0
EMP0312,2023-08,87500,17,13945.31,0,0.0
EMP0312,2023-09,87500,0,0.0,0,0.0
EMP0312,2023-10,87500,0,0.0,0,0.0
EMP0312,2023-11,87500,0,0.0,2,1300.0
EMP0312,2023-12,87500,9,7382.81,0,0.0
EMP0313,2023-01,43000,26,10481.25,16,10400.0
EMP0313,2023-02,43000,0,0.0,0,0.0
EMP0313,2023-03,43000,10,4031.25,0,0.0
EMP0313,2023-04,43000,0,0.0,5,3250.0
EMP0313,2023-05,43000,0,0.0,0,0.0
EMP0313,2023-06,43000,0,0.0,0,0.0
EMP0313,2023-07,43000,0,0.0,0,0.0
EMP0313,2023-08,43000,0,0.0,0,0.0
EMP0313,2023-09,43000,14,5643.75,0,0.0
EMP0313,2023-10,43000,0,0.0,0,0.0
EMP0313,2023-11,43000,0,0.0,13,8450.0
EMP0313,2023-12,43000,28,11287.5,0,0.0
EMP0314,2023-01,36500,0,0.0,0,0.0
EMP0314,2023-02,36500,5,1710.94,5,3250.0
EMP0314,2023-03,36500,0,0.0,0,0.0
EMP0314,2023-04,36500,5,1710.94,0,0.0
EMP0314,2023-05,36500,0,0.0,0,0.0
EMP0314,2023-06,36500,0,0.0,0,0.0
EMP0314,2023-07,36500,0,0.0,0,0.0
EMP0314,2023-08,36500,0,0.0,4,2600.0
EMP0314,2023-09,36500,0,0.0,0,0.0
EMP0314,2023-10,36500,7,2395.31,0,0.0
EMP0314,2023-11,36500,0,0.0,0,0.0
EMP0314,2023-12,36500,0,0.0,0,0.0
EMP0315,2023-01,63000,0,0.0,0,0.0
EMP0315,2023-02,63000,0,0.0,0,0.0
EMP0315,2023-03,63000,0,0.0,0,0.0
EMP0315,2023-04,63000,30,17718.75,16,10400.0
EMP0315,2023-05,63000,24,14175.0,0,0.0
EMP0315,2023-06,63000,0,0.0,7,4550.0
EMP0315,2023-07,63000,0,0.0,0,0.0
EMP0315,2023-08,63000,29,17128.12,0,0.0
EMP0315,2023-09,63000,0,0.0,0,0.0
EMP0315,2023-10,63000,23,13584.38,0,0.0
EMP0315,2023-11,63000,0,0.0,0,0.0
EMP0315,2023-12,63000,0,0.0,0,0.0
EMP0316,2023-01,58000,7,3806.25,0,0.0
EMP0316,2023-02,58000,0,0.0,16,10400.0
EMP0316,2023-03,58000,21,11418.75,0,0.0
EMP0316,2023-04,58000,0,0.0,3,1950.0
EMP0316,2023-05,58000,0,0.0,0,0.0
EMP0316,2023-06,58000,0,0.0,0,0.0
EMP0316,2023-07,58000,23,12506.25,11,7150.0
EMP0316,2023-08,58000,0,0.0,0,0.0
EMP0316,2023-09,58000,0,0.0,13,8450.0
EMP0316,2023-10,58000,0,0.0,0,0.0
EMP0316,2023-11,58000,0,0.0,0,0.0
EMP0316,2023-12,58000,0,0.0,0,0.0
EMP0317,2023-01,69500,22,14334.38,0,0.0
EMP0317,2023-02,69500,0,0.0,0,0.0
EMP0317,2023-03,69500,11,7167.19,0,0.0
EMP0317,2023-04,69500,0,0.0,0,0.0
EMP0317,2023-05,69500,12,7818.75,9,5850.0
EMP0317,2023-06,69500,12,7818.75,0,0.0
EMP0317,2023-07,69500,0,0.0,0,0.0
EMP0317,2023-08,69500,0,0.0,0,0.0
EMP0317,2023-09,69500,0,0.0,12,7800.0
EMP0317,2023-10,69500,0,0.0,0,0.0
EMP0317,2023-11,69500,0,0.0,0,0.0
EMP0317,2023-12,69500,0,0.0,3,1950.0
EMP0318,2023-01,36500,28,9581.25,0,0.0
EMP0318,2023-02,36500,0,0.0,0,0.0
EMP0318,2023-03,36500,7,2395.31,0,0.0
EMP0318,2023-04,36500,26,8896.88,0,0.0
EMP0318,2023-05,36500,0,0.0,10,6500.0
EMP0318,2023-06,36500,0,0.0,2,1300.0
EMP0318,2023-07,36500,0,0.0,6,3900.0
EMP0318,2023-08,36500,0,0.0,0,0.0
EMP0318,2023-09,36500,10,3421.88,0,0.0
EMP0318,2023-10,36500,0,0.0,0,0.0
EMP0318,2023-11,36500,28,9581.25,0,0.0
EMP0318,2023-12,36500,23,7870.31,0,0.0
EMP0319,2023-01,59000,24,13275.0,11,7150.0
EMP0319,2023-02,59000,19,10509.38,0,0.0
EMP0319,2023-03,59000,24,13275.0,0,0.0
EMP0319,2023-04,59000,0,0.0,0,0.0
EMP0319,2023-05,59000,0,0.0,0,0.0
EMP0319,2023-06,59000,0,0.0,14,9100.0
EMP0319,2023-07,59000,0,0.0,0,0.0
EMP0319,2023-08,59000,0,0.0,0,0.0
EMP0319,2023-09,59000,9,4978.12,0,0.0
EMP0319,2023-10,59000,0,0.0,0,0.0
EMP0319,2023-11,59000,14,7743.75,0,0.0
EMP0319,2023-12,59000,29,16040.62,16,10400.0
EMP0320,2023-01,46500,0,0.0,0,0.0
EMP0320,2023-02,46500,0,0.0,0,0.0
EMP0320,2023-03,46500,29,12642.19,0,0.0
EMP0320,2023-04,46500,0,0.0,5,3250.0
EMP0320,2023-05,46500,5,2179.69,0,0.0
EMP0320,2023-06,46500,8,3487.5,8,5200.0
EMP0320,2023-07,46500,0,0.0,16,10400.0
EMP0320,2023-08,46500,0,0.0,3,1950.0
EMP0320,2023-09,46500,10,4359.38,9,5850.0
EMP0320,2023-10,46500,11,4795.31,0,0.0
EMP0320,2023-11,46500,12,5231.25,0,0.0
EMP0320,2023-12,46500,0,0.0,0,0.0
EMP0321,2023-01,36500,0,0.0,10,6500.0
EMP0321,2023-02,36500,0,0.0,0,0.0
EMP0321,2023-03,36500,0,0.0,0,0.0
EMP0321,2023-04,36500,0,0.0,0,0.0
EMP0321,2023-05,36500,0,0.0,12,7800.0
EMP0321,2023-06,36500,0,0.0,0,0.0
EMP0321,2023-07,36500,0,0.0,0,0.0
EMP0321,2023-08,36500,16,5475.0,0,0.0
EMP0321,2023-09,36500,0,0.0,8,5200.0
EMP0321,2023-10,36500,0,0.0,0,0.0
EMP0321,2023-11,36500,8,2737.5,0,0.0
EMP0321,2023-12,36500,14,4790.62,0,0.0
EMP0322,2023-01,60500,12,6806.25,0,0.0
EMP0322,2023-02,60500,0,0.0,0,0.0
EMP0322,2023-03,60500,0,0.0,0,0.0
EMP0322,2023-04,60500,0,0.0,0,0.0
EMP0322,2023-05,60500,19,10776.56,16,10400.0
EMP0322,2023-06,60500,0,0.0,0,0.0
EMP0322,2023-07,60500,0,0.0,0,0.0
EMP0322,2023-08,60500,16,9075.0,0,0.0
EMP0322,2023-09,60500,0,0.0,0,0.0
EMP0322,2023-10,60500,30,17015.62,2,1300.0
EMP0322,2023-11,60500,0,0.0,0,0.0
EMP0322,2023-12,60500,0,0.0,13,8450.0
EMP0323,2023-01,43000,0,0.0,5,3250.0
EMP0323,2023-02,43000,20,8062.5,8,5200.0
EMP0323,2023-03,43000,0,0.0,0,0.0
EMP0323,2023-04,43000,0,0.0,10,6500.0
EMP0323,2023-05,43000,6,2418.75,0,0.0
EMP0323,2023-06,43000,0,0.0,8,5200.0
EMP0323,2023-07,43000,0,0.0,0,0.0
EMP0323,2023-08,43000,0,0.0,0,0.0
EMP0323,2023-09,43000,0,0.0,0,0.0
EMP0323,2023-10,43000,0,0.0,0,0.0
EMP0323,2023-11,43000,0,0.0,2,1300.0
EMP0323,2023-12,43000,0,0.0,0,0.0
EMP0324,2023-01,60000,0,0.0,0,0.0
EMP0324,2023-02,60000,23,12937.5,0,0.0
EMP0324,2023-03,60000,0,0.0,12,7800.0
EMP0324,2023-04,60000,19,10687.5,0,0.0
EMP0324,2023-05,60000,0,0.0,0,0.0
EMP0324,2023-06,60000,29,16312.5,14,9100.0
EMP0324,2023-07,60000,26,14625.0,0,0.0
EMP0324,2023-08,60000,0,0.0,0,0.0
EMP0324,2023-09,60000,30,16875.0,0,0.0
EMP0324,2023-10,60000,20,11250.0,0,0.0
EMP0324,2023-11,60000,28,15750.0,10,6500.0
EMP0324,2023-12,60000,0,0.0,15,9750.0
EMP0325,2023-01,41500,14,5446.88,0,0.0
EMP0325,2023-02,41500,10,3890.62,0,0.0
EMP0325,2023-03,41500,0,0.0,0,0.0
EMP0325,2023-04,41500,28,10893.75,0,0.0
EMP0325,2023-05,41500,16,6225.0,11,7150.0
EMP0325,2023-06,41500,0,0.0,0,0.0
EMP0325,2023-07,41500,0,0.0,13,8450.0
EMP0325,2023-08,41500,0,0.0,16,10400.0
EMP0325,2023-09,41500,7,2723.44,0,0.0
EMP0325,2023-10,41500,0,0.0,0,0.0
EMP0325,2023-11,41500,0,0.0,0,0.0
EMP0325,2023-12,41500,0,0.0,3,1950.0
EMP0326,2023-01,74500,0,0.0,0,0.0
EMP0326,2023-02,74500,29,20254.69,0,0.0
EMP0326,2023-03,74500,7,4889.06,0,0.0
EMP0326,2023-04,74500,0,0.0,0,0.0
EMP0326,2023-05,74500,10,6984.38,15,9750.0
EMP0326,2023-06,74500,0,0.0,0,0.0
EMP0326,2023-07,74500,0,0.0,0,0.0
EMP0326,2023-08,74500,7,4889.06,0,0.0
EMP0326,2023-09,74500,12,8381.25,0,0.0
EMP0326,2023-10,74500,26,18159.38,3,1950.0
EMP0326,2023-11,74500,0,0.0,5,3250.0
EMP0326,2023-12,74500,0,0.0,0,0.0
EMP0327,2023-01,44500,12,5006.25,0,0.0
EMP0327,2023-02,44500,0,0.0,6,3900.0
EMP0327,2023-03,44500,6,2503.12,0,0.0
EMP0327,2023-04,44500,24,10012.5,0,0.0
EMP0327,2023-05,44500,0,0.0,0,0.0
EMP0327,2023-06,44500,0,0.0,14,9100.0
EMP0327,2023-07,44500,13,5423.44,6,3900.0
EMP0327,2023-08,44500,18,7509.38,0,0.0
EMP0327,2023-09,44500,0,0.0,7,4550.0
EMP0327,2023-10,44500,22,9178.12,7,4550.0
EMP0327,2023-11,44500,11,4589.06,0,0.0
EMP0327,2023-12,44500,0,0.0,0,0.0
EMP0328,2023-01,66500,0,0.0,0,0.0
EMP0328,2023-02,66500,0,0.0,0,0.0
EMP0328,2023-03,66500,0,0.0,4,2600.0
EMP0328,2023-04,66500,19,11845.31,0,0.0
EMP0328,2023-05,66500,22,13715.62,0,0.0
EMP0328,2023-06,66500,17,10598.44,5,3250.0
EMP0328,2023-07,66500,0,0.0,0,0.0
EMP0328,2023-08,66500,22,13715.62,0,0.0
EMP0328,2023-09,66500,11,6857.81,0,0.0
EMP0328,2023-10,66500,0,0.0,0,0.0
EMP0328,2023-11,66500,27,16832.81,0,0.0
EMP0328,2023-12,66500,11,6857.81,0,0.0
EMP0329,2023-01,39500,0,0.0,0,0.0
EMP0329,2023-02,39500,0,0.0,0,0.0
EMP0329,2023-03,39500,0,0.0,0,0.0
EMP0329,2023-04,39500,0,0.0,0,0.0
EMP0329,2023-05,39500,0,0.0,0,0.0
EMP0329,2023-06,39500,0,0.0,0,0.0
EMP0329,2023-07,39500,11,4073.44,0,0.0
EMP0329,2023-08,39500,0,0.0,0,0.0
EMP0329,2023-09,39500,19,7035.94,0,0.0
EMP0329,2023-10,39500,29,10739.06,0,0.0
EMP0329,2023-11,39500,0,0.0,0,0.0
EMP0329,2023-12,39500,0,0.0,0,0.0
EMP0330,2023-01,65500,0,0.0,0,0.0
EMP0330,2023-02,65500,0,0.0,0,0.0
EMP0330,2023-03,65500,0,0.0,4,2600.0
EMP0330,2023-04,65500,9,5526.56,8,5200.0
EMP0330,2023-05,65500,0,0.0,0,0.0
EMP0330,2023-06,65500,8,4912.5,13,8450.0
EMP0330,2023-07,65500,0,0.0,0,0.0
EMP0330,2023-08,65500,0,0.0,10,6500.0
EMP0330,2023-09,65500,0,0.0,0,0.0
EMP0330,2023-10,65500,0,0.0,0,0.0
EMP0330,2023-11,65500,0,0.0,0,0.0
EMP0330,2023-12,65500,6,3684.38,0,0.0
EMP0331,2023-01,88000,17,14025.0,0,0.0
EMP0331,2023-02,88000,0,0.0,0,0.0
EMP0331,2023-03,88000,6,4950.0,0,0.0
EMP0331,2023-04,88000,0,0.0,0,0.0
EMP0331,2023-05,88000,25,20625.0,0,0.0
EMP0331,2023-06,88000,0,0.0,0,0.0
EMP0331,2023-07,88000,0,0.0,0,0.0
EMP0331,2023-08,88000,0,0.0,5,3250.0
EMP0331,2023-09,88000,13,10725.0,0,0.0
EMP0331,2023-10,88000,0,0.0,14,9100.0
EMP0331,2023-11,88000,14,11550.0,0,0.0
EMP0331,2023-12,88000,0,0.0,0,0.0
EMP0332,2023-01,46500,0,0.0,0,0.0
EMP0332,2023-02,46500,0,0.0,8,5200.0
EMP0332,2023-03,46500,19,8282.81,0,0.0
EMP0332,2023-04,46500,20,8718.75,0,0.0
EMP0332,2023-05,46500,0,0.0,11,7150.0
EMP0332,2023-06,46500,23,10026.56,0,0.0
EMP0332,2023-07,46500,18,7846.88,0,0.0
EMP0332,2023-08,46500,0,0.0,15,9750.0
EMP0332,2023-09,46500,0,0.0,0,0.0
EMP0332,2023-10,46500,0,0.0,0,0.0
EMP0332,2023-11,46500,0,0.0,14,9100.0
EMP0332,2023-12,46500,10,4359.38,0,0.0
EMP0333,2023-01,93500,0,0.0,0,0.0
EMP0333,2023-02,93500,25,21914.06,0,0.0
EMP0333,2023-03,93500,29,25420.31,0,0.0
EMP0333,2023-04,93500,19,16654.69,0,0.0
EMP0333,2023-05,93500,0,0.0,0,0.0
EMP0333,2023-06,93500,0,0.0,0,0.0
EMP0333,2023-07,93500,0,0.0,4,2600.0
EMP0333,2023-08,93500,0,0.0,0,0.0
EMP0333,2023-09,93500,0,0.0,0,0.0
EMP0333,2023-10,93500,0,0.0,0,0.0
EMP0333,2023-11,93500,0,0.0,16,10400.0
EMP0333,2023-12,93500,8,7012.5,0,0.0
EMP0334,2023-01,51000,0,0.0,9,5850.0
EMP0334,2023-02,51000,26,12431.25,0,0.0
EMP0334,2023-03,51000,0,0.0,8,5200.0
EMP0334,2023-04,51000,0,0.0,0,0.0
EMP0334,2023-05,51000,0,0.0,10,6500.0
EMP0334,2023-06,51000,0,0.0,0,0.0
EMP0334,2023-07,51000,4,1912.5,0,0.0
EMP0334,2023-08,51000,0,0.0,0,0.0
EMP0334,2023-09,51000,0,0.0,0,0.0
EMP0334,2023-10,51000,0,0.0,0,0.0
EMP0334,2023-11,51000,0,0.0,16,10400.0
EMP0334,2023-12,51000,0,0.0,0,0.0
EMP0335,2023-01,50000,0,0.0,14,9100.0
EMP0335,2023-02,50000,0,0.0,0,0.0
EMP0335,2023-03,50000,10,4687.5,13,8450.0
EMP0335,2023-04,50000,0,0.0,0,0.0
EMP0335,2023-05,50000,0,0.0,0,0.0
EMP0335,2023-06,50000,0,0.0,0,0.0
EMP0335,2023-07,50000,0,0.0,0,0.0
EMP0335,2023-08,50000,0,0.0,0,0.0
EMP0335,2023-09,50000,0,0.0,0,0.0
EMP0335,2023-10,50000,8,3750.0,16,10400.0
EMP0335,2023-11,50000,0,0.0,0,0.0
EMP0335,2023-12,50000,0,0.0,6,3900.0
EMP0336,2023-01,48000,0,0.0,0,0.0
EMP0336,2023-02,48000,13,5850.0,3,1950.0
EMP0336,2023-03,48000,0,0.0,10,6500.0
EMP0336,2023-04,48000,0,0.0,0,0.0
EMP0336,2023-05,48000,0,0.0,0,0.0
EMP0336,2023-06,48000,0,0.0,10,6500.0
EMP0336,2023-07,48000,0,0.0,3,1950.0
EMP0336,2023-08,48000,0,0.0,0,0.0
EMP0336,2023-09,48000,17,7650.0,0,0.0
EMP0336,2023-10,48000,0,0.0,0,0.0
EMP0336,2023-11,48000,0,0.0,0,0.0
EMP0336,2023-12,48000,0,0.0,0,0.0
EMP0337,2023-01,40000,0,0.0,0,0.0
EMP0337,2023-02,40000,0,0.0,0,0.0
EMP0337,2023-03,40000,16,6000.0,0,0.0
EMP0337,2023-04,40000,15,5625.0,0,0.0
EMP0337,2023-05,40000,0,0.0,0,0.0
EMP0337,2023-06,40000,4,1500.0,0,0.0
EMP0337,2023-07,40000,0,0.0,0,0.0
EMP0337,2023-08,40000,0,0.0,0,0.0
EMP0337,2023-09,40000,27,10125.0,0,0.0
EMP0337,2023-10,40000,0,0.0,0,0.0
EMP0337,2023-11,40000,0,0.0,0,0.0
EMP0337,2023-12,40000,9,3375.0,0,0.0
EMP0338,2023-01,95000,0,0.0,0,0.0
EMP0338,2023-02,95000,22,19593.75,0,0.0
EMP0338,2023-03,95000,0,0.0,0,0.0
EMP0338,2023-04,95000,0,0.0,3,1950.0
EMP0338,2023-05,95000,0,0.0,0,0.0
EMP0338,2023-06,95000,27,24046.88,0,0.0
EMP0338,2023-07,95000,9,8015.62,6,3900.0
EMP0338,2023-08,95000,0,0.0,0,0.0
EMP0338,2023-09,95000,7,6234.38,0,0.0
EMP0338,2023-10,95000,22,19593.75,0,0.0
EMP0338,2023-11,95000,0,0.0,0,0.0
EMP0338,2023-12,95000,0,0.0,4,2600.0
EMP0339,2023-01,96500,27,24426.56,0,0.0
EMP0339,2023-02,96500,4,3618.75,0,0.0
EMP0339,2023-03,96500,0,0.0,0,0.0
EMP0339,2023-04,96500,22,19903.12,0,0.0
EMP0339,2023-05,96500,19,17189.06,0,0.0
EMP0339,2023-06,96500,0,0.0,4,2600.0
EMP0339,2023-07,96500,27,24426.56,0,0.0
EMP0339,2023-08,96500,6,5428.12,11,7150.0
EMP0339,2023-09,96500,0,0.0,0,0.0
EMP0339,2023-10,96500,20,18093.75,16,10400.0
EMP0339,2023-11,96500,24,21712.5,14,9100.0
EMP0339,2023-12,96500,0,0.0,0,0.0
EMP0340,2023-01,72500,21,14273.44,0,0.0
EMP0340,2023-02,72500,0,0.0,0,0.0
EMP0340,2023-03,72500,13,8835.94,0,0.0
EMP0340,2023-04,72500,8,5437.5,0,0.0
EMP0340,2023-05,72500,15,10195.31,0,0.0
EMP0340,2023-06,72500,0,0.0,0,0.0
EMP0340,2023-07,72500,24,16312.5,0,0.0
EMP0340,2023-08,72500,0,0.0,0,0.0
EMP0340,2023-09,72500,0,0.0,0,0.0
EMP0340,2023-10,72500,19,12914.06,0,0.0
EMP0340,2023-11,72500,0,0.0,0,0.0
EMP0340,2023-12,72500,0,0.0,0,0.0
EMP0341,2023-01,48000,13,5850.0,9,5850.0
EMP0341,2023-02,48000,15,6750.0,3,1950.0
EMP0341,2023-03,48000,0,0.0,10,6500.0
EMP0341,2023-04,48000,0,0.0,0,0.0
EMP0341,2023-05,48000,0,0.0,0,0.0
EMP0341,2023-06,48000,30,13500.0,0,0.0
EMP0341,2023-07,48000,19,8550.0,0,0.0
EMP0341,2023-08,48000,27,12150.0,0,0.0
EMP0341,2023-09,48000,24,10800.0,13,8450.0
EMP0341,2023-10,48000,4,1800.0,0,0.0
EMP0341,2023-11,48000,6,2700.0,11,7150.0
EMP0341,2023-12,48000,28,12600.0,0,0.0
EMP0342,2023-01,45000,26,10968.75,0,0.0
EMP0342,2023-02,45000,10,4218.75,0,0.0
EMP0342,2023-03,45000,27,11390.62,7,4550.0
EMP0342,2023-04,45000,25,10546.88,0,0.0
EMP0342,2023-05,45000,5,2109.38,0,0.0
EMP0342,2023-06,45000,25,10546.88,0,0.0
EMP0342,2023-07,45000,0,0.0,0,0.0
EMP0342,2023-08,45000,19,8015.62,0,0.0
EMP0342,2023-09,45000,30,12656.25,0,0.0
EMP0342,2023-10,45000,0,0.0,9,5850.0
EMP0342,2023-11,45000,0,0.0,14,9100.0
EMP0342,2023-12,45000,0,0.0,0,0.0
EMP0343,2023-01,74500,18,12571.88,0,0.0
EMP0343,2023-02,74500,0,0.0,0,0.0
EMP0343,2023-03,74500,0,0.0,6,3900.0
EMP0343,2023-04,74500,0,0.0,0,0.0
EMP0343,2023-05,74500,21,14667.19,0,0.0
EMP0343,2023-06,74500,0,0.0,13,8450.0
EMP0343,2023-07,74500,0,0.0,0,0.0
EMP0343,2023-08,74500,0,0.0,0,0.0
EMP0343,2023-09,74500,0,0.0,7,4550.0
EMP0343,2023-10,74500,4,2793.75,0,0.0
EMP0343,2023-11,74500,7,4889.06,0,0.0
EMP0343,2023-12,74500,0,0.0,0,0.0
EMP0344,2023-01,50000,0,0.0,10,6500.0
EMP0344,2023-02,50000,0,0.0,0,0.0
EMP0344,2023-03,50000,6,2812.5,14,9100.0
EMP0344,2023-04,50000,21,9843.75,11,7150.0
EMP0344,2023-05,50000,0,0.0,10,6500.0
EMP0344,2023-06,50000,17,7968.75,9,5850.0
EMP0344,2023-07,50000,7,3281.25,13,8450.0
EMP0344,2023-08,50000,0,0.0,8,5200.0
EMP0344,2023-09,50000,24,11250.0,0,0.0
EMP0344,2023-10,50000,26,12187.5,0,0.0
EMP0344,2023-11,50000,29,13593.75,0,0.0
EMP0344,2023-12,50000,0,0.0,0,0.0
EMP0345,2023-01,53500,11,5517.19,0,0.0
EMP0345,2023-02,53500,0,0.0,0,0.0
EMP0345,2023-03,53500,0,0.0,0,0.0
EMP0345,2023-04,53500,0,0.0,0,0.0
EMP0345,2023-05,53500,7,3510.94,2,1300.0
EMP0345,2023-06,53500,0,0.0,0,0.0
EMP0345,2023-07,53500,0,0.0,0,0.0
EMP0345,2023-08,53500,0,0.0,0,0.0
EMP0345,2023-09,53500,0,0.0,0,0.0
EMP0345,2023-10,53500,6,3009.38,4,2600.0
EMP0345,2023-11,53500,0,0.0,0,0.0
EMP0345,2023-12,53500,0,0.0,6,3900.0
EMP0346,2023-01,44000,19,7837.5,12,7800.0
EMP0346,2023-02,44000,0,0.0,16,10400.0
EMP0346,2023-03,44000,21,8662.5,0,0.0
EMP0346,2023-04,44000,25,10312.5,0,0.0
EMP0346,2023-05,44000,0,0.0,14,9100.0
EMP0346,2023-06,44000,0,0.0,0,0.0
EMP0346,2023-07,44000,0,0.0,0,0.0
EMP0346,2023-08,44000,16,6600.0,0,0.0
EMP0346,2023-09,44000,0,0.0,0,0.0
EMP0346,2023-10,44000,0,0.0,0,0.0
EMP0346,2023-11,44000,0,0.0,0,0.0
EMP0346,2023-12,44000,0,0.0,14,9100.0
EMP0347,2023-01,51000,5,2390.62,6,3900.0
EMP0347,2023-02,51000,0,0.0,0,0.0
EMP0347,2023-03,51000,0,0.0,15,9750.0
EMP0347,2023-04,51000,28,13387.5,0,0.0
EMP0347,2023-05,51000,6,2868.75,0,0.0
EMP0347,2023-06,51000,0,0.0,0,0.0
EMP0347,2023-07,51000,0,0.0,0,0.0
EMP0347,2023-08,51000,0,0.0,0,0.0
EMP0347,2023-09,51000,26,12431.25,0,0.0
EMP0347,2023-10,51000,0,0.0,0,0.0
EMP0347,2023-11,51000,0,0.0,0,0.0
EMP0347,2023-12,51000,7,3346.88,7,4550.0
EMP0348,2023-01,56500,8,4237.5,0,0.0
EMP0348,2023-02,56500,7,3707.81,0,0.0
EMP0348,2023-03,56500,0,0.0,14,9100.0
EMP0348,2023-04,56500,24,12712.5,0,0.0
EMP0348,2023-05,56500,0,0.0,0,0.0
EMP0348,2023-06,56500,0,0.0,0,0.0
EMP0348,2023-07,56500,15,7945.31,0,0.0
EMP0348,2023-08,56500,0,0.0,14,9100.0
EMP0348,2023-09,56500,0,0.0,0,0.0
EMP0348,2023-10,56500,0,0.0,0,0.0
EMP0348,2023-11,56500,0,0.0,0,0.0
EMP0348,2023-12,56500,0,0.0,0,0.0
EMP0349,2023-01,49500,0,0.0,0,0.0
EMP0349,2023-02,49500,19,8817.19,0,0.0
EMP0349,2023-03,49500,8,3712.5,0,0.0
EMP0349,2023-04,49500,0,0.0,0,0.0
EMP0349,2023-05,49500,24,11137.5,2,1300.0
EMP0349,2023-06,49500,0,0.0,0,0.0
EMP0349,2023-07,49500,23,10673.44,0,0.0
EMP0349,2023-08,49500,29,13457.81,10,6500.0
EMP0349,2023-09,49500,28,12993.75,0,0.0
EMP0349,2023-10,49500,0,0.0,8,5200.0
EMP0349,2023-11,49500,0,0.0,7,4550.0
EMP0349,2023-12,49500,0,0.0,0,0.0
EMP0350,2023-01,68500,14,8990.62,0,0.0
EMP0350,2023-02,68500,24,15412.5,0,0.0
EMP0350,2023-03,68500,0,0.0,0,0.0
EMP0350,2023-04,68500,0,0.0,0,0.0
EMP0350,2023-05,68500,0,0.0,0,0.0
EMP0350,2023-06,68500,0,0.0,0,0.0
EMP0350,2023-07,68500,0,0.0,0,0.0
EMP0350,2023-08,68500,0,0.0,0,0.0
EMP0350,2023-09,68500,0,0.0,0,0.0
EMP0350,2023-10,68500,0,0.0,5,3250.0
EMP0350,2023-11,68500,24,15412.5,0,0.0
EMP0350,2023-12,68500,0,0.0,12,7800.0
EMP0351,2023-01,64000,0,0.0,0,0.0
EMP0351,2023-02,64000,16,9600.0,0,0.0
EMP0351,2023-03,64000,24,14400.0,0,0.0
EMP0351,2023-04,64000,25,15000.0,0,0.0
EMP0351,2023-05,64000,19,11400.0,11,7150.0
EMP0351,2023-06,64000,0,0.0,0,0.0
EMP0351,2023-07,64000,0,0.0,7,4550.0
EMP0351,2023-08,64000,0,0.0,0,0.0
EMP0351,2023-09,64000,0,0.0,0,0.0
EMP0351,2023-10,64000,15,9000.0,0,0.0
EMP0351,2023-11,64000,11,6600.0,0,0.0
EMP0351,2023-12,64000,0,0.0,2,1300.0
EMP0352,2023-01,95000,0,0.0,8,5200.0
EMP0352,2023-02,95000,0,0.0,0,0.0
EMP0352,2023-03,95000,0,0.0,11,7150.0
EMP0352,2023-04,95000,0,0.0,0,0.0
EMP0352,2023-05,95000,28,24937.5,0,0.0
EMP0352,2023-06,95000,0,0.0,0,0.0
EMP0352,2023-07,95000,0,0.0,0,0.0
EMP0352,2023-08,95000,18,16031.25,0,0.0
EMP0352,2023-09,95000,0,0.0,2,1300.0
EMP0352,2023-10,95000,0,0.0,0,0.0
EMP0352,2023-11,95000,0,0.0,0,0.0
EMP0352,2023-12,95000,16,14250.0,0,0.0
EMP0353,2023-01,55000,0,0.0,14,9100.0
EMP0353,2023-02,55000,0,0.0,0,0.0
EMP0353,2023-03,55000,0,0.0,0,0.0
EMP0353,2023-04,55000,0,0.0,0,0.0
EMP0353,2023-05,55000,0,0.0,6,3900.0
EMP0353,2023-06,55000,0,0.0,0,0.0
EMP0353,2023-07,55000,29,14953.12,0,0.0
EMP0353,2023-08,55000,21,10828.12,6,3900.0
EMP0353,2023-09,55000,20,10312.5,0,0.0
EMP0353,2023-10,55000,0,0.0,9,5850.0
EMP0353,2023-11,55000,27,13921.88,0,0.0
EMP0353,2023-12,55000,0,0.0,0,0.0
EMP0354,2023-01,42000,21,8268.75,0,0.0
EMP0354,2023-02,42000,25,9843.75,0,0.0
EMP0354,2023-03,42000,28,11025.0,7,4550.0
EMP0354,2023-04,42000,0,0.0,0,0.0
EMP0354,2023-05,42000,18,7087.5,0,0.0
EMP0354,2023-06,42000,20,7875.0,0,0.0
EMP0354,2023-07,42000,0,0.0,16,10400.0
EMP0354,2023-08,42000,19,7481.25,0,0.0
EMP0354,2023-09,42000,25,9843.75,0,0.0
EMP0354,2023-10,42000,0,0.0,0,0.0
EMP0354,2023-11,42000,5,1968.75,13,8450.0
EMP0354,2023-12,42000,0,0.0,0,0.0
EMP0355,2023-01,39500,0,0.0,0,0.0
EMP0355,2023-02,39500,0,0.0,0,0.0
EMP0355,2023-03,39500,0,0.0,0,0.0
EMP0355,2023-04,39500,0,0.0,11,7150.0
EMP0355,2023-05,39500,0,0.0,0,0.0
EMP0355,2023-06,39500,0,0.0,15,9750.0
EMP0355,2023-07,39500,0,0.0,0,0.0
EMP0355,2023-08,39500,0,0.0,0,0.0
EMP0355,2023-09,39500,24,8887.5,0,0.0
EMP0355,2023-10,39500,27,9998.44,0,0.0
EMP0355,2023-11,39500,16,5925.0,15,9750.0
EMP0355,2023-12,39500,0,0.0,0,0.0
EMP0356,2023-01,54500,0,0.0,0,0.0
EMP0356,2023-02,54500,11,5620.31,3,1950.0
EMP0356,2023-03,54500,4,2043.75,16,10400.0
EMP0356,2023-04,54500,0,0.0,11,7150.0
EMP0356,2023-05,54500,28,14306.25,5,3250.0
EMP0356,2023-06,54500,0,0.0,0,0.0
EMP0356,2023-07,54500,27,13795.31,3,1950.0
EMP0356,2023-08,54500,0,0.0,0,0.0
EMP0356,2023-09,54500,0,0.0,12,7800.0
EMP0356,2023-10,54500,14,7153.12,3,1950.0
EMP0356,2023-11,54500,0,0.0,12,7800.0
EMP0356,2023-12,54500,0,0.0,0,0.0
EMP0357,2023-01,75500,25,17695.31,13,8450.0
EMP0357,2023-02,75500,9,6370.31,0,0.0
EMP0357,2023-03,75500,19,13448.44,0,0.0
EMP0357,2023-04,75500,29,20526.56,5,3250.0
EMP0357,2023-05,75500,12,8493.75,0,0.0
EMP0357,2023-06,75500,15,10617.19,0,0.0
EMP0357,2023-07,75500,0,0.0,5,3250.0
EMP0357,2023-08,75500,0,0.0,0,0.0
EMP0357,2023-09,75500,0,0.0,0,0.0
EMP0357,2023-10,75500,0,0.0,14,9100.0
EMP0357,2023-11,75500,14,9909.38,0,0.0
EMP0357,2023-12,75500,0,0.0,0,0.0
EMP0358,2023-01,46500,0,0.0,0,0.0
EMP0358,2023-02,46500,0,0.0,3,1950.0
EMP0358,2023-03,46500,0,0.0,0,0.0
EMP0358,2023-04,46500,0,0.0,3,1950.0
EMP0358,2023-05,46500,0,0.0,0,0.0
EMP0358,2023-06,46500,0,0.0,14,9100.0
EMP0358,2023-07,46500,0,0.0,0,0.0
EMP0358,2023-08,46500,30,13078.12,0,0.0
EMP0358,2023-09,46500,0,0.0,13,8450.0
EMP0358,2023-10,46500,0,0.0,0,0.0
EMP0358,2023-11,46500,0,0.0,0,0.0
EMP0358,2023-12,46500,0,0.0,4,2600.0
EMP0359,2023-01,71000,0,0.0,0,0.0
EMP0359,2023-02,71000,21,13978.12,0,0.0
EMP0359,2023-03,71000,0,0.0,0,0.0
EMP0359,2023-04,71000,0,0.0,8,5200.0
EMP0359,2023-05,71000,6,3993.75,14,9100.0
EMP0359,2023-06,71000,5,3328.12,16,10400.0
EMP0359,2023-07,71000,0,0.0,0,0.0
EMP0359,2023-08,71000,0,0.0,12,7800.0
EMP0359,2023-09,71000,0,0.0,0,0.0
EMP0359,2023-10,71000,19,12646.88,16,10400.0
EMP0359,2023-11,71000,0,0.0,0,0.0
EMP0359,2023-12,71000,0,0.0,0,0.0
EMP0360,2023-01,48000,26,11700.0,16,10400.0
EMP0360,2023-02,48000,4,1800.0,0,0.0
EMP0360,2023-03,48000,0,0.0,0,0.0
EMP0360,2023-04,48000,4,1800.0,10,6500.0
EMP0360,2023-05,48000,0,0.0,0,0.0
EMP0360,2023-06,48000,15,6750.0,0,0.0
EMP0360,2023-07,48000,0,0.0,0,0.0
EMP0360,2023-08,48000,29,13050.0,9,5850.0
EMP0360,2023-09,48000,0,0.0,0,0.0
EMP0360,2023-10,48000,0,0.0,0,0.0
EMP0360,2023-11,48000,0,0.0,0,0.0
EMP0360,2023-12,48000,0,0.0,0,0.0
EMP0361,2023-01,48000,0,0.0,5,3250.0
EMP0361,2023-02,48000,0,0.0,0,0.0
EMP0361,2023-03,48000,10,4500.0,0,0.0
EMP0361,2023-04,48000,0,0.0,3,1950.0
EMP0361,2023-05,48000,0,0.0,0,0.0
EMP0361,2023-06,48000,0,0.0,13,8450.0
EMP0361,2023-07,48000,0,0.0,0,0.0
EMP0361,2023-08,48000,0,0.0,0,0.0
EMP0361,2023-09,48000,28,12600.0,0,0.0
EMP0361,2023-10,48000,10,4500.0,0,0.0
EMP0361,2023-11,48000,0,0.0,2,1300.0
EMP0361,2023-12,48000,0,0.0,0,0.0
EMP0362,2023-01,69500,13,8470.31,0,0.0
EMP0362,2023-02,69500,0,0.0,10,6500.0
EMP0362,2023-03,69500,18,11728.12,0,0.0
EMP0362,2023-04,69500,0,0.0,0,0.0
EMP0362,2023-05,69500,0,0.0,0,0.0
EMP0362,2023-06,69500,0,0.0,2,1300.0
EMP0362,2023-07,69500,0,0.0,16,10400.0
EMP0362,2023-08,69500,8,5212.5,0,0.0
EMP0362,2023-09,69500,0,0.0,0,0.0
EMP0362,2023-10,69500,25,16289.06,0,0.0
EMP0362,2023-11,69500,0,0.0,16,10400.0
EMP0362,2023-12,69500,0,0.0,14,9100.0
EMP0363,2023-01,54000,0,0.0,0,0.0
EMP0363,2023-02,54000,30,15187.5,13,8450.0
EMP0363,2023-03,54000,0,0.0,5,3250.0
EMP0363,2023-04,54000,8,4050.0,0,0.0
EMP0363,2023-05,54000,0,0.0,0,0.0
EMP0363,2023-06,54000,22,11137.5,2,1300.0
EMP0363,2023-07,54000,6,3037.5,0,0.0
EMP0363,2023-08,54000,0,0.0,0,0.0
EMP0363,2023-09,54000,25,12656.25,0,0.0
EMP0363,2023-10,54000,0,0.0,5,3250.0
EMP0363,2023-11,54000,0,0.0,6,3900.0
EMP0363,2023-12,54000,9,4556.25,0,0.0
EMP0364,2023-01,60000,0,0.0,0,0.0
EMP0364,2023-02,60000,0,0.0,0,0.0
EMP0364,2023-03,60000,0,0.0,0,0.0
EMP0364,2023-04,60000,0,0.0,4,2600.0
EMP0364,2023-05,60000,0,0.0,16,10400.0
EMP0364,2023-06,60000,28,15750.0,0,0.0
EMP0364,2023-07,60000,13,7312.5,0,0.0
EMP0364,2023-08,60000,0,0.0,0,0.0
EMP0364,2023-09,60000,15,8437.5,0,0.0
EMP0364,2023-10,60000,0,0.0,0,0.0
EMP0364,2023-11,60000,0,0.0,0,0.0
EMP0364,2023-12,60000,19,10687.5,16,10400.0
EMP0365,2023-01,54000,0,0.0,6,3900.0
EMP0365,2023-02,54000,0,0.0,0,0.0
EMP0365,2023-03,54000,0,0.0,0,0.0
EMP0365,2023-04,54000,5,2531.25,0,0.0
EMP0365,2023-05,54000,0,0.0,4,2600.0
EMP0365,2023-06,54000,27,13668.75,13,8450.0
EMP0365,2023-07,54000,0,0.0,0,0.0
EMP0365,2023-08,54000,26,13162.5,12,7800.0
EMP0365,2023-09,54000,18,9112.5,0,0.0
EMP0365,2023-10,54000,23,11643.75,0,0.0
EMP0365,2023-11,54000,0,0.0,0,0.0
EMP0365,2023-12,54000,22,11137.5,0,0.0
EMP0366,2023-01,72500,0,0.0,0,0.0
EMP0366,2023-02,72500,0,0.0,0,0.0
EMP0366,2023-03,72500,0,0.0,12,7800.0
EMP0366,2023-04,72500,0,0.0,0,0.0
EMP0366,2023-05,72500,24,16312.5,12,7800.0
EMP0366,2023-06,72500,20,13593.75,0,0.0
EMP0366,2023-07,72500,0,0.0,9,5850.0
EMP0366,2023-08,72500,0,0.0,0,0.0
EMP0366,2023-09,72500,0,0.0,0,0.0
EMP0366,2023-10,72500,14,9515.62,0,0.0
EMP0366,2023-11,72500,23,15632.81,0,0.0
EMP0366,2023-12,72500,0,0.0,0,0.0
EMP0367,2023-01,63000,0,0.0,0,0.0
EMP0367,2023-02,63000,0,0.0,0,0.0
EMP0367,2023-03,63000,0,0.0,0,0.0
EMP0367,2023-04,63000,21,12403.12,0,0.0
EMP0367,2023-05,63000,7,4134.38,0,0.0
EMP0367,2023-06,63000,0,0.0,0,0.0
EMP0367,2023-07,63000,0,0.0,12,7800.0
EMP0367,2023-08,63000,0,0.0,6,3900.0
EMP0367,2023-09,63000,0,0.0,0,0.0
EMP0367,2023-10,63000,0,0.0,0,0.0
EMP0367,2023-11,63000,0,0.0,14,9100.0
EMP0367,2023-12,63000,0,0.0,0,0.0
EMP0368,2023-01,42000,0,0.0,12,7800.0
EMP0368,2023-02,42000,5,1968.75,0,0.0
EMP0368,2023-03,42000,11,4331.25,0,0.0
EMP0368,2023-04,42000,7,2756.25,5,3250.0
EMP0368,2023-05,42000,0,0.0,4,2600.0
EMP0368,2023-06,42000,0,0.0,0,0.0
EMP0368,2023-07,42000,0,0.0,0,0.0
EMP0368,2023-08,42000,0,0.0,0,0.0
EMP0368,2023-09,42000,20,7875.0,0,0.0
EMP0368,2023-10,42000,0,0.0,9,5850.0
EMP0368,2023-11,42000,0,0.0,0,0.0
EMP0368,2023-12,42000,4,1575.0,0,0.0
EMP0369,2023-01,53500,0,0.0,0,0.0
EMP0369,2023-02,53500,13,6520.31,0,0.0
EMP0369,2023-03,53500,19,9529.69,0,0.0
EMP0369,2023-04,53500,0,0.0,0,0.0
EMP0369,2023-05,53500,0,0.0,16,10400.0
EMP0369,2023-06,53500,0,0.0,3,1950.0
EMP0369,2023-07,53500,0,0.0,8,5200.0
EMP0369,2023-08,53500,30,15046.88,7,4550.0
EMP0369,2023-09,53500,0,0.0,0,0.0
EMP0369,2023-10,53500,0,0.0,6,3900.0
EMP0369,2023-11,53500,0,0.0,9,5850.0
EMP0369,2023-12,53500,0,0.0,15,9750.0
EMP0370,2023-01,66500,0,0.0,0,0.0
EMP0370,2023-02,66500,0,0.0,0,0.0
EMP0370,2023-03,66500,12,7481.25,8,5200.0
EMP0370,2023-04,66500,10,6234.38,13,8450.0
EMP0370,2023-05,66500,27,16832.81,0,0.0
EMP0370,2023-06,66500,0,0.0,10,6500.0
EMP0370,2023-07,66500,12,7481.25,0,0.0
EMP0370,2023-08,66500,0,0.0,0,0.0
EMP0370,2023-09,66500,14,8728.12,5,3250.0
EMP0370,2023-10,66500,20,12468.75,0,0.0
EMP0370,2023-11,66500,26,16209.38,0,0.0
EMP0370,2023-12,66500,10,6234.38,0,0.0
EMP0371,2023-01,67000,21,13190.62,8,5200.0
EMP0371,2023-02,67000,0,0.0,0,0.0
EMP0371,2023-03,67000,0,0.0,0,0.0
EMP0371,2023-04,67000,4,2512.5,16,10400.0
EMP0371,2023-05,67000,0,0.0,7,4550.0
EMP0371,2023-06,67000,0,0.0,0,0.0
EMP0371,2023-07,67000,0,0.0,5,3250.0
EMP0371,2023-08,67000,0,0.0,0,0.0
EMP0371,2023-09,67000,0,0.0,0,0.0
EMP0371,2023-10,67000,7,4396.88,0,0.0
EMP0371,2023-11,67000,0,0.0,14,9100.0
EMP0371,2023-12,67000,0,0.0,15,9750.0
EMP0372,2023-01,60000,16,9000.0,9,5850.0
EMP0372,2023-02,60000,14,7875.0,15,9750.0
EMP0372,2023-03,60000,0,0.0,9,5850.0
EMP0372,2023-04,60000,0,0.0,0,0.0
EMP0372,2023-05,60000,28,15750.0,0,0.0
EMP0372,2023-06,60000,0,0.0,0,0.0
EMP0372,2023-07,60000,4,2250.0,4,2600.0
EMP0372,2023-08,60000,21,11812.5,13,8450.0
EMP0372,2023-09,60000,15,8437.5,12,7800.0
EMP0372,2023-10,60000,18,10125.0,0,0.0
EMP0372,2023-11,60000,0,0.0,13,8450.0
EMP0372,2023-12,60000,0,0.0,0,0.0
EMP0373,2023-01,51500,0,0.0,6,3900.0
EMP0373,2023-02,51500,8,3862.5,11,7150.0
EMP0373,2023-03,51500,29,14001.56,0,0.0
EMP0373,2023-04,51500,0,0.0,0,0.0
EMP0373,2023-05,51500,8,3862.5,0,0.0
EMP0373,2023-06,51500,0,0.0,0,0.0
EMP0373,2023-07,51500,30,14484.38,0,0.0
EMP0373,2023-08,51500,13,6276.56,0,0.0
EMP0373,2023-09,51500,0,0.0,16,10400.0
EMP0373,2023-10,51500,0,0.0,0,0.0
EMP0373,2023-11,51500,6,2896.88,0,0.0
EMP0373,2023-12,51500,13,6276.56,0,0.0
EMP0374,2023-01,51500,0,0.0,0,0.0
EMP0374,2023-02,51500,0,0.0,0,0.0
EMP0374,2023-03,51500,12,5793.75,0,0.0
EMP0374,2023-04,51500,0,0.0,0,0.0
EMP0374,2023-05,51500,15,7242.19,0,0.0
EMP0374,2023-06,51500,0,0.0,0,0.0
EMP0374,2023-07,51500,0,0.0,14,9100.0
EMP0374,2023-08,51500,0,0.0,0,0.0
EMP0374,2023-09,51500,6,2896.88,0,0.0
EMP0374,2023-10,51500,14,6759.38,0,0.0
EMP0374,2023-11,51500,0,0.0,2,1300.0
EMP0374,2023-12,51500,0,0.0,0,0.0
EMP0375,2023-01,57000,0,0.0,0,0.0
EMP0375,2023-02,57000,0,0.0,0,0.0
EMP0375,2023-03,57000,0,0.0,9,5850.0
EMP0375,2023-04,57000,0,0.0,0,0.0
EMP0375,2023-05,57000,14,7481.25,0,0.0
EMP0375,2023-06,57000,28,14962.5,0,0.0
EMP0375,2023-07,57000,0,0.0,5,3250.0
EMP0375,2023-08,57000,11,5878.12,0,0.0
EMP0375,2023-09,57000,0,0.0,0,0.0
EMP0375,2023-10,57000,0,0.0,9,5850.0
EMP0375,2023-11,57000,10,5343.75,11,7150.0
EMP0375,2023-12,57000,16,8550.0,0,0.0
EMP0376,2023-01,64000,28,16800.0,14,9100.0
EMP0376,2023-02,64000,11,6600.0,0,0.0
EMP0376,2023-03,64000,0,0.0,0,0.0
EMP0376,2023-04,64000,23,13800.0,0,0.0
EMP0376,2023-05,64000,13,7800.0,0,0.0
EMP0376,2023-06,64000,0,0.0,0,0.0
EMP0376,2023-07,64000,0,0.0,0,0.0
EMP0376,2023-08,64000,9,5400.0,15,9750.0
EMP0376,2023-09,64000,30,18000.0,0,0.0
EMP0376,2023-10,64000,0,0.0,0,0.0
EMP0376,2023-11,64000,0,0.0,0,0.0
EMP0376,2023-12,64000,13,7800.0,0,0.0
EMP0377,2023-01,61500,0,0.0,0,0.0
EMP0377,2023-02,61500,0,0.0,0,0.0
EMP0377,2023-03,61500,14,8071.88,0,0.0
EMP0377,2023-04,61500,0,0.0,7,4550.0
EMP0377,2023-05,61500,0,0.0,0,0.0
EMP0377,2023-06,61500,0,0.0,0,0.0
EMP0377,2023-07,61500,0,0.0,0,0.0
EMP0377,2023-08,61500,26,14990.62,0,0.0
EMP0377,2023-09,61500,0,0.0,7,4550.0
EMP0377,2023-10,61500,0,0.0,0,0.0
EMP0377,2023-11,61500,0,0.0,5,3250.0
EMP0377,2023-12,61500,11,6342.19,16,10400.0
EMP0378,2023-01,63000,0,0.0,0,0.0
EMP0378,2023-02,63000,27,15946.88,11,7150.0
EMP0378,2023-03,63000,0,0.0,0,0.0
EMP0378,2023-04,63000,0,0.0,0,0.0
EMP0378,2023-05,63000,0,0.0,0,0.0
EMP0378,2023-06,63000,0,0.0,0,0.0
EMP0378,2023-07,63000,29,17128.12,0,0.0
EMP0378,2023-08,63000,0,0.0,0,0.0
EMP0378,2023-09,63000,0,0.0,0,0.0
EMP0378,2023-10,63000,5,2953.12,0,0.0
EMP0378,2023-11,63000,6,3543.75,0,0.0
EMP0378,2023-12,63000,30,17718.75,0,0.0
EMP0379,2023-01,44500,0,0.0,4,2600.0
EMP0379,2023-02,44500,27,11264.06,12,7800.0
EMP0379,2023-03,44500,26,10846.88,12,7800.0
EMP0379,2023-04,44500,0,0.0,0,0.0
EMP0379,2023-05,44500,0,0.0,16,10400.0
EMP0379,2023-06,44500,29,12098.44,0,0.0
EMP0379,2023-07,44500,21,8760.94,14,9100.0
EMP0379,2023-08,44500,0,0.0,0,0.0
EMP0379,2023-09,44500,0,0.0,0,0.0
EMP0379,2023-10,44500,0,0.0,0,0.0
EMP0379,2023-11,44500,0,0.0,0,0.0
EMP0379,2023-12,44500,16,6675.0,0,0.0
EMP0380,2023-01,52500,0,0.0,2,1300.0
EMP0380,2023-02,52500,0,0.0,0,0.0
EMP0380,2023-03,52500,25,12304.69,15,9750.0
EMP0380,2023-04,52500,14,6890.62,0,0.0
EMP0380,2023-05,52500,0,0.0,6,3900.0
EMP0380,2023-06,52500,0,0.0,15,9750.0
EMP0380,2023-07,52500,0,0.0,15,9750.0
EMP0380,2023-08,52500,0,0.0,15,9750.0
EMP0380,2023-09,52500,0,0.0,0,0.0
EMP0380,2023-10,52500,0,0.0,0,0.0
EMP0380,2023-11,52500,13,6398.44,9,5850.0
EMP0380,2023-12,52500,0,0.0,13,8450.0
EMP0381,2023-01,70000,24,15750.0,0,0.0
EMP0381,2023-02,70000,0,0.0,15,9750.0
EMP0381,2023-03,70000,0,0.0,0,0.0
EMP0381,2023-04,70000,0,0.0,0,0.0
EMP0381,2023-05,70000,8,5250.0,0,0.0
EMP0381,2023-06,70000,0,0.0,0,0.0
EMP0381,2023-07,70000,30,19687.5,2,1300.0
EMP0381,2023-08,70000,0,0.0,0,0.0
EMP0381,2023-09,70000,0,0.0,5,3250.0
EMP0381,2023-10,70000,0,0.0,0,0.0
EMP0381,2023-11,70000,0,0.0,0,0.0
EMP0381,2023-12,70000,22,14437.5,0,0.0
EMP0382,2023-01,42500,10,3984.38,4,2600.0
EMP0382,2023-02,42500,0,0.0,0,0.0
EMP0382,2023-03,42500,0,0.0,0,0.0
EMP0382,2023-04,42500,21,8367.19,8,5200.0
EMP0382,2023-05,42500,0,0.0,14,9100.0
EMP0382,2023-06,42500,0,0.0,15,9750.0
EMP0382,2023-07,42500,0,0.0,5,3250.0
EMP0382,2023-08,42500,0,0.0,0,0.0
EMP0382,2023-09,42500,0,0.0,0,0.0
EMP0382,2023-10,42500,0,0.0,0,0.0
EMP0382,2023-11,42500,7,2789.06,0,0.0
EMP0382,2023-12,42500,0,0.0,15,9750.0
EMP0383,2023-01,78000,0,0.0,0,0.0
EMP0383,2023-02,78000,25,18281.25,0,0.0
EMP0383,2023-03,78000,24,17550.0,0,0.0
EMP0383,2023-04,78000,0,0.0,0,0.0
EMP0383,2023-05,78000,0,0.0,0,0.0
EMP0383,2023-06,78000,0,0.0,10,6500.0
EMP0383,2023-07,78000,10,7312.5,0,0.0
EMP0383,2023-08,78000,0,0.0,0,0.0
EMP0383,2023-09,78000,0,0.0,0,0.0
EMP0383,2023-10,78000,5,3656.25,0,0.0
EMP0383,2023-11,78000,19,13893.75,14,9100.0
EMP0383,2023-12,78000,8,5850.0,6,3900.0
EMP0384,2023-01,84500,0,0.0,0,0.0
EMP0384,2023-02,84500,0,0.0,0,0.0
EMP0384,2023-03,84500,0,0.0,0,0.0
EMP0384,2023-04,84500,27,21389.06,12,7800.0
EMP0384,2023-05,84500,29,22973.44,0,0.0
EMP0384,2023-06,84500,0,0.0,0,0.0
EMP0384,2023-07,84500,23,18220.31,0,0.0
EMP0384,2023-08,84500,0,0.0,8,5200.0
EMP0384,2023-09,84500,23,18220.31,0,0.0
EMP0384,2023-10,84500,0,0.0,0,0.0
EMP0384,2023-11,84500,0,0.0,0,0.0
EMP0384,2023-12,84500,30,23765.62,0,0.0
EMP0385,2023-01,64000,0,0.0,0,0.0
EMP0385,2023-02,64000,0,0.0,0,0.0
EMP0385,2023-03,64000,0,0.0,0,0.0
EMP0385,2023-04,64000,0,0.0,0,0.0
EMP0385,2023-05,64000,24,14400.0,0,0.0
EMP0385,2023-06,64000,0,0.0,0,0.0
EMP0385,2023-07,64000,24,14400.0,10,6500.0
EMP0385,2023-08,64000,22,13200.0,0,0.0
EMP0385,2023-09,64000,0,0.0,0,0.0
EMP0385,2023-10,64000,23,13800.0,0,0.0
EMP0385,2023-11,64000,15,9000.0,0,0.0
EMP0385,2023-12,64000,0,0.0,0,0.0
EMP0386,2023-01,57000,6,3206.25,0,0.0
EMP0386,2023-02,57000,29,15496.88,0,0.0
EMP0386,2023-03,57000,4,2137.5,0,0.0
EMP0386,2023-04,57000,10,5343.75,0,0.0
EMP0386,2023-05,57000,0,0.0,0,0.0
EMP0386,2023-06,57000,0,0.0,12,7800.0
EMP0386,2023-07,57000,0,0.0,0,0.0
EMP0386,2023-08,57000,10,5343.75,0,0.0
EMP0386,2023-09,57000,4,2137.5,0,0.0
EMP0386,2023-10,57000,0,0.0,0,0.0
EMP0386,2023-11,57000,16,8550.0,0,0.0
EMP0386,2023-12,57000,0,0.0,0,0.0
EMP0387,2023-01,57000,0,0.0,12,7800.0
EMP0387,2023-02,57000,9,4809.38,0,0.0
EMP0387,2023-03,57000,0,0.0,0,0.0
EMP0387,2023-04,57000,0,0.0,0,0.0
EMP0387,2023-05,57000,8,4275.0,0,0.0
EMP0387,2023-06,57000,16,8550.0,3,1950.0
EMP0387,2023-07,57000,0,0.0,0,0.0
EMP0387,2023-08,57000,0,0.0,0,0.0
EMP0387,2023-09,57000,0,0.0,0,0.0
EMP0387,2023-10,57000,19,10153.12,5,3250.0
EMP0387,2023-11,57000,0,0.0,0,0.0
EMP0387,2023-12,57000,0,0.0,0,0.0
EMP0388,2023-01,59500,0,0.0,12,7800.0
EMP0388,2023-02,59500,0,0.0,0,0.0
EMP0388,2023-03,59500,0,0.0,0,0.0
EMP0388,2023-04,59500,0,0.0,9,5850.0
EMP0388,2023-05,59500,0,0.0,0,0.0
EMP0388,2023-06,59500,17,9482.81,0,0.0
EMP0388,2023-07,59500,0,0.0,4,2600.0
EMP0388,2023-08,59500,30,16734.38,0,0.0
EMP0388,2023-09,59500,0,0.0,0,0.0
EMP0388,2023-10,59500,0,0.0,2,1300.0
EMP0388,2023-11,59500,11,6135.94,0,0.0
EMP0388,2023-12,59500,28,15618.75,0,0.0
EMP0389,2023-01,78500,11,8095.31,0,0.0
EMP0389,2023-02,78500,0,0.0,0,0.0
EMP0389,2023-03,78500,0,0.0,0,0.0
EMP0389,2023-04,78500,0,0.0,2,1300.0
EMP0389,2023-05,78500,0,0.0,0,0.0
EMP0389,2023-06,78500,0,0.0,0,0.0
EMP0389,2023-07,78500,6,4415.62,0,0.0
EMP0389,2023-08,78500,0,0.0,5,3250.0
EMP0389,2023-09,78500,0,0.0,3,1950.0
EMP0389,2023-10,78500,11,8095.31,11,7150.0
EMP0389,2023-11,78500,0,0.0,0,0.0
EMP0389,2023-12,78500,0,0.0,15,9750.0
EMP0390,2023-01,59500,0,0.0,0,0.0
EMP0390,2023-02,59500,0,0.0,0,0.0
EMP0390,2023-03,59500,0,0.0,0,0.0
EMP0390,2023-04,59500,0,0.0,9,5850.0
EMP0390,2023-05,59500,8,4462.5,0,0.0
EMP0390,2023-06,59500,20,11156.25,0,0.0
EMP0390,2023-07,59500,0,0.0,0,0.0
EMP0390,2023-08,59500,11,6135.94,0,0.0
EMP0390,2023-09,59500,0,0.0,0,0.0
EMP0390,2023-10,59500,0,0.0,0,0.0
EMP0390,2023-11,59500,0,0.0,0,0.0
EMP0390,2023-12,59500,13,7251.56,0,0.0
EMP0391,2023-01,63000,0,0.0,0,0.0
EMP0391,2023-02,63000,0,0.0,3,1950.0
EMP0391,2023-03,63000,0,0.0,0,0.0
EMP0391,2023-04,63000,0,0.0,0,0.0
EMP0391,2023-05,63000,0,0.0,0,0.0
EMP0391,2023-06,63000,0,0.0,4,2600.0
EMP0391,2023-07,63000,17,10040.62,2,1300.0
EMP0391,2023-08,63000,27,15946.88,0,0.0
EMP0391,2023-09,63000,16,9450.0,0,0.0
EMP0391,2023-10,63000,29,17128.12,0,0.0
EMP0391,2023-11,63000,0,0.0,0,0.0
EMP0391,2023-12,63000,0,0.0,5,3250.0
EMP0392,2023-01,49500,19,8817.19,0,0.0
EMP0392,2023-02,49500,20,9281.25,0,0.0
EMP0392,2023-03,49500,6,2784.38,0,0.0
EMP0392,2023-04,49500,0,0.0,0,0.0
EMP0392,2023-05,49500,0,0.0,0,0.0
EMP0392,2023-06,49500,0,0.0,0,0.0
EMP0392,2023-07,49500,0,0.0,0,0.0
EMP0392,2023-08,49500,14,6496.88,0,0.0
EMP0392,2023-09,49500,8,3712.5,13,8450.0
EMP0392,2023-10,49500,21,9745.31,0,0.0
EMP0392,2023-11,49500,0,0.0,0,0.0
EMP0392,2023-12,49500,19,8817.19,0,0.0
EMP0393,2023-01,72000,16,10800.0,0,0.0
EMP0393,2023-02,72000,12,8100.0,6,3900.0
EMP0393,2023-03,72000,0,0.0,0,0.0
EMP0393,2023-04,72000,0,0.0,0,0.0
EMP0393,2023-05,72000,0,0.0,0,0.0
EMP0393,2023-06,72000,0,0.0,0,0.0
EMP0393,2023-07,72000,4,2700.0,0,0.0
EMP0393,2023-08,72000,0,0.0,0,0.0
EMP0393,2023-09,72000,10,6750.0,0,0.0
EMP0393,2023-10,72000,0,0.0,0,0.0
EMP0393,2023-11,72000,0,0.0,4,2600.0
EMP0393,2023-12,72000,0,0.0,14,9100.0
EMP0394,2023-01,55500,0,0.0,4,2600.0
EMP0394,2023-02,55500,0,0.0,0,0.0
EMP0394,2023-03,55500,0,0.0,12,7800.0
EMP0394,2023-04,55500,0,0.0,10,6500.0
EMP0394,2023-05,55500,0,0.0,0,0.0
EMP0394,2023-06,55500,24,12487.5,0,0.0
EMP0394,2023-07,55500,0,0.0,5,3250.0
EMP0394,2023-08,55500,20,10406.25,0,0.0
EMP0394,2023-09,55500,11,5723.44,0,0.0
EMP0394,2023-10,55500,0,0.0,0,0.0
EMP0394,2023-11,55500,23,11967.19,11,7150.0
EMP0394,2023-12,55500,0,0.0,0,0.0
EMP0395,2023-01,65500,0,0.0,0,0.0
EMP0395,2023-02,65500,15,9210.94,7,4550.0
EMP0395,2023-03,65500,0,0.0,0,0.0
EMP0395,2023-04,65500,22,13509.38,0,0.0
EMP0395,2023-05,65500,0,0.0,15,9750.0
EMP0395,2023-06,65500,0,0.0,0,0.0
EMP0395,2023-07,65500,0,0.0,0,0.0
EMP0395,2023-08,65500,0,0.0,0,0.0
EMP0395,2023-09,65500,0,0.0,0,0.0
EMP0395,2023-10,65500,28,17193.75,0,0.0
EMP0395,2023-11,65500,0,0.0,0,0.0
EMP0395,2023-12,65500,30,18421.88,2,1300.0
EMP0396,2023-01,61500,22,12684.38,0,0.0
EMP0396,2023-02,61500,0,0.0,0,0.0
EMP0396,2023-03,61500,0,0.0,8,5200.0
EMP0396,2023-04,61500,0,0.0,0,0.0
EMP0396,2023-05,61500,23,13260.94,0,0.0
EMP0396,2023-06,61500,24,13837.5,12,7800.0
EMP0396,2023-07,61500,0,0.0,0,0.0
EMP0396,2023-08,61500,12,6918.75,0,0.0
EMP0396,2023-09,61500,19,10954.69,0,0.0
EMP0396,2023-10,61500,0,0.0,0,0.0
EMP0396,2023-11,61500,21,12107.81,0,0.0
EMP0396,2023-12,61500,0,0.0,0,0.0
EMP0397,2023-01,43500,18,7340.62,13,8450.0
EMP0397,2023-02,43500,20,8156.25,11,7150.0
EMP0397,2023-03,43500,14,5709.38,0,0.0
EMP0397,2023-04,43500,0,0.0,0,0.0
EMP0397,2023-05,43500,0,0.0,8,5200.0
EMP0397,2023-06,43500,0,0.0,0,0.0
EMP0397,2023-07,43500,0,0.0,0,0.0
EMP0397,2023-08,43500,29,11826.56,0,0.0
EMP0397,2023-09,43500,0,0.0,11,7150.0
EMP0397,2023-10,43500,24,9787.5,6,3900.0
EMP0397,2023-11,43500,22,8971.88,0,0.0
EMP0397,2023-12,43500,28,11418.75,0,0.0
EMP0398,2023-01,44000,0,0.0,11,7150.0
EMP0398,2023-02,44000,5,2062.5,0,0.0
EMP0398,2023-03,44000,16,6600.0,0,0.0
EMP0398,2023-04,44000,0,0.0,0,0.0
EMP0398,2023-05,44000,16,6600.0,0,0.0
EMP0398,2023-06,44000,12,4950.0,0,0.0
EMP0398,2023-07,44000,0,0.0,0,0.0
EMP0398,2023-08,44000,17,7012.5,0,0.0
EMP0398,2023-09,44000,0,0.0,0,0.0
EMP0398,2023-10,44000,28,11550.0,0,0.0
EMP0398,2023-11,44000,25,10312.5,0,0.0
EMP0398,2023-12,44000,0,0.0,0,0.0
EMP0399,2023-01,49500,0,0.0,0,0.0
EMP0399,2023-02,49500,0,0.0,0,0.0
EMP0399,2023-03,49500,0,0.0,0,0.0
EMP0399,2023-04,49500,0,0.0,0,0.0
EMP0399,2023-05,49500,0,0.0,0,0.0
EMP0399,2023-06,49500,0,0.0,2,1300.0
EMP0399,2023-07,49500,0,0.0,0,0.0
EMP0399,2023-08,49500,0,0.0,13,8450.0
EMP0399,2023-09,49500,26,12065.62,0,0.0
EMP0399,2023-10,49500,0,0.0,0,0.0
EMP0399,2023-11,49500,0,0.0,0,0.0
EMP0399,2023-12,49500,23,10673.44,0,0.0
EMP0400,2023-01,65000,0,0.0,0,0.0
EMP0400,2023-02,65000,0,0.0,0,0.0
EMP0400,2023-03,65000,6,3656.25,0,0.0
EMP0400,2023-04,65000,30,18281.25,0,0.0
EMP0400,2023-05,65000,0,0.0,0,0.0
EMP0400,2023-06,65000,21,12796.88,0,0.0
EMP0400,2023-07,65000,10,6093.75,0,0.0
EMP0400,2023-08,65000,0,0.0,4,2600.0
EMP0400,2023-09,65000,0,0.0,0,0.0
EMP0400,2023-10,65000,0,0.0,0,0.0
EMP0400,2023-11,65000,0,0.0,11,7150.0
EMP0400,2023-12,65000,0,0.0,0,0.0
EMP0401,2023-01,44500,26,10846.88,10,6500.0
EMP0401,2023-02,44500,10,4171.88,13,8450.0
EMP0401,2023-03,44500,0,0.0,11,7150.0
EMP0401,2023-04,44500,8,3337.5,0,0.0
EMP0401,2023-05,44500,0,0.0,0,0.0
EMP0401,2023-06,44500,0,0.0,0,0.0
EMP0401,2023-07,44500,0,0.0,0,0.0
EMP0401,2023-08,44500,25,10429.69,16,10400.0
EMP0401,2023-09,44500,0,0.0,16,10400.0
EMP0401,2023-10,44500,0,0.0,0,0.0
EMP0401,2023-11,44500,0,0.0,16,10400.0
EMP0401,2023-12,44500,0,0.0,6,3900.0
EMP0402,2023-01,46500,6,2615.62,0,0.0
EMP0402,2023-02,46500,4,1743.75,0,0.0
EMP0402,2023-03,46500,18,7846.88,0,0.0
EMP0402,2023-04,46500,30,13078.12,0,0.0
EMP0402,2023-05,46500,0,0.0,0,0.0
EMP0402,2023-06,46500,25,10898.44,0,0.0
EMP0402,2023-07,46500,0,0.0,0,0.0
EMP0402,2023-08,46500,0,0.0,15,9750.0
EMP0402,2023-09,46500,10,4359.38,0,0.0
EMP0402,2023-10,46500,0,0.0,0,0.0
EMP0402,2023-11,46500,8,3487.5,0,0.0
EMP0402,2023-12,46500,22,9590.62,16,10400.0
EMP0403,2023-01,42000,0,0.0,0,0.0
EMP0403,2023-02,42000,0,0.0,5,3250.0
EMP0403,2023-03,42000,0,0.0,0,0.0
EMP0403,2023-04,42000,0,0.0,0,0.0
EMP0403,2023-05,42000,10,3937.5,15,9750.0
EMP0403,2023-06,42000,0,0.0,0,0.0
EMP0403,2023-07,42000,25,9843.75,0,0.0
EMP0403,2023-08,42000,0,0.0,0,0.0
EMP0403,2023-09,42000,0,0.0,0,0.0
EMP0403,2023-10,42000,5,1968.75,0,0.0
EMP0403,2023-11,42000,26,10237.5,0,0.0
EMP0403,2023-12,42000,0,0.0,0,0.0
EMP0404,2023-01,56500,0,0.0,0,0.0
EMP0404,2023-02,56500,26,13771.88,15,9750.0
EMP0404,2023-03,56500,0,0.0,12,7800.0
EMP0404,2023-04,56500,0,0.0,0,0.0
EMP0404,2023-05,56500,26,13771.88,0,0.0
EMP0404,2023-06,56500,20,10593.75,0,0.0
EMP0404,2023-07,56500,0,0.0,0,0.0
EMP0404,2023-08,56500,4,2118.75,0,0.0
EMP0404,2023-09,56500,0,0.0,0,0.0
EMP0404,2023-10,56500,0,0.0,0,0.0
EMP0404,2023-11,56500,0,0.0,0,0.0
EMP0404,2023-12,56500,0,0.0,9,5850.0
EMP0405,2023-01,49500,30,13921.88,6,3900.0
EMP0405,2023-02,49500,20,9281.25,0,0.0
EMP0405,2023-03,49500,0,0.0,0,0.0
EMP0405,2023-04,49500,0,0.0,0,0.0
EMP0405,2023-05,49500,15,6960.94,0,0.0
EMP0405,2023-06,49500,0,0.0,0,0.0
EMP0405,2023-07,49500,0,0.0,0,0.0
EMP0405,2023-08,49500,19,8817.19,0,0.0
EMP0405,2023-09,49500,0,0.0,0,0.0
EMP0405,2023-10,49500,0,0.0,0,0.0
EMP0405,2023-11,49500,29,13457.81,0,0.0
EMP0405,2023-12,49500,0,0.0,0,0.0
EMP0406,2023-01,82000,5,3843.75,0,0.0
EMP0406,2023-02,82000,0,0.0,0,0.0
EMP0406,2023-03,82000,26,19987.5,0,0.0
EMP0406,2023-04,82000,0,0.0,6,3900.0
EMP0406,2023-05,82000,0,0.0,6,3900.0
EMP0406,2023-06,82000,0,0.0,0,0.0
EMP0406,2023-07,82000,0,0.0,7,4550.0
EMP0406,2023-08,82000,8,6150.0,0,0.0
EMP0406,2023-09,82000,0,0.0,0,0.0
EMP0406,2023-10,82000,4,3075.0,9,5850.0
EMP0406,2023-11,82000,11,8456.25,0,0.0
EMP0406,2023-12,82000,0,0.0,0,0.0
EMP0407,2023-01,52500,0,0.0,0,0.0
EMP0407,2023-02,52500,0,0.0,5,3250.0
EMP0407,2023-03,52500,14,6890.62,0,0.0
EMP0407,2023-04,52500,6,2953.12,0,0.0
EMP0407,2023-05,52500,0,0.0,11,7150.0
EMP0407,2023-06,52500,0,0.0,0,0.0
EMP0407,2023-07,52500,0,0.0,7,4550.0
EMP0407,2023-08,52500,0,0.0,0,0.0
EMP0407,2023-09,52500,0,0.0,0,0.0
EMP0407,2023-10,52500,0,0.0,0,0.0
EMP0407,2023-11,52500,21,10335.94,0,0.0
EMP0407,2023-12,52500,0,0.0,2,1300.0
EMP0408,2023-01,65000,15,9140.62,0,0.0
EMP0408,2023-02,65000,27,16453.12,12,7800.0
EMP0408,2023-03,65000,14,8531.25,6,3900.0
EMP0408,2023-04,65000,0,0.0,0,0.0
EMP0408,2023-05,65000,6,3656.25,9,5850.0
EMP0408,2023-06,65000,9,5484.38,0,0.0
EMP0408,2023-07,65000,0,0.0,14,9100.0
EMP0408,2023-08,65000,22,13406.25,0,0.0
EMP0408,2023-09,65000,27,16453.12,0,0.0
EMP0408,2023-10,65000,0,0.0,7,4550.0
EMP0408,2023-11,65000,18,10968.75,0,0.0
EMP0408,2023-12,65000,0,0.0,5,3250.0
EMP0409,2023-01,68000,22,14025.0,6,3900.0
EMP0409,2023-02,68000,0,0.0,0,0.0
EMP0409,2023-03,68000,0,0.0,0,0.0
EMP0409,2023-04,68000,6,3825.0,0,0.0
EMP0409,2023-05,68000,0,0.0,4,2600.0
EMP0409,2023-06,68000,0,0.0,0,0.0
EMP0409,2023-07,68000,0,0.0,14,9100.0
EMP0409,2023-08,68000,22,14025.0,0,0.0
EMP0409,2023-09,68000,0,0.0,2,1300.0
EMP0409,2023-10,68000,0,0.0,6,3900.0
EMP0409,2023-11,68000,6,3825.0,0,0.0
EMP0409,2023-12,68000,0,0.0,7,4550.0
EMP0410,2023-01,82500,0,0.0,14,9100.0
EMP0410,2023-02,82500,17,13148.44,0,0.0
EMP0410,2023-03,82500,0,0.0,0,0.0
EMP0410,2023-04,82500,0,0.0,0,0.0
EMP0410,2023-05,82500,0,0.0,11,7150.0
EMP0410,2023-06,82500,0,0.0,0,0.0
EMP0410,2023-07,82500,30,23203.12,15,9750.0
EMP0410,2023-08,82500,0,0.0,0,0.0
EMP0410,2023-09,82500,15,11601.56,0,0.0
EMP0410,2023-10,82500,0,0.0,6,3900.0
EMP0410,2023-11,82500,18,13921.88,12,7800.0
EMP0410,2023-12,82500,0,0.0,0,0.0
EMP0411,2023-01,69500,0,0.0,0,0.0
EMP0411,2023-02,69500,0,0.0,0,0.0
EMP0411,2023-03,69500,0,0.0,0,0.0
EMP0411,2023-04,69500,0,0.0,0,0.0
EMP0411,2023-05,69500,0,0.0,10,6500.0
EMP0411,2023-06,69500,0,0.0,0,0.0
EMP0411,2023-07,69500,0,0.0,0,0.0
EMP0411,2023-08,69500,0,0.0,0,0.0
EMP0411,2023-09,69500,11,7167.19,0,0.0
EMP0411,2023-10,69500,29,18895.31,0,0.0
EMP0411,2023-11,69500,19,12379.69,12,7800.0
EMP0411,2023-12,69500,0,0.0,5,3250.0
EMP0412,2023-01,55000,0,0.0,0,0.0
EMP0412,2023-02,55000,30,15468.75,0,0.0
EMP0412,2023-03,55000,0,0.0,0,0.0
EMP0412,2023-04,55000,0,0.0,8,5200.0
EMP0412,2023-05,55000,0,0.0,12,7800.0
EMP0412,2023-06,55000,8,4125.0,2,1300.0
EMP0412,2023-07,55000,0,0.0,0,0.0
EMP0412,2023-08,55000,0,0.0,0,0.0
EMP0412,2023-09,55000,0,0.0,10,6500.0
EMP0412,2023-10,55000,16,8250.0,0,0.0
EMP0412,2023-11,55000,26,13406.25,0,0.0
EMP0412,2023-12,55000,0,0.0,10,6500.0
EMP0413,2023-01,58500,0,0.0,7,4550.0
EMP0413,2023-02,58500,0,0.0,0,0.0
EMP0413,2023-03,58500,0,0.0,10,6500.0
EMP0413,2023-04,58500,0,0.0,4,2600.0
EMP0413,2023-05,58500,0,0.0,0,0.0
EMP0413,2023-06,58500,28,15356.25,0,0.0
EMP0413,2023-07,58500,0,0.0,0,0.0
EMP0413,2023-08,58500,0,0.0,0,0.0
EMP0413,2023-09,58500,0,0.0,0,0.0
EMP0413,2023-10,58500,0,0.0,0,0.0
EMP0413,2023-11,58500,14,7678.12,0,0.0
EMP0413,2023-12,58500,0,0.0,16,10400.0
EMP0414,2023-01,46500,17,7410.94,0,0.0
EMP0414,2023-02,46500,0,0.0,10,6500.0
EMP0414,2023-03,46500,0,0.0,0,0.0
EMP0414,2023-04,46500,20,8718.75,0,0.0
EMP0414,2023-05,46500,0,0.0,0,0.0
EMP0414,2023-06,46500,12,5231.25,0,0.0
EMP0414,2023-07,46500,27,11770.31,0,0.0
EMP0414,2023-08,46500,0,0.0,0,0.0
EMP0414,2023-09,46500,0,0.0,0,0.0
EMP0414,2023-10,46500,21,9154.69,0,0.0
EMP0414,2023-11,46500,28,12206.25,0,0.0
EMP0414,2023-12,46500,0,0.0,0,0.0
EMP0415,2023-01,45000,0,0.0,8,5200.0
EMP0415,2023-02,45000,0,0.0,15,9750.0
EMP0415,2023-03,45000,0,0.0,0,0.0
EMP0415,2023-04,45000,29,12234.38,0,0.0
EMP0415,2023-05,45000,0,0.0,12,7800.0
EMP0415,2023-06,45000,0,0.0,12,7800.0
EMP0415,2023-07,45000,0,0.0,0,0.0
EMP0415,2023-08,45000,10,4218.75,13,8450.0
EMP0415,2023-09,45000,0,0.0,0,0.0
EMP0415,2023-10,45000,0,0.0,0,0.0
EMP0415,2023-11,45000,0,0.0,7,4550.0
EMP0415,2023-12,45000,20,8437.5,0,0.0
EMP0416,2023-01,38000,22,7837.5,15,9750.0
EMP0416,2023-02,38000,0,0.0,0,0.0
EMP0416,2023-03,38000,12,4275.0,0,0.0
EMP0416,2023-04,38000,0,0.0,0,0.0
EMP0416,2023-05,38000,0,0.0,6,3900.0
EMP0416,2023-06,38000,0,0.0,7,4550.0
EMP0416,2023-07,38000,23,8193.75,0,0.0
EMP0416,2023-08,38000,0,0.0,0,0.0
EMP0416,2023-09,38000,26,9262.5,0,0.0
EMP0416,2023-10,38000,0,0.0,0,0.0
EMP0416,2023-11,38000,0,0.0,0,0.0
EMP0416,2023-12,38000,0,0.0,0,0.0
EMP0417,2023-01,49500,26,12065.62,0,0.0
EMP0417,2023-02,49500,0,0.0,2,1300.0
EMP0417,2023-03,49500,0,0.0,0,0.0
EMP0417,2023-04,49500,13,6032.81,0,0.0
EMP0417,2023-05,49500,0,0.0,0,0.0
EMP0417,2023-06,49500,0,0.0,0,0.0
EMP0417,2023-07,49500,5,2320.31,0,0.0
EMP0417,2023-08,49500,0,0.0,0,0.0
EMP0417,2023-09,49500,0,0.0,9,5850.0
EMP0417,2023-10,49500,0,0.0,15,9750.0
EMP0417,2023-11,49500,7,3248.44,10,6500.0
EMP0417,2023-12,49500,0,0.0,0,0.0
EMP0418,2023-01,52000,0,0.0,0,0.0
EMP0418,2023-02,52000,0,0.0,0,0.0
EMP0418,2023-03,52000,0,0.0,0,0.0
EMP0418,2023-04,52000,0,0.0,0,0.0
EMP0418,2023-05,52000,5,2437.5,0,0.0
EMP0418,2023-06,52000,0,0.0,11,7150.0
EMP0418,2023-07,52000,14,6825.0,10,6500.0
EMP0418,2023-08,52000,20,9750.0,0,0.0
EMP0418,2023-09,52000,0,0.0,0,0.0
EMP0418,2023-10,52000,0,0.0,0,0.0
EMP0418,2023-11,52000,13,6337.5,0,0.0
EMP0418,2023-12,52000,8,3900.0,0,0.0
EMP0419,2023-01,56500,0,0.0,0,0.0
EMP0419,2023-02,56500,0,0.0,0,0.0
EMP0419,2023-03,56500,0,0.0,9,5850.0
EMP0419,2023-04,56500,0,0.0,12,7800.0
EMP0419,2023-05,56500,5,2648.44,0,0.0
EMP0419,2023-06,56500,0,0.0,16,10400.0
EMP0419,2023-07,56500,0,0.0,2,1300.0
EMP0419,2023-08,56500,0,0.0,0,0.0
EMP0419,2023-09,56500,0,0.0,15,9750.0
EMP0419,2023-10,56500,20,10593.75,5,3250.0
EMP0419,2023-11,56500,9,4767.19,0,0.0
EMP0419,2023-12,56500,0,0.0,0,0.0
EMP0420,2023-01,45000,12,5062.5,9,5850.0
EMP0420,2023-02,45000,14,5906.25,0,0.0
EMP0420,2023-03,45000,4,1687.5,0,0.0
EMP0420,2023-04,45000,0,0.0,0,0.0
EMP0420,2023-05,45000,0,0.0,0,0.0
EMP0420,2023-06,45000,25,10546.88,7,4550.0
EMP0420,2023-07,45000,0,0.0,9,5850.0
EMP0420,2023-08,45000,0,0.0,0,0.0
EMP0420,2023-09,45000,0,0.0,0,0.0
EMP0420,2023-10,45000,0,0.0,0,0.0
EMP0420,2023-11,45000,22,9281.25,0,0.0
EMP0420,2023-12,45000,7,2953.12,0,0.0
EMP0421,2023-01,60500,0,0.0,0,0.0
EMP0421,2023-02,60500,12,6806.25,2,1300.0
EMP0421,2023-03,60500,0,0.0,0,0.0
EMP0421,2023-04,60500,0,0.0,8,5200.0
EMP0421,2023-05,60500,0,0.0,0,0.0
EMP0421,2023-06,60500,0,0.0,0,0.0
EMP0421,2023-07,60500,13,7373.44,0,0.0
EMP0421,2023-08,60500,7,3970.31,0,0.0
EMP0421,2023-09,60500,0,0.0,15,9750.0
EMP0421,2023-10,60500,0,0.0,15,9750.0
EMP0421,2023-11,60500,19,10776.56,14,9100.0
EMP0421,2023-12,60500,0,0.0,6,3900.0
EMP0422,2023-01,68000,0,0.0,0,0.0
EMP0422,2023-02,68000,9,5737.5,6,3900.0
EMP0422,2023-03,68000,18,11475.0,0,0.0
EMP0422,2023-04,68000,0,0.0,0,0.0
EMP0422,2023-05,68000,11,7012.5,4,2600.0
EMP0422,2023-06,68000,0,0.0,11,7150.0
EMP0422,2023-07,68000,0,0.0,0,0.0
EMP0422,2023-08,68000,0,0.0,0,0.0
EMP0422,2023-09,68000,0,0.0,0,0.0
EMP0422,2023-10,68000,0,0.0,0,0.0
EMP0422,2023-11,68000,26,16575.0,9,5850.0
EMP0422,2023-12,68000,12,7650.0,0,0.0
EMP0423,2023-01,58000,7,3806.25,0,0.0
EMP0423,2023-02,58000,0,0.0,0,0.0
EMP0423,2023-03,58000,0,0.0,4,2600.0
EMP0423,2023-04,58000,12,6525.0,15,9750.0
EMP0423,2023-05,58000,0,0.0,0,0.0
EMP0423,2023-06,58000,0,0.0,0,0.0
EMP0423,2023-07,58000,14,7612.5,0,0.0
EMP0423,2023-08,58000,0,0.0,0,0.0
EMP0423,2023-09,58000,0,0.0,0,0.0
EMP0423,2023-10,58000,14,7612.5,0,0.0
EMP0423,2023-11,58000,0,0.0,5,3250.0
EMP0423,2023-12,58000,19,10331.25,0,0.0
EMP0424,2023-01,61000,0,0.0,0,0.0
EMP0424,2023-02,61000,27,15440.62,0,0.0
EMP0424,2023-03,61000,19,10865.62,0,0.0
EMP0424,2023-04,61000,0,0.0,4,2600.0
EMP0424,2023-05,61000,9,5146.88,10,6500.0
EMP0424,2023-06,61000,0,0.0,0,0.0
EMP0424,2023-07,61000,0,0.0,0,0.0
EMP0424,2023-08,61000,0,0.0,0,0.0
EMP0424,2023-09,61000,6,3431.25,0,0.0
EMP0424,2023-10,61000,0,0.0,0,0.0
EMP0424,2023-11,61000,5,2859.38,2,1300.0
EMP0424,2023-12,61000,0,0.0,0,0.0
EMP0425,2023-01,60000,0,0.0,0,0.0
EMP0425,2023-02,60000,28,15750.0,0,0.0
EMP0425,2023-03,60000,0,0.0,11,7150.0
EMP0425,2023-04,60000,0,0.0,14,9100.0
EMP0425,2023-05,60000,0,0.0,0,0.0
EMP0425,2023-06,60000,0,0.0,5,3250.0
EMP0425,2023-07,60000,0,0.0,0,0.0
EMP0425,2023-08,60000,0,0.0,0,0.0
EMP0425,2023-09,60000,0,0.0,2,1300.0
EMP0425,2023-10,60000,0,0.0,2,1300.0
EMP0425,2023-11,60000,23,12937.5,0,0.0
EMP0425,2023-12,60000,12,6750.0,0,0.0
EMP0426,2023-01,48000,20,9000.0,13,8450.0
EMP0426,2023-02,48000,0,0.0,3,1950.0
EMP0426,2023-03,48000,0,0.0,2,1300.0
EMP0426,2023-04,48000,16,7200.0,0,0.0
EMP0426,2023-05,48000,0,0.0,16,10400.0
EMP0426,2023-06,48000,27,12150.0,4,2600.0
EMP0426,2023-07,48000,9,4050.0,0,0.0
EMP0426,2023-08,48000,0,0.0,0,0.0
EMP0426,2023-09,48000,27,12150.0,8,5200.0
EMP0426,2023-10,48000,29,13050.0,0,0.0
EMP0426,2023-11,48000,0,0.0,0,0.0
EMP0426,2023-12,48000,0,0.0,0,0.0
EMP0427,2023-01,55000,19,9796.88,0,0.0
EMP0427,2023-02,55000,0,0.0,0,0.0
EMP0427,2023-03,55000,20,10312.5,0,0.0
EMP0427,2023-04,55000,22,11343.75,0,0.0
EMP0427,2023-05,55000,0,0.0,0,0.0
EMP0427,2023-06,55000,13,6703.12,0,0.0
EMP0427,2023-07,55000,0,0.0,3,1950.0
EMP0427,2023-08,55000,0,0.0,0,0.0
EMP0427,2023-09,55000,15,7734.38,10,6500.0
EMP0427,2023-10,55000,14,7218.75,3,1950.0
EMP0427,2023-11,55000,0,0.0,3,1950.0
EMP0427,2023-12,55000,4,2062.5,5,3250.0
EMP0428,2023-01,70000,0,0.0,0,0.0
EMP0428,2023-02,70000,13,8531.25,0,0.0
EMP0428,2023-03,70000,27,17718.75,0,0.0
EMP0428,2023-04,70000,0,0.0,0,0.0
EMP0428,2023-05,70000,0,0.0,3,1950.0
EMP0428,2023-06,70000,9,5906.25,15,9750.0
EMP0428,2023-07,70000,0,0.0,0,0.0
EMP0428,2023-08,70000,0,0.0,0,0.0
EMP0428,2023-09,70000,14,9187.5,0,0.0
EMP0428,2023-10,70000,24,15750.0,0,0.0
EMP0428,2023-11,70000,0,0.0,0,0.0
EMP0428,2023-12,70000,0,0.0,0,0.0
EMP0429,2023-01,71000,28,18637.5,0,0.0
EMP0429,2023-02,71000,0,0.0,0,0.0
EMP0429,2023-03,71000,0,0.0,0,0.0
EMP0429,2023-04,71000,16,10650.0,0,0.0
EMP0429,2023-05,71000,0,0.0,10,6500.0
EMP0429,2023-06,71000,10,6656.25,0,0.0
EMP0429,2023-07,71000,0,0.0,0,0.0
EMP0429,2023-08,71000,0,0.0,0,0.0
EMP0429,2023-09,71000,21,13978.12,16,10400.0
EMP0429,2023-10,71000,9,5990.62,0,0.0
EMP0429,2023-11,71000,0,0.0,9,5850.0
EMP0429,2023-12,71000,0,0.0,16,10400.0
EMP0430,2023-01,52500,10,4921.88,0,0.0
EMP0430,2023-02,52500,25,12304.69,4,2600.0
EMP0430,2023-03,52500,22,10828.12,0,0.0
EMP0430,2023-04,52500,6,2953.12,0,0.0
EMP0430,2023-05,52500,14,6890.62,0,0.0
EMP0430,2023-06,52500,15,7382.81,6,3900.0
EMP0430,2023-07,52500,22,10828.12,0,0.0
EMP0430,2023-08,52500,0,0.0,14,9100.0
EMP0430,2023-09,52500,29,14273.44,0,0.0
EMP0430,2023-10,52500,0,0.0,3,1950.0
EMP0430,2023-11,52500,27,13289.06,5,3250.0
EMP0430,2023-12,52500,27,13289.06,12,7800.0
EMP0431,2023-01,64500,0,0.0,0,0.0
EMP0431,2023-02,64500,15,9070.31,0,0.0
EMP0431,2023-03,64500,0,0.0,0,0.0
EMP0431,2023-04,64500,0,0.0,3,1950.0
EMP0431,2023-05,64500,0,0.0,0,0.0
EMP0431,2023-06,64500,0,0.0,0,0.0
EMP0431,2023-07,64500,0,0.0,5,3250.0
EMP0431,2023-08,64500,0,0.0,0,0.0
EMP0431,2023-09,64500,0,0.0,0,0.0
EMP0431,2023-10,64500,13,7860.94,0,0.0
EMP0431,2023-11,64500,0,0.0,15,9750.0
EMP0431,2023-12,64500,0,0.0,0,0.0
EMP0432,2023-01,80000,17,12750.0,0,0.0
EMP0432,2023-02,80000,0,0.0,16,10400.0
EMP0432,2023-03,80000,25,18750.0,2,1300.0
EMP0432,2023-04,80000,0,0.0,0,0.0
EMP0432,2023-05,80000,5,3750.0,0,0.0
EMP0432,2023-06,80000,0,0.0,0,0.0
EMP0432,2023-07,80000,0,0.0,9,5850.0
EMP0432,2023-08,80000,0,0.0,0,0.0
EMP0432,2023-09,80000,0,0.0,0,0.0
EMP0432,2023-10,80000,25,18750.0,5,3250.0
EMP0432,2023-11,80000,24,18000.0,0,0.0
EMP0432,2023-12,80000,21,15750.0,13,8450.0
EMP0433,2023-01,93500,30,26296.88,3,1950.0
EMP0433,2023-02,93500,0,0.0,0,0.0
EMP0433,2023-03,93500,0,0.0,5,3250.0
EMP0433,2023-04,93500,0,0.0,0,0.0
EMP0433,2023-05,93500,0,0.0,0,0.0
EMP0433,2023-06,93500,0,0.0,0,0.0
EMP0433,2023-07,93500,16,14025.0,0,0.0
EMP0433,2023-08,93500,11,9642.19,13,8450.0
EMP0433,2023-09,93500,27,23667.19,7,4550.0
EMP0433,2023-10,93500,4,3506.25,13,8450.0
EMP0433,2023-11,93500,16,14025.0,5,3250.0
EMP0433,2023-12,93500,11,9642.19,2,1300.0
EMP0434,2023-01,52000,26,12675.0,7,4550.0
EMP0434,2023-02,52000,8,3900.0,14,9100.0
EMP0434,2023-03,52000,8,3900.0,3,1950.0
EMP0434,2023-04,52000,21,10237.5,9,5850.0
EMP0434,2023-05,52000,0,0.0,13,8450.0
EMP0434,2023-06,52000,0,0.0,0,0.0
EMP0434,2023-07,52000,0,0.0,16,10400.0
EMP0434,2023-08,52000,0,0.0,0,0.0
EMP0434,2023-09,52000,0,0.0,0,0.0
EMP0434,2023-10,52000,0,0.0,0,0.0
EMP0434,2023-11,52000,0,0.0,0,0.0
EMP0434,2023-12,52000,0,0.0,0,0.0
EMP0435,2023-01,41500,0,0.0,0,0.0
EMP0435,2023-02,41500,25,9726.56,0,0.0
EMP0435,2023-03,41500,0,0.0,0,0.0
EMP0435,2023-04,41500,0,0.0,0,0.0
EMP0435,2023-05,41500,0,0.0,6,3900.0
EMP0435,2023-06,41500,0,0.0,0,0.0
EMP0435,2023-07,41500,0,0.0,0,0.0
EMP0435,2023-08,41500,0,0.0,14,9100.0
EMP0435,2023-09,41500,0,0.0,9,5850.0
EMP0435,2023-10,41500,16,6225.0,11,7150.0
EMP0435,2023-11,41500,4,1556.25,9,5850.0
EMP0435,2023-12,41500,0,0.0,8,5200.0
EMP0436,2023-01,45000,17,7171.88,0,0.0
EMP0436,2023-02,45000,0,0.0,11,7150.0
EMP0436,2023-03,45000,0,0.0,0,0.0
EMP0436,2023-04,45000,0,0.0,10,6500.0
EMP0436,2023-05,45000,18,7593.75,0,0.0
EMP0436,2023-06,45000,0,0.0,0,0.0
EMP0436,2023-07,45000,0,0.0,0,0.0
EMP0436,2023-08,45000,16,6750.0,0,0.0
EMP0436,2023-09,45000,0,0.0,0,0.0
EMP0436,2023-10,45000,0,0.0,0,0.0
EMP0436,2023-11,45000,9,3796.88,9,5850.0
EMP0436,2023-12,45000,24,10125.0,0,0.0
EMP0437,2023-01,60000,0,0.0,0,0.0
EMP0437,2023-02,60000,0,0.0,10,6500.0
EMP0437,2023-03,60000,0,0.0,0,0.0
EMP0437,2023-04,60000,0,0.0,16,10400.0
EMP0437,2023-05,60000,0,0.0,13,8450.0
EMP0437,2023-06,60000,0,0.0,0,0.0
EMP0437,2023-07,60000,0,0.0,0,0.0
EMP0437,2023-08,60000,0,0.0,0,0.0
EMP0437,2023-09,60000,0,0.0,0,0.0
EMP0437,2023-10,60000,20,11250.0,5,3250.0
EMP0437,2023-11,60000,19,10687.5,4,2600.0
EMP0437,2023-12,60000,0,0.0,0,0.0
EMP0438,2023-01,53000,25,12421.88,0,0.0
EMP0438,2023-02,53000,0,0.0,0,0.0
EMP0438,2023-03,53000,0,0.0,4,2600.0
EMP0438,2023-04,53000,8,3975.0,0,0.0
EMP0438,2023-05,53000,0,0.0,0,0.0
EMP0438,2023-06,53000,0,0.0,13,8450.0
EMP0438,2023-07,53000,0,0.0,0,0.0
EMP0438,2023-08,53000,0,0.0,0,0.0
EMP0438,2023-09,53000,0,0.0,0,0.0
EMP0438,2023-10,53000,24,11925.0,0,0.0
EMP0438,2023-11,53000,0,0.0,15,9750.0
EMP0438,2023-12,53000,30,14906.25,0,0.0
EMP0439,2023-01,63000,25,14765.62,0,0.0
EMP0439,2023-02,63000,0,0.0,0,0.0
EMP0439,2023-03,63000,0,0.0,0,0.0
EMP0439,2023-04,63000,0,0.0,0,0.0
EMP0439,2023-05,63000,0,0.0,0,0.0
EMP0439,2023-06,63000,0,0.0,0,0.0
EMP0439,2023-07,63000,6,3543.75,8,5200.0
EMP0439,2023-08,63000,0,0.0,0,0.0
EMP0439,2023-09,63000,0,0.0,0,0.0
EMP0439,2023-10,63000,0,0.0,13,8450.0
EMP0439,2023-11,63000,0,0.0,0,0.0
EMP0439,2023-12,63000,15,8859.38,0,0.0
EMP0440,2023-01,47500,0,0.0,0,0.0
EMP0440,2023-02,47500,19,8460.94,0,0.0
EMP0440,2023-03,47500,16,7125.0,3,1950.0
EMP0440,2023-04,47500,0,0.0,13,8450.0
EMP0440,2023-05,47500,25,11132.81,5,3250.0
EMP0440,2023-06,47500,0,0.0,4,2600.0
EMP0440,2023-07,47500,0,0.0,0,0.0
EMP0440,2023-08,47500,0,0.0,0,0.0
EMP0440,2023-09,47500,17,7570.31,0,0.0
EMP0440,2023-10,47500,14,6234.38,0,0.0
EMP0440,2023-11,47500,0,0.0,0,0.0
EMP0440,2023-12,47500,0,0.0,12,7800.0
EMP0441,2023-01,96500,0,0.0,11,7150.0
EMP0441,2023-02,96500,0,0.0,0,0.0
EMP0441,2023-03,96500,0,0.0,0,0.0
EMP0441,2023-04,96500,0,0.0,0,0.0
EMP0441,2023-05,96500,0,0.0,0,0.0
EMP0441,2023-06,96500,7,6332.81,0,0.0
EMP0441,2023-07,96500,0,0.0,11,7150.0
EMP0441,2023-08,96500,16,14475.0,0,0.0
EMP0441,2023-09,96500,27,24426.56,0,0.0
EMP0441,2023-10,96500,0,0.0,0,0.0
EMP0441,2023-11,96500,21,18998.44,0,0.0
EMP0441,2023-12,96500,16,14475.0,0,0.0
EMP0442,2023-01,58000,0,0.0,0,0.0
EMP0442,2023-02,58000,0,0.0,0,0.0
EMP0442,2023-03,58000,0,0.0,0,0.0
EMP0442,2023-04,58000,0,0.0,0,0.0
EMP0442,2023-05,58000,0,0.0,0,0.0
EMP0442,2023-06,58000,21,11418.75,12,7800.0
EMP0442,2023-07,58000,0,0.0,0,0.0
EMP0442,2023-08,58000,0,0.0,0,0.0
EMP0442,2023-09,58000,24,13050.0,3,1950.0
EMP0442,2023-10,58000,0,0.0,0,0.0
EMP0442,2023-11,58000,0,0.0,0,0.0
EMP0442,2023-12,58000,23,12506.25,14,9100.0
EMP0443,2023-01,74000,0,0.0,4,2600.0
EMP0443,2023-02,74000,24,16650.0,0,0.0
EMP0443,2023-03,74000,20,13875.0,0,0.0
EMP0443,2023-04,74000,5,3468.75,0,0.0
EMP0443,2023-05,74000,0,0.0,11,7150.0
EMP0443,2023-06,74000,9,6243.75,0,0.0
EMP0443,2023-07,74000,0,0.0,0,0.0
EMP0443,2023-08,74000,14,9712.5,0,0.0
EMP0443,2023-09,74000,0,0.0,11,7150.0
EMP0443,2023-10,74000,25,17343.75,0,0.0
EMP0443,2023-11,74000,0,0.0,14,9100.0
EMP0443,2023-12,74000,0,0.0,0,0.0
EMP0444,2023-01,77500,0,0.0,0,0.0
EMP0444,2023-02,77500,0,0.0,0,0.0
EMP0444,2023-03,77500,0,0.0,0,0.0
EMP0444,2023-04,77500,25,18164.06,0,0.0
EMP0444,2023-05,77500,22,15984.38,0,0.0
EMP0444,2023-06,77500,24,17437.5,0,0.0
EMP0444,2023-07,77500,0,0.0,0,0.0
EMP0444,2023-08,77500,0,0.0,5,3250.0
EMP0444,2023-09,77500,0,0.0,0,0.0
EMP0444,2023-10,77500,0,0.0,16,10400.0
EMP0444,2023-11,77500,0,0.0,15,9750.0
EMP0444,2023-12,77500,0,0.0,0,0.0
EMP0445,2023-01,61500,0,0.0,16,10400.0
EMP0445,2023-02,61500,27,15567.19,0,0.0
EMP0445,2023-03,61500,10,5765.62,16,10400.0
EMP0445,2023-04,61500,27,15567.19,12,7800.0
EMP0445,2023-05,61500,0,0.0,0,0.0
EMP0445,2023-06,61500,0,0.0,0,0.0
EMP0445,2023-07,61500,0,0.0,4,2600.0
EMP0445,2023-08,61500,19,10954.69,0,0.0
EMP0445,2023-09,61500,8,4612.5,0,0.0
EMP0445,2023-10,61500,0,0.0,0,0.0
EMP0445,2023-11,61500,21,12107.81,0,0.0
EMP0445,2023-12,61500,0,0.0,0,0.0
EMP0446,2023-01,58000,9,4893.75,0,0.0
EMP0446,2023-02,58000,0,0.0,0,0.0
EMP0446,2023-03,58000,0,0.0,0,0.0
EMP0446,2023-04,58000,0,0.0,0,0.0
EMP0446,2023-05,58000,0,0.0,0,0.0
EMP0446,2023-06,58000,0,0.0,8,5200.0
EMP0446,2023-07,58000,0,0.0,0,0.0
EMP0446,2023-08,58000,0,0.0,0,0.0
EMP0446,2023-09,58000,0,0.0,0,0.0
EMP0446,2023-10,58000,0,0.0,2,1300.0
EMP0446,2023-11,58000,28,15225.0,6,3900.0
EMP0446,2023-12,58000,0,0.0,3,1950.0
EMP0447,2023-01,41000,0,0.0,7,4550.0
EMP0447,2023-02,41000,6,2306.25,0,0.0
EMP0447,2023-03,41000,0,0.0,6,3900.0
EMP0447,2023-04,41000,28,10762.5,0,0.0
EMP0447,2023-05,41000,27,10378.12,0,0.0
EMP0447,2023-06,41000,0,0.0,0,0.0
EMP0447,2023-07,41000,0,0.0,0,0.0
EMP0447,2023-08,41000,0,0.0,0,0.0
EMP0447,2023-09,41000,13,4996.88,0,0.0
EMP0447,2023-10,41000,0,0.0,7,4550.0
EMP0447,2023-11,41000,0,0.0,6,3900.0
EMP0447,2023-12,41000,13,4996.88,7,4550.0
EMP0448,2023-01,39500,0,0.0,0,0.0
EMP0448,2023-02,39500,0,0.0,0,0.0
EMP0448,2023-03,39500,0,0.0,0,0.0
EMP0448,2023-04,39500,26,9628.12,0,0.0
EMP0448,2023-05,39500,0,0.0,0,0.0
EMP0448,2023-06,39500,0,0.0,9,5850.0
EMP0448,2023-07,39500,0,0.0,0,0.0
EMP0448,2023-08,39500,0,0.0,0,0.0
EMP0448,2023-09,39500,0,0.0,0,0.0
EMP0448,2023-10,39500,0,0.0,3,1950.0
EMP0448,2023-11,39500,0,0.0,16,10400.0
EMP0448,2023-12,39500,27,9998.44,0,0.0
EMP0449,2023-01,44500,0,0.0,0,0.0
EMP0449,2023-02,44500,0,0.0,0,0.0
EMP0449,2023-03,44500,0,0.0,11,7150.0
EMP0449,2023-04,44500,8,3337.5,0,0.0
EMP0449,2023-05,44500,0,0.0,0,0.0
EMP0449,2023-06,44500,0,0.0,0,0.0
EMP0449,2023-07,44500,17,7092.19,0,0.0
EMP0449,2023-08,44500,0,0.0,0,0.0
EMP0449,2023-09,44500,8,3337.5,0,0.0
EMP0449,2023-10,44500,0,0.0,0,0.0
EMP0449,2023-11,44500,16,6675.0,0,0.0
EMP0449,2023-12,44500,0,0.0,0,0.0
EMP0450,2023-01,88000,0,0.0,8,5200.0
EMP0450,2023-02,88000,10,8250.0,4,2600.0
EMP0450,2023-03,88000,29,23925.0,0,0.0
EMP0450,2023-04,88000,0,0.0,0,0.0
EMP0450,2023-05,88000,29,23925.0,0,0.0
EMP0450,2023-06,88000,0,0.0,0,0.0
EMP0450,2023-07,88000,0,0.0,0,0.0
EMP0450,2023-08,88000,0,0.0,7,4550.0
EMP0450,2023-09,88000,12,9900.0,0,0.0
EMP0450,2023-10,88000,0,0.0,0,0.0
EMP0450,2023-11,88000,22,18150.0,0,0.0
EMP0450,2023-12,88000,22,18150.0,0,0.0
EMP0451,2023-01,43000,24,9675.0,11,7150.0
EMP0451,2023-02,43000,0,0.0,4,2600.0
EMP0451,2023-03,43000,23,9271.88,0,0.0
EMP0451,2023-04,43000,0,0.0,0,0.0
EMP0451,2023-05,43000,0,0.0,0,0.0
EMP0451,2023-06,43000,0,0.0,15,9750.0
EMP0451,2023-07,43000,0,0.0,0,0.0
EMP0451,2023-08,43000,0,0.0,0,0.0
EMP0451,2023-09,43000,0,0.0,0,0.0
EMP0451,2023-10,43000,15,6046.88,0,0.0
EMP0451,2023-11,43000,0,0.0,10,6500.0
EMP0451,2023-12,43000,30,12093.75,0,0.0
EMP0452,2023-01,88000,21,17325.0,11,7150.0
EMP0452,2023-02,88000,0,0.0,0,0.0
EMP0452,2023-03,88000,0,0.0,2,1300.0
EMP0452,2023-04,88000,0,0.0,0,0.0
EMP0452,2023-05,88000,0,0.0,6,3900.0
EMP0452,2023-06,88000,0,0.0,0,0.0
EMP0452,2023-07,88000,6,4950.0,0,0.0
EMP0452,2023-08,88000,0,0.0,8,5200.0
EMP0452,2023-09,88000,12,9900.0,0,0.0
EMP0452,2023-10,88000,0,0.0,0,0.0
EMP0452,2023-11,88000,0,0.0,0,0.0
EMP0452,2023-12,88000,8,6600.0,0,0.0
EMP0453,2023-01,69500,0,0.0,13,8450.0
EMP0453,2023-02,69500,0,0.0,0,0.0
EMP0453,2023-03,69500,0,0.0,0,0.0
EMP0453,2023-04,69500,16,10425.0,0,0.0
EMP0453,2023-05,69500,5,3257.81,0,0.0
EMP0453,2023-06,69500,0,0.0,0,0.0
EMP0453,2023-07,69500,0,0.0,0,0.0
EMP0453,2023-08,69500,0,0.0,0,0.0
EMP0453,2023-09,69500,25,16289.06,0,0.0
EMP0453,2023-10,69500,0,0.0,0,0.0
EMP0453,2023-11,69500,24,15637.5,0,0.0
EMP0453,2023-12,69500,0,0.0,0,0.0
EMP0454,2023-01,66500,0,0.0,16,10400.0
EMP0454,2023-02,66500,27,16832.81,0,0.0
EMP0454,2023-03,66500,0,0.0,0,0.0
EMP0454,2023-04,66500,6,3740.62,5,3250.0
EMP0454,2023-05,66500,0,0.0,13,8450.0
EMP0454,2023-06,66500,14,8728.12,0,0.0
EMP0454,2023-07,66500,0,0.0,0,0.0
EMP0454,2023-08,66500,23,14339.06,0,0.0
EMP0454,2023-09,66500,0,0.0,0,0.0
EMP0454,2023-10,66500,18,11221.88,0,0.0
EMP0454,2023-11,66500,0,0.0,0,0.0
EMP0454,2023-12,66500,14,8728.12,0,0.0
EMP0455,2023-01,57000,0,0.0,0,0.0
EMP0455,2023-02,57000,0,0.0,0,0.0
EMP0455,2023-03,57000,0,0.0,3,1950.0
EMP0455,2023-04,57000,0,0.0,0,0.0
EMP0455,2023-05,57000,0,0.0,0,0.0
EMP0455,2023-06,57000,0,0.0,5,3250.0
EMP0455,2023-07,57000,0,0.0,16,10400.0
EMP0455,2023-08,57000,0,0.0,9,5850.0
EMP0455,2023-09,57000,0,0.0,0,0.0
EMP0455,2023-10,57000,0,0.0,0,0.0
EMP0455,2023-11,57000,21,11221.88,0,0.0
EMP0455,2023-12,57000,0,0.0,15,9750.0
EMP0456,2023-01,35000,0,0.0,0,0.0
EMP0456,2023-02,35000,27,8859.38,0,0.0
EMP0456,2023-03,35000,0,0.0,12,7800.0
EMP0456,2023-04,35000,7,2296.88,0,0.0
EMP0456,2023-05,35000,17,5578.12,0,0.0
EMP0456,2023-06,35000,0,0.0,0,0.0
EMP0456,2023-07,35000,0,0.0,0,0.0
EMP0456,2023-08,35000,0,0.0,0,0.0
EMP0456,2023-09,35000,11,3609.38,0,0.0
EMP0456,2023-10,35000,16,5250.0,0,0.0
EMP0456,2023-11,35000,0,0.0,8,5200.0
EMP0456,2023-12,35000,6,1968.75,2,1300.0
EMP0457,2023-01,61500,5,2882.81,0,0.0
EMP0457,2023-02,61500,0,0.0,0,0.0
EMP0457,2023-03,61500,17,9801.56,0,0.0
EMP0457,2023-04,61500,0,0.0,0,0.0
EMP0457,2023-05,61500,4,2306.25,10,6500.0
EMP0457,2023-06,61500,0,0.0,15,9750.0
EMP0457,2023-07,61500,23,13260.94,0,0.0
EMP0457,2023-08,61500,24,13837.5,0,0.0
EMP0457,2023-09,61500,0,0.0,0,0.0
EMP0457,2023-10,61500,0,0.0,3,1950.0
EMP0457,2023-11,61500,0,0.0,2,1300.0
EMP0457,2023-12,61500,0,0.0,3,1950.0
EMP0458,2023-01,60000,0,0.0,0,0.0
EMP0458,2023-02,60000,0,0.0,0,0.0
EMP0458,2023-03,60000,27,15187.5,15,9750.0
EMP0458,2023-04,60000,0,0.0,0,0.0
EMP0458,2023-05,60000,17,9562.5,0,0.0
EMP0458,2023-06,60000,12,6750.0,0,0.0
EMP0458,2023-07,60000,16,9000.0,0,0.0
EMP0458,2023-08,60000,0,0.0,12,7800.0
EMP0458,2023-09,60000,0,0.0,16,10400.0
EMP0458,2023-10,60000,0,0.0,13,8450.0
EMP0458,2023-11,60000,0,0.0,0,0.0
EMP0458,2023-12,60000,0,0.0,0,0.0
EMP0459,2023-01,42500,27,10757.81,0,0.0
EMP0459,2023-02,42500,0,0.0,0,0.0
EMP0459,2023-03,42500,0,0.0,0,0.0
EMP0459,2023-04,42500,0,0.0,0,0.0
EMP0459,2023-05,42500,0,0.0,0,0.0
EMP0459,2023-06,42500,0,0.0,0,0.0
EMP0459,2023-07,42500,11,4382.81,0,0.0
EMP0459,2023-08,42500,7,2789.06,12,7800.0
EMP0459,2023-09,42500,11,4382.81,0,0.0
EMP0459,2023-10,42500,0,0.0,0,0.0
EMP0459,2023-11,42500,22,8765.62,0,0.0
EMP0459,2023-12,42500,10,3984.38,0,0.0
EMP0460,2023-01,45000,22,9281.25,0,0.0
EMP0460,2023-02,45000,23,9703.12,3,1950.0
EMP0460,2023-03,45000,0,0.0,0,0.0
EMP0460,2023-04,45000,0,0.0,0,0.0
EMP0460,2023-05,45000,28,11812.5,0,0.0
EMP0460,2023-06,45000,0,0.0,2,1300.0
EMP0460,2023-07,45000,18,7593.75,0,0.0
EMP0460,2023-08,45000,0,0.0,0,0.0
EMP0460,2023-09,45000,28,11812.5,0,0.0
EMP0460,2023-10,45000,4,1687.5,0,0.0
EMP0460,2023-11,45000,13,5484.38,11,7150.0
EMP0460,2023-12,45000,0,0.0,0,0.0
EMP0461,2023-01,74000,0,0.0,8,5200.0
EMP0461,2023-02,74000,0,0.0,3,1950.0
EMP0461,2023-03,74000,30,20812.5,14,9100.0
EMP0461,2023-04,74000,14,9712.5,13,8450.0
EMP0461,2023-05,74000,0,0.0,11,7150.0
EMP0461,2023-06,74000,0,0.0,0,0.0
EMP0461,2023-07,74000,7,4856.25,0,0.0
EMP0461,2023-08,74000,8,5550.0,0,0.0
EMP0461,2023-09,74000,4,2775.0,0,0.0
EMP0461,2023-10,74000,0,0.0,0,0.0
EMP0461,2023-11,74000,0,0.0,0,0.0
EMP0461,2023-12,74000,0,0.0,0,0.0
EMP0462,2023-01,59500,4,2231.25,0,0.0
EMP0462,2023-02,59500,0,0.0,4,2600.0
EMP0462,2023-03,59500,0,0.0,12,7800.0
EMP0462,2023-04,59500,0,0.0,6,3900.0
EMP0462,2023-05,59500,0,0.0,7,4550.0
EMP0462,2023-06,59500,18,10040.62,0,0.0
EMP0462,2023-07,59500,10,5578.12,0,0.0
EMP0462,2023-08,59500,0,0.0,13,8450.0
EMP0462,2023-09,59500,0,0.0,0,0.0
EMP0462,2023-10,59500,0,0.0,12,7800.0
EMP0462,2023-11,59500,14,7809.38,15,9750.0
EMP0462,2023-12,59500,12,6693.75,0,0.0
EMP0463,2023-01,102500,24,23062.5,0,0.0
EMP0463,2023-02,102500,0,0.0,0,0.0
EMP0463,2023-03,102500,0,0.0,0,0.0
EMP0463,2023-04,102500,0,0.0,8,5200.0
EMP0463,2023-05,102500,0,0.0,0,0.0
EMP0463,2023-06,102500,0,0.0,0,0.0
EMP0463,2023-07,102500,0,0.0,15,9750.0
EMP0463,2023-08,102500,0,0.0,0,0.0
EMP0463,2023-09,102500,15,14414.06,0,0.0
EMP0463,2023-10,102500,0,0.0,14,9100.0
EMP0463,2023-11,102500,0,0.0,0,0.0
EMP0463,2023-12,102500,0,0.0,0,0.0
EMP0464,2023-01,63000,0,0.0,7,4550.0
EMP0464,2023-02,63000,0,0.0,6,3900.0
EMP0464,2023-03,63000,4,2362.5,0,0.0
EMP0464,2023-04,63000,0,0.0,4,2600.0
EMP0464,2023-05,63000,22,12993.75,0,0.0
EMP0464,2023-06,63000,5,2953.12,0,0.0
EMP0464,2023-07,63000,0,0.0,14,9100.0
EMP0464,2023-08,63000,0,0.0,0,0.0
EMP0464,2023-09,63000,0,0.0,4,2600.0
EMP0464,2023-10,63000,0,0.0,0,0.0
EMP0464,2023-11,63000,13,7678.12,4,2600.0
EMP0464,2023-12,63000,0,0.0,7,4550.0
EMP0465,2023-01,52500,0,0.0,0,0.0
EMP0465,2023-02,52500,20,9843.75,0,0.0
EMP0465,2023-03,52500,13,6398.44,0,0.0
EMP0465,2023-04,52500,21,10335.94,14,9100.0
EMP0465,2023-05,52500,0,0.0,12,7800.0
EMP0465,2023-06,52500,0,0.0,0,0.0
EMP0465,2023-07,52500,0,0.0,8,5200.0
EMP0465,2023-08,52500,24,11812.5,8,5200.0
EMP0465,2023-09,52500,28,13781.25,0,0.0
EMP0465,2023-10,52500,15,7382.81,0,0.0
EMP0465,2023-11,52500,24,11812.5,0,0.0
EMP0465,2023-12,52500,0,0.0,0,0.0
EMP0466,2023-01,78000,23,16818.75,0,0.0
EMP0466,2023-02,78000,0,0.0,0,0.0
EMP0466,2023-03,78000,9,6581.25,0,0.0
EMP0466,2023-04,78000,0,0.0,0,0.0
EMP0466,2023-05,78000,25,18281.25,10,6500.0
EMP0466,2023-06,78000,0,0.0,0,0.0
EMP0466,2023-07,78000,0,0.0,8,5200.0
EMP0466,2023-08,78000,0,0.0,2,1300.0
EMP0466,2023-09,78000,23,16818.75,0,0.0
EMP0466,2023-10,78000,0,0.0,0,0.0
EMP0466,2023-11,78000,0,0.0,0,0.0
EMP0466,2023-12,78000,0,0.0,0,0.0
EMP0467,2023-01,64500,4,2418.75,0,0.0
EMP0467,2023-02,64500,14,8465.62,0,0.0
EMP0467,2023-03,64500,0,0.0,0,0.0
EMP0467,2023-04,64500,0,0.0,0,0.0
EMP0467,2023-05,64500,0,0.0,5,3250.0
EMP0467,2023-06,64500,6,3628.12,7,4550.0
EMP0467,2023-07,64500,5,3023.44,0,0.0
EMP0467,2023-08,64500,0,0.0,0,0.0
EMP0467,2023-09,64500,0,0.0,0,0.0
EMP0467,2023-10,64500,0,0.0,12,7800.0
EMP0467,2023-11,64500,11,6651.56,0,0.0
EMP0467,2023-12,64500,0,0.0,0,0.0
EMP0468,2023-01,36500,0,0.0,0,0.0
EMP0468,2023-02,36500,0,0.0,0,0.0
EMP0468,2023-03,36500,0,0.0,0,0.0
EMP0468,2023-04,36500,25,8554.69,0,0.0
EMP0468,2023-05,36500,0,0.0,0,0.0
EMP0468,2023-06,36500,14,4790.62,0,0.0
EMP0468,2023-07,36500,11,3764.06,6,3900.0
EMP0468,2023-08,36500,0,0.0,0,0.0
EMP0468,2023-09,36500,0,0.0,0,0.0
EMP0468,2023-10,36500,11,3764.06,0,0.0
EMP0468,2023-11,36500,0,0.0,2,1300.0
EMP0468,2023-12,36500,8,2737.5,4,2600.0
EMP0469,2023-01,86000,9,7256.25,0,0.0
EMP0469,2023-02,86000,0,0.0,15,9750.0
EMP0469,2023-03,86000,0,0.0,11,7150.0
EMP0469,2023-04,86000,23,18543.75,0,0.0
EMP0469,2023-05,86000,0,0.0,0,0.0
EMP0469,2023-06,86000,0,0.0,2,1300.0
EMP0469,2023-07,86000,6,4837.5,0,0.0
EMP0469,2023-08,86000,0,0.0,7,4550.0
EMP0469,2023-09,86000,5,4031.25,0,0.0
EMP0469,2023-10,86000,0,0.0,4,2600.0
EMP0469,2023-11,86000,0,0.0,0,0.0
EMP0469,2023-12,86000,6,4837.5,8,5200.0
EMP0470,2023-01,40000,6,2250.0,0,0.0
EMP0470,2023-02,40000,0,0.0,0,0.0
EMP0470,2023-03,40000,26,9750.0,0,0.0
EMP0470,2023-04,40000,4,1500.0,0,0.0
EMP0470,2023-05,40000,0,0.0,14,9100.0
EMP0470,2023-06,40000,0,0.0,0,0.0
EMP0470,2023-07,40000,0,0.0,0,0.0
EMP0470,2023-08,40000,22,8250.0,15,9750.0
EMP0470,2023-09,40000,13,4875.0,13,8450.0
EMP0470,2023-10,40000,0,0.0,0,0.0
EMP0470,2023-11,40000,24,9000.0,4,2600.0
EMP0470,2023-12,40000,0,0.0,0,0.0
EMP0471,2023-01,78500,0,0.0,12,7800.0
EMP0471,2023-02,78500,10,7359.38,0,0.0
EMP0471,2023-03,78500,0,0.0,0,0.0
EMP0471,2023-04,78500,0,0.0,8,5200.0
EMP0471,2023-05,78500,0,0.0,0,0.0
EMP0471,2023-06,78500,0,0.0,0,0.0
EMP0471,2023-07,78500,22,16190.62,0,0.0
EMP0471,2023-08,78500,0,0.0,5,3250.0
EMP0471,2023-09,78500,17,12510.94,9,5850.0
EMP0471,2023-10,78500,17,12510.94,0,0.0
EMP0471,2023-11,78500,17,12510.94,0,0.0
EMP0471,2023-12,78500,16,11775.0,6,3900.0
EMP0472,2023-01,61500,28,16143.75,9,5850.0
EMP0472,2023-02,61500,0,0.0,0,0.0
EMP0472,2023-03,61500,0,0.0,0,0.0
EMP0472,2023-04,61500,0,0.0,0,0.0
EMP0472,2023-05,61500,28,16143.75,0,0.0
EMP0472,2023-06,61500,20,11531.25,0,0.0
EMP0472,2023-07,61500,0,0.0,0,0.0
EMP0472,2023-08,61500,0,0.0,0,0.0
EMP0472,2023-09,61500,13,7495.31,0,0.0
EMP0472,2023-10,61500,28,16143.75,0,0.0
EMP0472,2023-11,61500,0,0.0,4,2600.0
EMP0472,2023-12,61500,16,9225.0,0,0.0
EMP0473,2023-01,76000,0,0.0,14,9100.0
EMP0473,2023-02,76000,0,0.0,0,0.0
EMP0473,2023-03,76000,0,0.0,0,0.0
EMP0473,2023-04,76000,0,0.0,0,0.0
EMP0473,2023-05,76000,16,11400.0,0,0.0
EMP0473,2023-06,76000,0,0.0,0,0.0
EMP0473,2023-07,76000,0,0.0,0,0.0
EMP0473,2023-08,76000,15,10687.5,15,9750.0
EMP0473,2023-09,76000,13,9262.5,15,9750.0
EMP0473,2023-10,76000,23,16387.5,0,0.0
EMP0473,2023-11,76000,15,10687.5,7,4550.0
EMP0473,2023-12,76000,6,4275.0,0,0.0
EMP0474,2023-01,44000,10,4125.0,7,4550.0
EMP0474,2023-02,44000,23,9487.5,0,0.0
EMP0474,2023-03,44000,27,11137.5,6,3900.0
EMP0474,2023-04,44000,25,10312.5,0,0.0
EMP0474,2023-05,44000,27,11137.5,0,0.0
EMP0474,2023-06,44000,0,0.0,0,0.0
EMP0474,2023-07,44000,28,11550.0,0,0.0
EMP0474,2023-08,44000,0,0.0,0,0.0
EMP0474,2023-09,44000,7,2887.5,0,0.0
EMP0474,2023-10,44000,0,0.0,0,0.0
EMP0474,2023-11,44000,17,7012.5,0,0.0
EMP0474,2023-12,44000,0,0.0,0,0.0
EMP0475,2023-01,46000,0,0.0,16,10400.0
EMP0475,2023-02,46000,0,0.0,0,0.0
EMP0475,2023-03,46000,0,0.0,10,6500.0
EMP0475,2023-04,46000,0,0.0,0,0.0
EMP0475,2023-05,46000,0,0.0,14,9100.0
EMP0475,2023-06,46000,0,0.0,0,0.0
EMP0475,2023-07,46000,0,0.0,0,0.0
EMP0475,2023-08,46000,0,0.0,0,0.0
EMP0475,2023-09,46000,0,0.0,0,0.0
EMP0475,2023-10,46000,29,12506.25,5,3250.0
EMP0475,2023-11,46000,26,11212.5,0,0.0
EMP0475,2023-12,46000,28,12075.0,0,0.0
EMP0476,2023-01,48000,0,0.0,0,0.0
EMP0476,2023-02,48000,8,3600.0,0,0.0
EMP0476,2023-03,48000,19,8550.0,0,0.0
EMP0476,2023-04,48000,25,11250.0,0,0.0
EMP0476,2023-05,48000,11,4950.0,14,9100.0
EMP0476,2023-06,48000,0,0.0,0,0.0
EMP0476,2023-07,48000,16,7200.0,0,0.0
EMP0476,2023-08,48000,0,0.0,0,0.0
EMP0476,2023-09,48000,29,13050.0,0,0.0
EMP0476,2023-10,48000,13,5850.0,0,0.0
EMP0476,2023-11,48000,0,0.0,0,0.0
EMP0476,2023-12,48000,0,0.0,0,0.0
EMP0477,2023-01,52500,0,0.0,0,0.0
EMP0477,2023-02,52500,23,11320.31,0,0.0
EMP0477,2023-03,52500,29,14273.44,12,7800.0
EMP0477,2023-04,52500,8,3937.5,0,0.0
EMP0477,2023-05,52500,0,0.0,12,7800.0
EMP0477,2023-06,52500,21,10335.94,0,0.0
EMP0477,2023-07,52500,14,6890.62,0,0.0
EMP0477,2023-08,52500,8,3937.5,0,0.0
EMP0477,2023-09,52500,0,0.0,0,0.0
EMP0477,2023-10,52500,25,12304.69,14,9100.0
EMP0477,2023-11,52500,0,0.0,12,7800.0
EMP0477,2023-12,52500,0,0.0,16,10400.0
EMP0478,2023-01,63000,18,10631.25,0,0.0
EMP0478,2023-02,63000,0,0.0,10,6500.0
EMP0478,2023-03,63000,0,0.0,0,0.0
EMP0478,2023-04,63000,25,14765.62,0,0.0
EMP0478,2023-05,63000,0,0.0,0,0.0
EMP0478,2023-06,63000,20,11812.5,13,8450.0
EMP0478,2023-07,63000,0,0.0,7,4550.0
EMP0478,2023-08,63000,28,16537.5,3,1950.0
EMP0478,2023-09,63000,7,4134.38,0,0.0
EMP0478,2023-10,63000,0,0.0,0,0.0
EMP0478,2023-11,63000,0,0.0,0,0.0
EMP0478,2023-12,63000,0,0.0,0,0.0
EMP0479,2023-01,46500,24,10462.5,12,7800.0
EMP0479,2023-02,46500,0,0.0,0,0.0
EMP0479,2023-03,46500,0,0.0,5,3250.0
EMP0479,2023-04,46500,0,0.0,7,4550.0
EMP0479,2023-05,46500,14,6103.12,0,0.0
EMP0479,2023-06,46500,0,0.0,0,0.0
EMP0479,2023-07,46500,0,0.0,7,4550.0
EMP0479,2023-08,46500,13,5667.19,0,0.0
EMP0479,2023-09,46500,0,0.0,0,0.0
EMP0479,2023-10,46500,0,0.0,15,9750.0
EMP0479,2023-11,46500,0,0.0,0,0.0
EMP0479,2023-12,46500,0,0.0,0,0.0
EMP0480,2023-01,80500,0,0.0,0,0.0
EMP0480,2023-02,80500,5,3773.44,0,0.0
EMP0480,2023-03,80500,9,6792.19,0,0.0
EMP0480,2023-04,80500,0,0.0,13,8450.0
EMP0480,2023-05,80500,5,3773.44,0,0.0
EMP0480,2023-06,80500,0,0.0,0,0.0
EMP0480,2023-07,80500,14,10565.62,0,0.0
EMP0480,2023-08,80500,0,0.0,0,0.0
EMP0480,2023-09,80500,0,0.0,16,10400.0
EMP0480,2023-10,80500,0,0.0,0,0.0
EMP0480,2023-11,80500,0,0.0,9,5850.0
EMP0480,2023-12,80500,0,0.0,0,0.0
EMP0481,2023-01,58000,0,0.0,0,0.0
EMP0481,2023-02,58000,10,5437.5,0,0.0
EMP0481,2023-03,58000,9,4893.75,0,0.0
EMP0481,2023-04,58000,16,8700.0,0,0.0
EMP0481,2023-05,58000,0,0.0,0,0.0
EMP0481,2023-06,58000,0,0.0,0,0.0
EMP0481,2023-07,58000,0,0.0,0,0.0
EMP0481,2023-08,58000,15,8156.25,0,0.0
EMP0481,2023-09,58000,0,0.0,0,0.0
EMP0481,2023-10,58000,4,2175.0,0,0.0
EMP0481,2023-11,58000,0,0.0,0,0.0
EMP0481,2023-12,58000,0,0.0,0,0.0
EMP0482,2023-01,48000,0,0.0,0,0.0
EMP0482,2023-02,48000,0,0.0,0,0.0
EMP0482,2023-03,48000,0,0.0,15,9750.0
EMP0482,2023-04,48000,7,3150.0,0,0.0
EMP0482,2023-05,48000,20,9000.0,0,0.0
EMP0482,2023-06,48000,0,0.0,0,0.0
EMP0482,2023-07,48000,0,0.0,0,0.0
EMP0482,2023-08,48000,0,0.0,6,3900.0
EMP0482,2023-09,48000,0,0.0,0,0.0
EMP0482,2023-10,48000,21,9450.0,10,6500.0
EMP0482,2023-11,48000,0,0.0,0,0.0
EMP0482,2023-12,48000,0,0.0,0,0.0
EMP0483,2023-01,46500,30,13078.12,0,0.0
EMP0483,2023-02,46500,0,0.0,0,0.0
EMP0483,2023-03,46500,0,0.0,0,0.0
EMP0483,2023-04,46500,0,0.0,4,2600.0
EMP0483,2023-05,46500,17,7410.94,15,9750.0
EMP0483,2023-06,46500,29,12642.19,0,0.0
EMP0483,2023-07,46500,0,0.0,0,0.0
EMP0483,2023-08,46500,27,11770.31,10,6500.0
EMP0483,2023-09,46500,26,11334.38,15,9750.0
EMP0483,2023-10,46500,20,8718.75,0,0.0
EMP0483,2023-11,46500,0,0.0,0,0.0
EMP0483,2023-12,46500,0,0.0,0,0.0
EMP0484,2023-01,77500,0,0.0,0,0.0
EMP0484,2023-02,77500,13,9445.31,0,0.0
EMP0484,2023-03,77500,21,15257.81,0,0.0
EMP0484,2023-04,77500,18,13078.12,0,0.0
EMP0484,2023-05,77500,21,15257.81,0,0.0
EMP0484,2023-06,77500,0,0.0,14,9100.0
EMP0484,2023-07,77500,14,10171.88,0,0.0
EMP0484,2023-08,77500,12,8718.75,9,5850.0
EMP0484,2023-09,77500,0,0.0,0,0.0
EMP0484,2023-10,77500,19,13804.69,3,1950.0
EMP0484,2023-11,77500,0,0.0,0,0.0
EMP0484,2023-12,77500,0,0.0,0,0.0
EMP0485,2023-01,96500,0,0.0,0,0.0
EMP0485,2023-02,96500,27,24426.56,15,9750.0
EMP0485,2023-03,96500,0,0.0,0,0.0
EMP0485,2023-04,96500,4,3618.75,0,0.0
EMP0485,2023-05,96500,0,0.0,0,0.0
EMP0485,2023-06,96500,0,0.0,0,0.0
EMP0485,2023-07,96500,15,13570.31,0,0.0
EMP0485,2023-08,96500,0,0.0,0,0.0
EMP0485,2023-09,96500,0,0.0,0,0.0
EMP0485,2023-10,96500,26,23521.88,0,0.0
EMP0485,2023-11,96500,8,7237.5,2,1300.0
EMP0485,2023-12,96500,0,0.0,0,0.0
EMP0486,2023-01,51000,0,0.0,0,0.0
EMP0486,2023-02,51000,0,0.0,0,0.0
EMP0486,2023-03,51000,17,8128.12,11,7150.0
EMP0486,2023-04,51000,0,0.0,0,0.0
EMP0486,2023-05,51000,0,0.0,0,0.0
EMP0486,2023-06,51000,0,0.0,6,3900.0
EMP0486,2023-07,51000,7,3346.88,0,0.0
EMP0486,2023-08,51000,0,0.0,0,0.0
EMP0486,2023-09,51000,0,0.0,0,0.0
EMP0486,2023-10,51000,16,7650.0,0,0.0
EMP0486,2023-11,51000,0,0.0,0,0.0
EMP0486,2023-12,51000,30,14343.75,0,0.0
EMP0487,2023-01,57000,0,0.0,0,0.0
EMP0487,2023-02,57000,0,0.0,5,3250.0
EMP0487,2023-03,57000,0,0.0,10,6500.0
EMP0487,2023-04,57000,0,0.0,0,0.0
EMP0487,2023-05,57000,30,16031.25,0,0.0
EMP0487,2023-06,57000,0,0.0,11,7150.0
EMP0487,2023-07,57000,0,0.0,0,0.0
EMP0487,2023-08,57000,0,0.0,0,0.0
EMP0487,2023-09,57000,0,0.0,0,0.0
EMP0487,2023-10,57000,0,0.0,0,0.0
EMP0487,2023-11,57000,19,10153.12,0,0.0
EMP0487,2023-12,57000,4,2137.5,0,0.0
EMP0488,2023-01,73500,4,2756.25,11,7150.0
EMP0488,2023-02,73500,20,13781.25,0,0.0
EMP0488,2023-03,73500,0,0.0,0,0.0
EMP0488,2023-04,73500,0,0.0,0,0.0
EMP0488,2023-05,73500,0,0.0,0,0.0
EMP0488,2023-06,73500,0,0.0,3,1950.0
EMP0488,2023-07,73500,0,0.0,0,0.0
EMP0488,2023-08,73500,0,0.0,0,0.0
EMP0488,2023-09,73500,0,0.0,0,0.0
EMP0488,2023-10,73500,7,4823.44,0,0.0
EMP0488,2023-11,73500,20,13781.25,0,0.0
EMP0488,2023-12,73500,0,0.0,16,10400.0
EMP0489,2023-01,52000,0,0.0,0,0.0
EMP0489,2023-02,52000,12,5850.0,0,0.0
EMP0489,2023-03,52000,0,0.0,9,5850.0
EMP0489,2023-04,52000,0,0.0,0,0.0
EMP0489,2023-05,52000,15,7312.5,15,9750.0
EMP0489,2023-06,52000,0,0.0,8,5200.0
EMP0489,2023-07,52000,0,0.0,0,0.0
EMP0489,2023-08,52000,0,0.0,16,10400.0
EMP0489,2023-09,52000,0,0.0,5,3250.0
EMP0489,2023-10,52000,12,5850.0,0,0.0
EMP0489,2023-11,52000,30,14625.0,0,0.0
EMP0489,2023-12,52000,26,12675.0,0,0.0
EMP0490,2023-01,87500,29,23789.06,0,0.0
EMP0490,2023-02,87500,12,9843.75,0,0.0
EMP0490,2023-03,87500,14,11484.38,15,9750.0
EMP0490,2023-04,87500,0,0.0,0,0.0
EMP0490,2023-05,87500,0,0.0,0,0.0
EMP0490,2023-06,87500,0,0.0,16,10400.0
EMP0490,2023-07,87500,20,16406.25,0,0.0
EMP0490,2023-08,87500,7,5742.19,0,0.0
EMP0490,2023-09,87500,0,0.0,10,6500.0
EMP0490,2023-10,87500,0,0.0,12,7800.0
EMP0490,2023-11,87500,0,0.0,0,0.0
EMP0490,2023-12,87500,0,0.0,13,8450.0
EMP0491,2023-01,41500,13,5057.81,15,9750.0
EMP0491,2023-02,41500,28,10893.75,0,0.0
EMP0491,2023-03,41500,15,5835.94,0,0.0
EMP0491,2023-04,41500,5,1945.31,0,0.0
EMP0491,2023-05,41500,7,2723.44,0,0.0
EMP0491,2023-06,41500,0,0.0,0,0.0
EMP0491,2023-07,41500,20,7781.25,0,0.0
EMP0491,2023-08,41500,19,7392.19,16,10400.0
EMP0491,2023-09,41500,30,11671.88,0,0.0
EMP0491,2023-10,41500,22,8559.38,0,0.0
EMP0491,2023-11,41500,4,1556.25,9,5850.0
EMP0491,2023-12,41500,24,9337.5,0,0.0
EMP0492,2023-01,45000,0,0.0,2,1300.0
EMP0492,2023-02,45000,0,0.0,0,0.0
EMP0492,2023-03,45000,0,0.0,0,0.0
EMP0492,2023-04,45000,0,0.0,0,0.0
EMP0492,2023-05,45000,16,6750.0,0,0.0
EMP0492,2023-06,45000,0,0.0,0,0.0
EMP0492,2023-07,45000,10,4218.75,11,7150.0
EMP0492,2023-08,45000,0,0.0,3,1950.0
EMP0492,2023-09,45000,0,0.0,0,0.0
EMP0492,2023-10,45000,6,2531.25,0,0.0
EMP0492,2023-11,45000,0,0.0,16,10400.0
EMP0492,2023-12,45000,5,2109.38,0,0.0
EMP0493,2023-01,66000,0,0.0,0,0.0
EMP0493,2023-02,66000,10,6187.5,0,0.0
EMP0493,2023-03,66000,0,0.0,0,0.0
EMP0493,2023-04,66000,6,3712.5,0,0.0
EMP0493,2023-05,66000,20,12375.0,5,3250.0
EMP0493,2023-06,66000,29,17943.75,0,0.0
EMP0493,2023-07,66000,17,10518.75,10,6500.0
EMP0493,2023-08,66000,11,6806.25,7,4550.0
EMP0493,2023-09,66000,0,0.0,0,0.0
EMP0493,2023-10,66000,8,4950.0,7,4550.0
EMP0493,2023-11,66000,0,0.0,0,0.0
EMP0493,2023-12,66000,0,0.0,0,0.0
EMP0494,2023-01,53500,0,0.0,0,0.0
EMP0494,2023-02,53500,0,0.0,0,0.0
EMP0494,2023-03,53500,26,13040.62,0,0.0
EMP0494,2023-04,53500,0,0.0,0,0.0
EMP0494,2023-05,53500,0,0.0,0,0.0
EMP0494,2023-06,53500,18,9028.12,0,0.0
EMP0494,2023-07,53500,0,0.0,0,0.0
EMP0494,2023-08,53500,20,10031.25,0,0.0
EMP0494,2023-09,53500,18,9028.12,0,0.0
EMP0494,2023-10,53500,27,13542.19,15,9750.0
EMP0494,2023-11,53500,18,9028.12,13,8450.0
EMP0494,2023-12,53500,0,0.0,0,0.0
EMP0495,2023-01,43500,0,0.0,0,0.0
EMP0495,2023-02,43500,18,7340.62,0,0.0
EMP0495,2023-03,43500,22,8971.88,0,0.0
EMP0495,2023-04,43500,17,6932.81,0,0.0
EMP0495,2023-05,43500,14,5709.38,0,0.0
EMP0495,2023-06,43500,0,0.0,9,5850.0
EMP0495,2023-07,43500,0,0.0,0,0.0
EMP0495,2023-08,43500,18,7340.62,0,0.0
EMP0495,2023-09,43500,0,0.0,0,0.0
EMP0495,2023-10,43500,21,8564.06,0,0.0
EMP0495,2023-11,43500,7,2854.69,16,10400.0
EMP0495,2023-12,43500,0,0.0,14,9100.0
EMP0496,2023-01,64500,29,17535.94,6,3900.0
EMP0496,2023-02,64500,0,0.0,16,10400.0
EMP0496,2023-03,64500,0,0.0,0,0.0
EMP0496,2023-04,64500,0,0.0,0,0.0
EMP0496,2023-05,64500,22,13303.12,3,1950.0
EMP0496,2023-06,64500,21,12698.44,0,0.0
EMP0496,2023-07,64500,0,0.0,8,5200.0
EMP0496,2023-08,64500,17,10279.69,0,0.0
EMP0496,2023-09,64500,0,0.0,6,3900.0
EMP0496,2023-10,64500,0,0.0,13,8450.0
EMP0496,2023-11,64500,0,0.0,0,0.0
EMP0496,2023-12,64500,0,0.0,0,0.0
EMP0497,2023-01,55000,10,5156.25,9,5850.0
EMP0497,2023-02,55000,0,0.0,12,7800.0
EMP0497,2023-03,55000,24,12375.0,0,0.0
EMP0497,2023-04,55000,0,0.0,5,3250.0
EMP0497,2023-05,55000,0,0.0,13,8450.0
EMP0497,2023-06,55000,30,15468.75,0,0.0
EMP0497,2023-07,55000,0,0.0,7,4550.0
EMP0497,2023-08,55000,0,0.0,0,0.0
EMP0497,2023-09,55000,0,0.0,10,6500.0
EMP0497,2023-10,55000,0,0.0,0,0.0
EMP0497,2023-11,55000,0,0.0,0,0.0
EMP0497,2023-12,55000,23,11859.38,14,9100.0
EMP0498,2023-01,51500,4,1931.25,0,0.0
EMP0498,2023-02,51500,0,0.0,0,0.0
EMP0498,2023-03,51500,0,0.0,6,3900.0
EMP0498,2023-04,51500,29,14001.56,0,0.0
EMP0498,2023-05,51500,0,0.0,0,0.0
EMP0498,2023-06,51500,19,9173.44,0,0.0
EMP0498,2023-07,51500,27,13035.94,0,0.0
EMP0498,2023-08,51500,0,0.0,0,0.0
EMP0498,2023-09,51500,0,0.0,0,0.0
EMP0498,2023-10,51500,0,0.0,0,0.0
EMP0498,2023-11,51500,12,5793.75,6,3900.0
EMP0498,2023-12,51500,29,14001.56,0,0.0
EMP0499,2023-01,52500,9,4429.69,0,0.0
EMP0499,2023-02,52500,0,0.0,2,1300.0
EMP0499,2023-03,52500,0,0.0,0,0.0
EMP0499,2023-04,52500,0,0.0,0,0.0
EMP0499,2023-05,52500,22,10828.12,12,7800.0
EMP0499,2023-06,52500,0,0.0,8,5200.0
EMP0499,2023-07,52500,0,0.0,0,0.0
EMP0499,2023-08,52500,0,0.0,0,0.0
EMP0499,2023-09,52500,0,0.0,16,10400.0
EMP0499,2023-10,52500,18,8859.38,0,0.0
EMP0499,2023-11,52500,0,0.0,0,0.0
EMP0499,2023-12,52500,0,0.0,0,0.0
EMP0500,2023-01,58000,0,0.0,0,0.0
EMP0500,2023-02,58000,13,7068.75,0,0.0
EMP0500,2023-03,58000,0,0.0,0,0.0
EMP0500,2023-04,58000,0,0.0,0,0.0
EMP0500,2023-05,58000,10,5437.5,0,0.0
EMP0500,2023-06,58000,0,0.0,0,0.0
EMP0500,2023-07,58000,26,14137.5,5,3250.0
EMP0500,2023-08,58000,0,0.0,0,0.0
EMP0500,2023-09,58000,0,0.0,0,0.0
EMP0500,2023-10,58000,0,0.0,0,0.0
EMP0500,2023-11,58000,0,0.0,0,0.0
EMP0500,2023-12,58000,18,9787.5,0,0.0
